ID,resname,resid,x_1,y_1,z_1,x_2,y_2,z_2,x_3,y_3,z_3,x_4,y_4,z_4,x_5,y_5,z_5
R1107_1,G,1,0.03463709354400635,0.0576765313744545,0.044351428747177124,0.03463709354400635,0.0576765313744545,0.044351428747177124,0.03463709354400635,0.0576765313744545,0.044351428747177124,0.03463709354400635,0.0576765313744545,0.044351428747177124,0.03463709354400635,0.0576765313744545,0.044351428747177124
R1107_2,G,2,0.03746742010116577,0.0745914950966835,0.04264397174119949,0.03746742010116577,0.0745914950966835,0.04264397174119949,0.03746742010116577,0.0745914950966835,0.04264397174119949,0.03746742010116577,0.0745914950966835,0.04264397174119949,0.03746742010116577,0.0745914950966835,0.04264397174119949
R1107_3,G,3,0.04166511818766594,0.07159401476383209,0.04597914218902588,0.04166511818766594,0.07159401476383209,0.04597914218902588,0.04166511818766594,0.07159401476383209,0.04597914218902588,0.04166511818766594,0.07159401476383209,0.04597914218902588,0.04166511818766594,0.07159401476383209,0.04597914218902588
R1107_4,G,4,0.05424473434686661,0.04496602714061737,0.04498431086540222,0.05424473434686661,0.04496602714061737,0.04498431086540222,0.05424473434686661,0.04496602714061737,0.04498431086540222,0.05424473434686661,0.04496602714061737,0.04498431086540222,0.05424473434686661,0.04496602714061737,0.04498431086540222
R1107_5,G,5,0.06505671888589859,0.015573736280202866,0.04152212291955948,0.06505671888589859,0.015573736280202866,0.04152212291955948,0.06505671888589859,0.015573736280202866,0.04152212291955948,0.06505671888589859,0.015573736280202866,0.04152212291955948,0.06505671888589859,0.015573736280202866,0.04152212291955948
R1107_6,C,6,0.0650191381573677,-0.010884253308176994,0.052509114146232605,0.0650191381573677,-0.010884253308176994,0.052509114146232605,0.0650191381573677,-0.010884253308176994,0.052509114146232605,0.0650191381573677,-0.010884253308176994,0.052509114146232605,0.0650191381573677,-0.010884253308176994,0.052509114146232605
R1107_7,C,7,0.06526131182909012,0.0068358080461621284,0.057702794671058655,0.06526131182909012,0.0068358080461621284,0.057702794671058655,0.06526131182909012,0.0068358080461621284,0.057702794671058655,0.06526131182909012,0.0068358080461621284,0.057702794671058655,0.06526131182909012,0.0068358080461621284,0.057702794671058655
R1107_8,A,8,0.09700325131416321,-0.04143523424863815,0.09086540341377258,0.09700325131416321,-0.04143523424863815,0.09086540341377258,0.09700325131416321,-0.04143523424863815,0.09086540341377258,0.09700325131416321,-0.04143523424863815,0.09086540341377258,0.09700325131416321,-0.04143523424863815,0.09086540341377258
R1107_9,C,9,0.08897139132022858,0.0016855895519256592,0.06663058698177338,0.08897139132022858,0.0016855895519256592,0.06663058698177338,0.08897139132022858,0.0016855895519256592,0.06663058698177338,0.08897139132022858,0.0016855895519256592,0.06663058698177338,0.08897139132022858,0.0016855895519256592,0.06663058698177338
R1107_10,A,10,0.14047060906887054,-0.06857357919216156,0.12471804767847061,0.14047060906887054,-0.06857357919216156,0.12471804767847061,0.14047060906887054,-0.06857357919216156,0.12471804767847061,0.14047060906887054,-0.06857357919216156,0.12471804767847061,0.14047060906887054,-0.06857357919216156,0.12471804767847061
R1107_11,G,11,0.08748156577348709,-0.017916006967425346,0.062041640281677246,0.08748156577348709,-0.017916006967425346,0.062041640281677246,0.08748156577348709,-0.017916006967425346,0.062041640281677246,0.08748156577348709,-0.017916006967425346,0.062041640281677246,0.08748156577348709,-0.017916006967425346,0.062041640281677246
R1107_12,C,12,0.09116030484437943,-0.04613932967185974,0.0774347111582756,0.09116030484437943,-0.04613932967185974,0.0774347111582756,0.09116030484437943,-0.04613932967185974,0.0774347111582756,0.09116030484437943,-0.04613932967185974,0.0774347111582756,0.09116030484437943,-0.04613932967185974,0.0774347111582756
R1107_13,A,13,0.09381239861249924,-0.07428163290023804,0.10343193262815475,0.09381239861249924,-0.07428163290023804,0.10343193262815475,0.09381239861249924,-0.07428163290023804,0.10343193262815475,0.09381239861249924,-0.07428163290023804,0.10343193262815475,0.09381239861249924,-0.07428163290023804,0.10343193262815475
R1107_14,G,14,0.07517603784799576,0.03707451373338699,0.04972387105226517,0.07517603784799576,0.03707451373338699,0.04972387105226517,0.07517603784799576,0.03707451373338699,0.04972387105226517,0.07517603784799576,0.03707451373338699,0.04972387105226517,0.07517603784799576,0.03707451373338699,0.04972387105226517
R1107_15,A,15,0.08941595256328583,-0.01462605781853199,0.10313219577074051,0.08941595256328583,-0.01462605781853199,0.10313219577074051,0.08941595256328583,-0.01462605781853199,0.10313219577074051,0.08941595256328583,-0.01462605781853199,0.10313219577074051,0.08941595256328583,-0.01462605781853199,0.10313219577074051
R1107_16,A,16,0.05974472686648369,-0.012069391086697578,0.12413323670625687,0.05974472686648369,-0.012069391086697578,0.12413323670625687,0.05974472686648369,-0.012069391086697578,0.12413323670625687,0.05974472686648369,-0.012069391086697578,0.12413323670625687,0.05974472686648369,-0.012069391086697578,0.12413323670625687
R1107_17,G,17,0.06272605061531067,0.011196114122867584,0.057211391627788544,0.06272605061531067,0.011196114122867584,0.057211391627788544,0.06272605061531067,0.011196114122867584,0.057211391627788544,0.06272605061531067,0.011196114122867584,0.057211391627788544,0.06272605061531067,0.011196114122867584,0.057211391627788544
R1107_18,C,18,0.06212007254362106,-0.022901488468050957,0.06632301211357117,0.06212007254362106,-0.022901488468050957,0.06632301211357117,0.06212007254362106,-0.022901488468050957,0.06632301211357117,0.06212007254362106,-0.022901488468050957,0.06632301211357117,0.06212007254362106,-0.022901488468050957,0.06632301211357117
R1107_19,G,19,0.06016610562801361,0.02221817895770073,0.05025012046098709,0.06016610562801361,0.02221817895770073,0.05025012046098709,0.06016610562801361,0.02221817895770073,0.05025012046098709,0.06016610562801361,0.02221817895770073,0.05025012046098709,0.06016610562801361,0.02221817895770073,0.05025012046098709
R1107_20,U,20,0.06150735542178154,0.06212473660707474,0.04607543349266052,0.06150735542178154,0.06212473660707474,0.04607543349266052,0.06150735542178154,0.06212473660707474,0.04607543349266052,0.06150735542178154,0.06212473660707474,0.04607543349266052,0.06150735542178154,0.06212473660707474,0.04607543349266052
R1107_21,U,21,0.06131076440215111,0.07893016934394836,0.046767883002758026,0.06131076440215111,0.07893016934394836,0.046767883002758026,0.06131076440215111,0.07893016934394836,0.046767883002758026,0.06131076440215111,0.07893016934394836,0.046767883002758026,0.06131076440215111,0.07893016934394836,0.046767883002758026
R1107_22,C,22,0.06211954355239868,0.05918511748313904,0.05164366960525513,0.06211954355239868,0.05918511748313904,0.05164366960525513,0.06211954355239868,0.05918511748313904,0.05164366960525513,0.06211954355239868,0.05918511748313904,0.05164366960525513,0.06211954355239868,0.05918511748313904,0.05164366960525513
R1107_23,A,23,0.09297411888837814,0.004884771071374416,0.07327883690595627,0.09297411888837814,0.004884771071374416,0.07327883690595627,0.09297411888837814,0.004884771071374416,0.07327883690595627,0.09297411888837814,0.004884771071374416,0.07327883690595627,0.09297411888837814,0.004884771071374416,0.07327883690595627
R1107_24,C,24,0.08699163049459457,-0.0007046833634376526,0.04258875548839569,0.08699163049459457,-0.0007046833634376526,0.04258875548839569,0.08699163049459457,-0.0007046833634376526,0.04258875548839569,0.08699163049459457,-0.0007046833634376526,0.04258875548839569,0.08699163049459457,-0.0007046833634376526,0.04258875548839569
R1107_25,G,25,0.08006855845451355,0.022983701899647713,0.04116082191467285,0.08006855845451355,0.022983701899647713,0.04116082191467285,0.08006855845451355,0.022983701899647713,0.04116082191467285,0.08006855845451355,0.022983701899647713,0.04116082191467285,0.08006855845451355,0.022983701899647713,0.04116082191467285
R1107_26,U,26,0.0762709230184555,0.06153326481580734,0.03866072744131088,0.0762709230184555,0.06153326481580734,0.03866072744131088,0.0762709230184555,0.06153326481580734,0.03866072744131088,0.0762709230184555,0.06153326481580734,0.03866072744131088,0.0762709230184555,0.06153326481580734,0.03866072744131088
R1107_27,C,27,0.09140598773956299,0.07159636914730072,0.03942165523767471,0.09140598773956299,0.07159636914730072,0.03942165523767471,0.09140598773956299,0.07159636914730072,0.03942165523767471,0.09140598773956299,0.07159636914730072,0.03942165523767471,0.09140598773956299,0.07159636914730072,0.03942165523767471
R1107_28,G,28,0.09340658038854599,0.05583705008029938,0.03491216152906418,0.09340658038854599,0.05583705008029938,0.03491216152906418,0.09340658038854599,0.05583705008029938,0.03491216152906418,0.09340658038854599,0.05583705008029938,0.03491216152906418,0.09340658038854599,0.05583705008029938,0.03491216152906418
R1107_29,C,29,0.11571359634399414,-0.00796680711209774,0.05651470273733139,0.11571359634399414,-0.00796680711209774,0.05651470273733139,0.11571359634399414,-0.00796680711209774,0.05651470273733139,0.11571359634399414,-0.00796680711209774,0.05651470273733139,0.11571359634399414,-0.00796680711209774,0.05651470273733139
R1107_30,A,30,0.1206718310713768,-0.06635735183954239,0.07718196511268616,0.1206718310713768,-0.06635735183954239,0.07718196511268616,0.1206718310713768,-0.06635735183954239,0.07718196511268616,0.1206718310713768,-0.06635735183954239,0.07718196511268616,0.1206718310713768,-0.06635735183954239,0.07718196511268616
R1107_31,G,31,0.09485017508268356,0.0028512142598628998,0.04174835979938507,0.09485017508268356,0.0028512142598628998,0.04174835979938507,0.09485017508268356,0.0028512142598628998,0.04174835979938507,0.09485017508268356,0.0028512142598628998,0.04174835979938507,0.09485017508268356,0.0028512142598628998,0.04174835979938507
R1107_32,C,32,0.07780968397855759,0.019934944808483124,0.0388505756855011,0.07780968397855759,0.019934944808483124,0.0388505756855011,0.07780968397855759,0.019934944808483124,0.0388505756855011,0.07780968397855759,0.019934944808483124,0.0388505756855011,0.07780968397855759,0.019934944808483124,0.0388505756855011
R1107_33,C,33,0.06299053132534027,0.060572266578674316,0.032616399228572845,0.06299053132534027,0.060572266578674316,0.032616399228572845,0.06299053132534027,0.060572266578674316,0.032616399228572845,0.06299053132534027,0.060572266578674316,0.032616399228572845,0.06299053132534027,0.060572266578674316,0.032616399228572845
R1107_34,C,34,0.05620967596769333,0.055882133543491364,0.04304441809654236,0.05620967596769333,0.055882133543491364,0.04304441809654236,0.05620967596769333,0.055882133543491364,0.04304441809654236,0.05620967596769333,0.055882133543491364,0.04304441809654236,0.05620967596769333,0.055882133543491364,0.04304441809654236
R1107_35,C,35,0.05175478383898735,0.0283936969935894,0.05091618746519089,0.05175478383898735,0.0283936969935894,0.05091618746519089,0.05175478383898735,0.0283936969935894,0.05091618746519089,0.05175478383898735,0.0283936969935894,0.05091618746519089,0.05175478383898735,0.0283936969935894,0.05091618746519089
R1107_36,U,36,0.06059568002820015,0.047442756593227386,0.035246409475803375,0.06059568002820015,0.047442756593227386,0.035246409475803375,0.06059568002820015,0.047442756593227386,0.035246409475803375,0.06059568002820015,0.047442756593227386,0.035246409475803375,0.06059568002820015,0.047442756593227386,0.035246409475803375
R1107_37,G,37,0.05137954279780388,0.0396341048181057,0.03432968258857727,0.05137954279780388,0.0396341048181057,0.03432968258857727,0.05137954279780388,0.0396341048181057,0.03432968258857727,0.05137954279780388,0.0396341048181057,0.03432968258857727,0.05137954279780388,0.0396341048181057,0.03432968258857727
R1107_38,U,38,0.049243368208408356,0.07124312222003937,0.032477810978889465,0.049243368208408356,0.07124312222003937,0.032477810978889465,0.049243368208408356,0.07124312222003937,0.032477810978889465,0.049243368208408356,0.07124312222003937,0.032477810978889465,0.049243368208408356,0.07124312222003937,0.032477810978889465
R1107_39,C,39,0.02790858969092369,0.09866076707839966,0.023071186617016792,0.02790858969092369,0.09866076707839966,0.023071186617016792,0.02790858969092369,0.09866076707839966,0.023071186617016792,0.02790858969092369,0.09866076707839966,0.023071186617016792,0.02790858969092369,0.09866076707839966,0.023071186617016792
R1107_40,A,40,0.01113823801279068,0.08809398114681244,0.04954119771718979,0.01113823801279068,0.08809398114681244,0.04954119771718979,0.01113823801279068,0.08809398114681244,0.04954119771718979,0.01113823801279068,0.08809398114681244,0.04954119771718979,0.01113823801279068,0.08809398114681244,0.04954119771718979
R1107_41,G,41,0.04138726741075516,0.10407606512308121,0.03151322901248932,0.04138726741075516,0.10407606512308121,0.03151322901248932,0.04138726741075516,0.10407606512308121,0.03151322901248932,0.04138726741075516,0.10407606512308121,0.03151322901248932,0.04138726741075516,0.10407606512308121,0.03151322901248932
R1107_42,C,42,0.05541840195655823,0.07095746695995331,0.034507542848587036,0.05541840195655823,0.07095746695995331,0.034507542848587036,0.05541840195655823,0.07095746695995331,0.034507542848587036,0.05541840195655823,0.07095746695995331,0.034507542848587036,0.05541840195655823,0.07095746695995331,0.034507542848587036
R1107_43,C,43,0.0634046271443367,0.05608184635639191,0.024783531203866005,0.0634046271443367,0.05608184635639191,0.024783531203866005,0.0634046271443367,0.05608184635639191,0.024783531203866005,0.0634046271443367,0.05608184635639191,0.024783531203866005,0.0634046271443367,0.05608184635639191,0.024783531203866005
R1107_44,A,44,0.046102359890937805,0.053445860743522644,0.023774439468979836,0.046102359890937805,0.053445860743522644,0.023774439468979836,0.046102359890937805,0.053445860743522644,0.023774439468979836,0.046102359890937805,0.053445860743522644,0.023774439468979836,0.046102359890937805,0.053445860743522644,0.023774439468979836
R1107_45,U,45,0.06271002441644669,0.09558059275150299,0.028839929029345512,0.06271002441644669,0.09558059275150299,0.028839929029345512,0.06271002441644669,0.09558059275150299,0.028839929029345512,0.06271002441644669,0.09558059275150299,0.028839929029345512,0.06271002441644669,0.09558059275150299,0.028839929029345512
R1107_46,U,46,0.0692284107208252,0.1073438972234726,0.026296982541680336,0.0692284107208252,0.1073438972234726,0.026296982541680336,0.0692284107208252,0.1073438972234726,0.026296982541680336,0.0692284107208252,0.1073438972234726,0.026296982541680336,0.0692284107208252,0.1073438972234726,0.026296982541680336
R1107_47,G,47,0.08356098085641861,0.08575298637151718,0.027986297383904457,0.08356098085641861,0.08575298637151718,0.027986297383904457,0.08356098085641861,0.08575298637151718,0.027986297383904457,0.08356098085641861,0.08575298637151718,0.027986297383904457,0.08356098085641861,0.08575298637151718,0.027986297383904457
R1107_48,C,48,0.10581018030643463,0.024165000766515732,0.02905433066189289,0.10581018030643463,0.024165000766515732,0.02905433066189289,0.10581018030643463,0.024165000766515732,0.02905433066189289,0.10581018030643463,0.024165000766515732,0.02905433066189289,0.10581018030643463,0.024165000766515732,0.02905433066189289
R1107_49,A,49,0.10757479071617126,-0.015030069276690483,0.01031612791121006,0.10757479071617126,-0.015030069276690483,0.01031612791121006,0.10757479071617126,-0.015030069276690483,0.01031612791121006,0.10757479071617126,-0.015030069276690483,0.01031612791121006,0.10757479071617126,-0.015030069276690483,0.01031612791121006
R1107_50,C,50,0.08742423355579376,0.0005860216915607452,0.0212778951972723,0.08742423355579376,0.0005860216915607452,0.0212778951972723,0.08742423355579376,0.0005860216915607452,0.0212778951972723,0.08742423355579376,0.0005860216915607452,0.0212778951972723,0.08742423355579376,0.0005860216915607452,0.0212778951972723
R1107_51,U,51,0.07687367498874664,0.06612119823694229,0.02266855724155903,0.07687367498874664,0.06612119823694229,0.02266855724155903,0.07687367498874664,0.06612119823694229,0.02266855724155903,0.07687367498874664,0.06612119823694229,0.02266855724155903,0.07687367498874664,0.06612119823694229,0.02266855724155903
R1107_52,C,52,0.10056833177804947,0.0572684109210968,0.0010985471308231354,0.10056833177804947,0.0572684109210968,0.0010985471308231354,0.10056833177804947,0.0572684109210968,0.0010985471308231354,0.10056833177804947,0.0572684109210968,0.0010985471308231354,0.10056833177804947,0.0572684109210968,0.0010985471308231354
R1107_53,C,53,0.11308105289936066,0.04853013530373573,0.010785119608044624,0.11308105289936066,0.04853013530373573,0.010785119608044624,0.11308105289936066,0.04853013530373573,0.010785119608044624,0.11308105289936066,0.04853013530373573,0.010785119608044624,0.11308105289936066,0.04853013530373573,0.010785119608044624
R1107_54,G,54,0.08381858468055725,0.04293107986450195,0.02648072876036167,0.08381858468055725,0.04293107986450195,0.02648072876036167,0.08381858468055725,0.04293107986450195,0.02648072876036167,0.08381858468055725,0.04293107986450195,0.02648072876036167,0.08381858468055725,0.04293107986450195,0.02648072876036167
R1107_55,G,55,0.07713761925697327,0.025484878569841385,0.023995360359549522,0.07713761925697327,0.025484878569841385,0.023995360359549522,0.07713761925697327,0.025484878569841385,0.023995360359549522,0.07713761925697327,0.025484878569841385,0.023995360359549522,0.07713761925697327,0.025484878569841385,0.023995360359549522
R1107_56,C,56,0.07276961207389832,-0.01343785785138607,0.03237029165029526,0.07276961207389832,-0.01343785785138607,0.03237029165029526,0.07276961207389832,-0.01343785785138607,0.03237029165029526,0.07276961207389832,-0.01343785785138607,0.03237029165029526,0.07276961207389832,-0.01343785785138607,0.03237029165029526
R1107_57,U,57,0.06765119731426239,0.059756651520729065,0.033459849655628204,0.06765119731426239,0.059756651520729065,0.033459849655628204,0.06765119731426239,0.059756651520729065,0.033459849655628204,0.06765119731426239,0.059756651520729065,0.033459849655628204,0.06765119731426239,0.059756651520729065,0.033459849655628204
R1107_58,G,58,0.07065241038799286,0.08005641400814056,0.034874752163887024,0.07065241038799286,0.08005641400814056,0.034874752163887024,0.07065241038799286,0.08005641400814056,0.034874752163887024,0.07065241038799286,0.08005641400814056,0.034874752163887024,0.07065241038799286,0.08005641400814056,0.034874752163887024
R1107_59,C,59,0.0952187180519104,0.07627316564321518,0.03519480675458908,0.0952187180519104,0.07627316564321518,0.03519480675458908,0.0952187180519104,0.07627316564321518,0.03519480675458908,0.0952187180519104,0.07627316564321518,0.03519480675458908,0.0952187180519104,0.07627316564321518,0.03519480675458908
R1107_60,G,60,0.07846096158027649,0.08097556233406067,0.031786419451236725,0.07846096158027649,0.08097556233406067,0.031786419451236725,0.07846096158027649,0.08097556233406067,0.031786419451236725,0.07846096158027649,0.08097556233406067,0.031786419451236725,0.07846096158027649,0.08097556233406067,0.031786419451236725
R1107_61,A,61,0.12089657038450241,0.003205215558409691,0.06579499691724777,0.12089657038450241,0.003205215558409691,0.06579499691724777,0.12089657038450241,0.003205215558409691,0.06579499691724777,0.12089657038450241,0.003205215558409691,0.06579499691724777,0.12089657038450241,0.003205215558409691,0.06579499691724777
R1107_62,A,62,0.10603426396846771,-0.012844232842326164,0.057572945952415466,0.10603426396846771,-0.012844232842326164,0.057572945952415466,0.10603426396846771,-0.012844232842326164,0.057572945952415466,0.10603426396846771,-0.012844232842326164,0.057572945952415466,0.10603426396846771,-0.012844232842326164,0.057572945952415466
R1107_63,U,63,0.07898613065481186,0.07152750343084335,0.031770750880241394,0.07898613065481186,0.07152750343084335,0.031770750880241394,0.07898613065481186,0.07152750343084335,0.031770750880241394,0.07898613065481186,0.07152750343084335,0.031770750880241394,0.07898613065481186,0.07152750343084335,0.031770750880241394
R1107_64,U,64,0.08444564789533615,0.08661805838346481,0.03040091134607792,0.08444564789533615,0.08661805838346481,0.03040091134607792,0.08444564789533615,0.08661805838346481,0.03040091134607792,0.08444564789533615,0.08661805838346481,0.03040091134607792,0.08444564789533615,0.08661805838346481,0.03040091134607792
R1107_65,C,65,0.12489155679941177,0.09750691801309586,0.01766572706401348,0.12489155679941177,0.09750691801309586,0.01766572706401348,0.12489155679941177,0.09750691801309586,0.01766572706401348,0.12489155679941177,0.09750691801309586,0.01766572706401348,0.12489155679941177,0.09750691801309586,0.01766572706401348
R1107_66,U,66,0.10731130093336105,0.07831115275621414,0.029598889872431755,0.10731130093336105,0.07831115275621414,0.029598889872431755,0.10731130093336105,0.07831115275621414,0.029598889872431755,0.10731130093336105,0.07831115275621414,0.029598889872431755,0.10731130093336105,0.07831115275621414,0.029598889872431755
R1107_67,G,67,0.13151036202907562,0.039999812841415405,0.0280699972063303,0.13151036202907562,0.039999812841415405,0.0280699972063303,0.13151036202907562,0.039999812841415405,0.0280699972063303,0.13151036202907562,0.039999812841415405,0.0280699972063303,0.13151036202907562,0.039999812841415405,0.0280699972063303
R1107_68,C,68,0.1510133445262909,-0.010720614343881607,0.028379278257489204,0.1510133445262909,-0.010720614343881607,0.028379278257489204,0.1510133445262909,-0.010720614343881607,0.028379278257489204,0.1510133445262909,-0.010720614343881607,0.028379278257489204,0.1510133445262909,-0.010720614343881607,0.028379278257489204
R1107_69,U,69,0.10845376551151276,0.034914061427116394,0.03549748659133911,0.10845376551151276,0.034914061427116394,0.03549748659133911,0.10845376551151276,0.034914061427116394,0.03549748659133911,0.10845376551151276,0.034914061427116394,0.03549748659133911,0.10845376551151276,0.034914061427116394,0.03549748659133911
R1108_1,G,1,0.03463709354400635,0.0576765313744545,0.044351428747177124,0.03463709354400635,0.0576765313744545,0.044351428747177124,0.03463709354400635,0.0576765313744545,0.044351428747177124,0.03463709354400635,0.0576765313744545,0.044351428747177124,0.03463709354400635,0.0576765313744545,0.044351428747177124
R1108_2,G,2,0.03746742010116577,0.0745914950966835,0.04264397174119949,0.03746742010116577,0.0745914950966835,0.04264397174119949,0.03746742010116577,0.0745914950966835,0.04264397174119949,0.03746742010116577,0.0745914950966835,0.04264397174119949,0.03746742010116577,0.0745914950966835,0.04264397174119949
R1108_3,G,3,0.04166511818766594,0.07159401476383209,0.04597914218902588,0.04166511818766594,0.07159401476383209,0.04597914218902588,0.04166511818766594,0.07159401476383209,0.04597914218902588,0.04166511818766594,0.07159401476383209,0.04597914218902588,0.04166511818766594,0.07159401476383209,0.04597914218902588
R1108_4,G,4,0.05424473434686661,0.04496602714061737,0.04498431086540222,0.05424473434686661,0.04496602714061737,0.04498431086540222,0.05424473434686661,0.04496602714061737,0.04498431086540222,0.05424473434686661,0.04496602714061737,0.04498431086540222,0.05424473434686661,0.04496602714061737,0.04498431086540222
R1108_5,G,5,0.06505671888589859,0.015573736280202866,0.04152212291955948,0.06505671888589859,0.015573736280202866,0.04152212291955948,0.06505671888589859,0.015573736280202866,0.04152212291955948,0.06505671888589859,0.015573736280202866,0.04152212291955948,0.06505671888589859,0.015573736280202866,0.04152212291955948
R1108_6,C,6,0.0650191381573677,-0.010884253308176994,0.052509114146232605,0.0650191381573677,-0.010884253308176994,0.052509114146232605,0.0650191381573677,-0.010884253308176994,0.052509114146232605,0.0650191381573677,-0.010884253308176994,0.052509114146232605,0.0650191381573677,-0.010884253308176994,0.052509114146232605
R1108_7,C,7,0.06526131182909012,0.0068358080461621284,0.057702794671058655,0.06526131182909012,0.0068358080461621284,0.057702794671058655,0.06526131182909012,0.0068358080461621284,0.057702794671058655,0.06526131182909012,0.0068358080461621284,0.057702794671058655,0.06526131182909012,0.0068358080461621284,0.057702794671058655
R1108_8,A,8,0.09700325131416321,-0.04143523424863815,0.09086540341377258,0.09700325131416321,-0.04143523424863815,0.09086540341377258,0.09700325131416321,-0.04143523424863815,0.09086540341377258,0.09700325131416321,-0.04143523424863815,0.09086540341377258,0.09700325131416321,-0.04143523424863815,0.09086540341377258
R1108_9,C,9,0.08897139132022858,0.0016855895519256592,0.06663058698177338,0.08897139132022858,0.0016855895519256592,0.06663058698177338,0.08897139132022858,0.0016855895519256592,0.06663058698177338,0.08897139132022858,0.0016855895519256592,0.06663058698177338,0.08897139132022858,0.0016855895519256592,0.06663058698177338
R1108_10,A,10,0.14047060906887054,-0.06857357919216156,0.12471804767847061,0.14047060906887054,-0.06857357919216156,0.12471804767847061,0.14047060906887054,-0.06857357919216156,0.12471804767847061,0.14047060906887054,-0.06857357919216156,0.12471804767847061,0.14047060906887054,-0.06857357919216156,0.12471804767847061
R1108_11,G,11,0.08748156577348709,-0.017916006967425346,0.062041640281677246,0.08748156577348709,-0.017916006967425346,0.062041640281677246,0.08748156577348709,-0.017916006967425346,0.062041640281677246,0.08748156577348709,-0.017916006967425346,0.062041640281677246,0.08748156577348709,-0.017916006967425346,0.062041640281677246
R1108_12,C,12,0.09116030484437943,-0.04613932967185974,0.0774347111582756,0.09116030484437943,-0.04613932967185974,0.0774347111582756,0.09116030484437943,-0.04613932967185974,0.0774347111582756,0.09116030484437943,-0.04613932967185974,0.0774347111582756,0.09116030484437943,-0.04613932967185974,0.0774347111582756
R1108_13,A,13,0.09381239861249924,-0.07428163290023804,0.10343193262815475,0.09381239861249924,-0.07428163290023804,0.10343193262815475,0.09381239861249924,-0.07428163290023804,0.10343193262815475,0.09381239861249924,-0.07428163290023804,0.10343193262815475,0.09381239861249924,-0.07428163290023804,0.10343193262815475
R1108_14,G,14,0.07517603784799576,0.03707451373338699,0.04972387105226517,0.07517603784799576,0.03707451373338699,0.04972387105226517,0.07517603784799576,0.03707451373338699,0.04972387105226517,0.07517603784799576,0.03707451373338699,0.04972387105226517,0.07517603784799576,0.03707451373338699,0.04972387105226517
R1108_15,A,15,0.08941595256328583,-0.01462605781853199,0.10313219577074051,0.08941595256328583,-0.01462605781853199,0.10313219577074051,0.08941595256328583,-0.01462605781853199,0.10313219577074051,0.08941595256328583,-0.01462605781853199,0.10313219577074051,0.08941595256328583,-0.01462605781853199,0.10313219577074051
R1108_16,A,16,0.05974472686648369,-0.012069391086697578,0.12413323670625687,0.05974472686648369,-0.012069391086697578,0.12413323670625687,0.05974472686648369,-0.012069391086697578,0.12413323670625687,0.05974472686648369,-0.012069391086697578,0.12413323670625687,0.05974472686648369,-0.012069391086697578,0.12413323670625687
R1108_17,G,17,0.06272605061531067,0.011196114122867584,0.057211391627788544,0.06272605061531067,0.011196114122867584,0.057211391627788544,0.06272605061531067,0.011196114122867584,0.057211391627788544,0.06272605061531067,0.011196114122867584,0.057211391627788544,0.06272605061531067,0.011196114122867584,0.057211391627788544
R1108_18,C,18,0.06212007254362106,-0.022901488468050957,0.06632301211357117,0.06212007254362106,-0.022901488468050957,0.06632301211357117,0.06212007254362106,-0.022901488468050957,0.06632301211357117,0.06212007254362106,-0.022901488468050957,0.06632301211357117,0.06212007254362106,-0.022901488468050957,0.06632301211357117
R1108_19,G,19,0.06016610562801361,0.02221817895770073,0.05025012046098709,0.06016610562801361,0.02221817895770073,0.05025012046098709,0.06016610562801361,0.02221817895770073,0.05025012046098709,0.06016610562801361,0.02221817895770073,0.05025012046098709,0.06016610562801361,0.02221817895770073,0.05025012046098709
R1108_20,U,20,0.06150735542178154,0.06212473660707474,0.04607543349266052,0.06150735542178154,0.06212473660707474,0.04607543349266052,0.06150735542178154,0.06212473660707474,0.04607543349266052,0.06150735542178154,0.06212473660707474,0.04607543349266052,0.06150735542178154,0.06212473660707474,0.04607543349266052
R1108_21,U,21,0.06131076440215111,0.07893016934394836,0.046767883002758026,0.06131076440215111,0.07893016934394836,0.046767883002758026,0.06131076440215111,0.07893016934394836,0.046767883002758026,0.06131076440215111,0.07893016934394836,0.046767883002758026,0.06131076440215111,0.07893016934394836,0.046767883002758026
R1108_22,C,22,0.06211954355239868,0.05918511748313904,0.05164366960525513,0.06211954355239868,0.05918511748313904,0.05164366960525513,0.06211954355239868,0.05918511748313904,0.05164366960525513,0.06211954355239868,0.05918511748313904,0.05164366960525513,0.06211954355239868,0.05918511748313904,0.05164366960525513
R1108_23,A,23,0.09297411888837814,0.004884771071374416,0.07327883690595627,0.09297411888837814,0.004884771071374416,0.07327883690595627,0.09297411888837814,0.004884771071374416,0.07327883690595627,0.09297411888837814,0.004884771071374416,0.07327883690595627,0.09297411888837814,0.004884771071374416,0.07327883690595627
R1108_24,C,24,0.08699163049459457,-0.0007046833634376526,0.04258875548839569,0.08699163049459457,-0.0007046833634376526,0.04258875548839569,0.08699163049459457,-0.0007046833634376526,0.04258875548839569,0.08699163049459457,-0.0007046833634376526,0.04258875548839569,0.08699163049459457,-0.0007046833634376526,0.04258875548839569
R1108_25,G,25,0.08006855845451355,0.022983701899647713,0.04116082191467285,0.08006855845451355,0.022983701899647713,0.04116082191467285,0.08006855845451355,0.022983701899647713,0.04116082191467285,0.08006855845451355,0.022983701899647713,0.04116082191467285,0.08006855845451355,0.022983701899647713,0.04116082191467285
R1108_26,U,26,0.0762709230184555,0.06153326481580734,0.03866072744131088,0.0762709230184555,0.06153326481580734,0.03866072744131088,0.0762709230184555,0.06153326481580734,0.03866072744131088,0.0762709230184555,0.06153326481580734,0.03866072744131088,0.0762709230184555,0.06153326481580734,0.03866072744131088
R1108_27,C,27,0.09140598773956299,0.07159636914730072,0.03942165523767471,0.09140598773956299,0.07159636914730072,0.03942165523767471,0.09140598773956299,0.07159636914730072,0.03942165523767471,0.09140598773956299,0.07159636914730072,0.03942165523767471,0.09140598773956299,0.07159636914730072,0.03942165523767471
R1108_28,G,28,0.09340658038854599,0.05583705008029938,0.03491216152906418,0.09340658038854599,0.05583705008029938,0.03491216152906418,0.09340658038854599,0.05583705008029938,0.03491216152906418,0.09340658038854599,0.05583705008029938,0.03491216152906418,0.09340658038854599,0.05583705008029938,0.03491216152906418
R1108_29,C,29,0.11571359634399414,-0.00796680711209774,0.05651470273733139,0.11571359634399414,-0.00796680711209774,0.05651470273733139,0.11571359634399414,-0.00796680711209774,0.05651470273733139,0.11571359634399414,-0.00796680711209774,0.05651470273733139,0.11571359634399414,-0.00796680711209774,0.05651470273733139
R1108_30,G,30,0.10325533151626587,-0.007401283830404282,0.04512527585029602,0.10325533151626587,-0.007401283830404282,0.04512527585029602,0.10325533151626587,-0.007401283830404282,0.04512527585029602,0.10325533151626587,-0.007401283830404282,0.04512527585029602,0.10325533151626587,-0.007401283830404282,0.04512527585029602
R1108_31,G,31,0.09485017508268356,0.0028512142598628998,0.04174835979938507,0.09485017508268356,0.0028512142598628998,0.04174835979938507,0.09485017508268356,0.0028512142598628998,0.04174835979938507,0.09485017508268356,0.0028512142598628998,0.04174835979938507,0.09485017508268356,0.0028512142598628998,0.04174835979938507
R1108_32,C,32,0.07780968397855759,0.019934944808483124,0.0388505756855011,0.07780968397855759,0.019934944808483124,0.0388505756855011,0.07780968397855759,0.019934944808483124,0.0388505756855011,0.07780968397855759,0.019934944808483124,0.0388505756855011,0.07780968397855759,0.019934944808483124,0.0388505756855011
R1108_33,C,33,0.06299053132534027,0.060572266578674316,0.032616399228572845,0.06299053132534027,0.060572266578674316,0.032616399228572845,0.06299053132534027,0.060572266578674316,0.032616399228572845,0.06299053132534027,0.060572266578674316,0.032616399228572845,0.06299053132534027,0.060572266578674316,0.032616399228572845
R1108_34,C,34,0.05620967596769333,0.055882133543491364,0.04304441809654236,0.05620967596769333,0.055882133543491364,0.04304441809654236,0.05620967596769333,0.055882133543491364,0.04304441809654236,0.05620967596769333,0.055882133543491364,0.04304441809654236,0.05620967596769333,0.055882133543491364,0.04304441809654236
R1108_35,C,35,0.05175478383898735,0.0283936969935894,0.05091618746519089,0.05175478383898735,0.0283936969935894,0.05091618746519089,0.05175478383898735,0.0283936969935894,0.05091618746519089,0.05175478383898735,0.0283936969935894,0.05091618746519089,0.05175478383898735,0.0283936969935894,0.05091618746519089
R1108_36,U,36,0.06059568002820015,0.047442756593227386,0.035246409475803375,0.06059568002820015,0.047442756593227386,0.035246409475803375,0.06059568002820015,0.047442756593227386,0.035246409475803375,0.06059568002820015,0.047442756593227386,0.035246409475803375,0.06059568002820015,0.047442756593227386,0.035246409475803375
R1108_37,G,37,0.05137954279780388,0.0396341048181057,0.03432968258857727,0.05137954279780388,0.0396341048181057,0.03432968258857727,0.05137954279780388,0.0396341048181057,0.03432968258857727,0.05137954279780388,0.0396341048181057,0.03432968258857727,0.05137954279780388,0.0396341048181057,0.03432968258857727
R1108_38,U,38,0.049243368208408356,0.07124312222003937,0.032477810978889465,0.049243368208408356,0.07124312222003937,0.032477810978889465,0.049243368208408356,0.07124312222003937,0.032477810978889465,0.049243368208408356,0.07124312222003937,0.032477810978889465,0.049243368208408356,0.07124312222003937,0.032477810978889465
R1108_39,C,39,0.02790858969092369,0.09866076707839966,0.023071186617016792,0.02790858969092369,0.09866076707839966,0.023071186617016792,0.02790858969092369,0.09866076707839966,0.023071186617016792,0.02790858969092369,0.09866076707839966,0.023071186617016792,0.02790858969092369,0.09866076707839966,0.023071186617016792
R1108_40,A,40,0.01113823801279068,0.08809398114681244,0.04954119771718979,0.01113823801279068,0.08809398114681244,0.04954119771718979,0.01113823801279068,0.08809398114681244,0.04954119771718979,0.01113823801279068,0.08809398114681244,0.04954119771718979,0.01113823801279068,0.08809398114681244,0.04954119771718979
R1108_41,G,41,0.04138726741075516,0.10407606512308121,0.03151322901248932,0.04138726741075516,0.10407606512308121,0.03151322901248932,0.04138726741075516,0.10407606512308121,0.03151322901248932,0.04138726741075516,0.10407606512308121,0.03151322901248932,0.04138726741075516,0.10407606512308121,0.03151322901248932
R1108_42,C,42,0.05541840195655823,0.07095746695995331,0.034507542848587036,0.05541840195655823,0.07095746695995331,0.034507542848587036,0.05541840195655823,0.07095746695995331,0.034507542848587036,0.05541840195655823,0.07095746695995331,0.034507542848587036,0.05541840195655823,0.07095746695995331,0.034507542848587036
R1108_43,C,43,0.0634046271443367,0.05608184635639191,0.024783531203866005,0.0634046271443367,0.05608184635639191,0.024783531203866005,0.0634046271443367,0.05608184635639191,0.024783531203866005,0.0634046271443367,0.05608184635639191,0.024783531203866005,0.0634046271443367,0.05608184635639191,0.024783531203866005
R1108_44,A,44,0.046102359890937805,0.053445860743522644,0.023774439468979836,0.046102359890937805,0.053445860743522644,0.023774439468979836,0.046102359890937805,0.053445860743522644,0.023774439468979836,0.046102359890937805,0.053445860743522644,0.023774439468979836,0.046102359890937805,0.053445860743522644,0.023774439468979836
R1108_45,U,45,0.06271002441644669,0.09558059275150299,0.028839929029345512,0.06271002441644669,0.09558059275150299,0.028839929029345512,0.06271002441644669,0.09558059275150299,0.028839929029345512,0.06271002441644669,0.09558059275150299,0.028839929029345512,0.06271002441644669,0.09558059275150299,0.028839929029345512
R1108_46,U,46,0.0692284107208252,0.1073438972234726,0.026296982541680336,0.0692284107208252,0.1073438972234726,0.026296982541680336,0.0692284107208252,0.1073438972234726,0.026296982541680336,0.0692284107208252,0.1073438972234726,0.026296982541680336,0.0692284107208252,0.1073438972234726,0.026296982541680336
R1108_47,G,47,0.08356098085641861,0.08575298637151718,0.027986297383904457,0.08356098085641861,0.08575298637151718,0.027986297383904457,0.08356098085641861,0.08575298637151718,0.027986297383904457,0.08356098085641861,0.08575298637151718,0.027986297383904457,0.08356098085641861,0.08575298637151718,0.027986297383904457
R1108_48,C,48,0.10581018030643463,0.024165000766515732,0.02905433066189289,0.10581018030643463,0.024165000766515732,0.02905433066189289,0.10581018030643463,0.024165000766515732,0.02905433066189289,0.10581018030643463,0.024165000766515732,0.02905433066189289,0.10581018030643463,0.024165000766515732,0.02905433066189289
R1108_49,A,49,0.10757479071617126,-0.015030069276690483,0.01031612791121006,0.10757479071617126,-0.015030069276690483,0.01031612791121006,0.10757479071617126,-0.015030069276690483,0.01031612791121006,0.10757479071617126,-0.015030069276690483,0.01031612791121006,0.10757479071617126,-0.015030069276690483,0.01031612791121006
R1108_50,C,50,0.08742423355579376,0.0005860216915607452,0.0212778951972723,0.08742423355579376,0.0005860216915607452,0.0212778951972723,0.08742423355579376,0.0005860216915607452,0.0212778951972723,0.08742423355579376,0.0005860216915607452,0.0212778951972723,0.08742423355579376,0.0005860216915607452,0.0212778951972723
R1108_51,U,51,0.07687367498874664,0.06612119823694229,0.02266855724155903,0.07687367498874664,0.06612119823694229,0.02266855724155903,0.07687367498874664,0.06612119823694229,0.02266855724155903,0.07687367498874664,0.06612119823694229,0.02266855724155903,0.07687367498874664,0.06612119823694229,0.02266855724155903
R1108_52,C,52,0.10056833177804947,0.0572684109210968,0.0010985471308231354,0.10056833177804947,0.0572684109210968,0.0010985471308231354,0.10056833177804947,0.0572684109210968,0.0010985471308231354,0.10056833177804947,0.0572684109210968,0.0010985471308231354,0.10056833177804947,0.0572684109210968,0.0010985471308231354
R1108_53,C,53,0.11308105289936066,0.04853013530373573,0.010785119608044624,0.11308105289936066,0.04853013530373573,0.010785119608044624,0.11308105289936066,0.04853013530373573,0.010785119608044624,0.11308105289936066,0.04853013530373573,0.010785119608044624,0.11308105289936066,0.04853013530373573,0.010785119608044624
R1108_54,G,54,0.08381858468055725,0.04293107986450195,0.02648072876036167,0.08381858468055725,0.04293107986450195,0.02648072876036167,0.08381858468055725,0.04293107986450195,0.02648072876036167,0.08381858468055725,0.04293107986450195,0.02648072876036167,0.08381858468055725,0.04293107986450195,0.02648072876036167
R1108_55,G,55,0.07713761925697327,0.025484878569841385,0.023995360359549522,0.07713761925697327,0.025484878569841385,0.023995360359549522,0.07713761925697327,0.025484878569841385,0.023995360359549522,0.07713761925697327,0.025484878569841385,0.023995360359549522,0.07713761925697327,0.025484878569841385,0.023995360359549522
R1108_56,C,56,0.07276961207389832,-0.01343785785138607,0.03237029165029526,0.07276961207389832,-0.01343785785138607,0.03237029165029526,0.07276961207389832,-0.01343785785138607,0.03237029165029526,0.07276961207389832,-0.01343785785138607,0.03237029165029526,0.07276961207389832,-0.01343785785138607,0.03237029165029526
R1108_57,U,57,0.06765119731426239,0.059756651520729065,0.033459849655628204,0.06765119731426239,0.059756651520729065,0.033459849655628204,0.06765119731426239,0.059756651520729065,0.033459849655628204,0.06765119731426239,0.059756651520729065,0.033459849655628204,0.06765119731426239,0.059756651520729065,0.033459849655628204
R1108_58,G,58,0.07065241038799286,0.08005641400814056,0.034874752163887024,0.07065241038799286,0.08005641400814056,0.034874752163887024,0.07065241038799286,0.08005641400814056,0.034874752163887024,0.07065241038799286,0.08005641400814056,0.034874752163887024,0.07065241038799286,0.08005641400814056,0.034874752163887024
R1108_59,C,59,0.0952187180519104,0.07627316564321518,0.03519480675458908,0.0952187180519104,0.07627316564321518,0.03519480675458908,0.0952187180519104,0.07627316564321518,0.03519480675458908,0.0952187180519104,0.07627316564321518,0.03519480675458908,0.0952187180519104,0.07627316564321518,0.03519480675458908
R1108_60,G,60,0.07846096158027649,0.08097556233406067,0.031786419451236725,0.07846096158027649,0.08097556233406067,0.031786419451236725,0.07846096158027649,0.08097556233406067,0.031786419451236725,0.07846096158027649,0.08097556233406067,0.031786419451236725,0.07846096158027649,0.08097556233406067,0.031786419451236725
R1108_61,A,61,0.12089657038450241,0.003205215558409691,0.06579499691724777,0.12089657038450241,0.003205215558409691,0.06579499691724777,0.12089657038450241,0.003205215558409691,0.06579499691724777,0.12089657038450241,0.003205215558409691,0.06579499691724777,0.12089657038450241,0.003205215558409691,0.06579499691724777
R1108_62,A,62,0.10603426396846771,-0.012844232842326164,0.057572945952415466,0.10603426396846771,-0.012844232842326164,0.057572945952415466,0.10603426396846771,-0.012844232842326164,0.057572945952415466,0.10603426396846771,-0.012844232842326164,0.057572945952415466,0.10603426396846771,-0.012844232842326164,0.057572945952415466
R1108_63,U,63,0.07898613065481186,0.07152750343084335,0.031770750880241394,0.07898613065481186,0.07152750343084335,0.031770750880241394,0.07898613065481186,0.07152750343084335,0.031770750880241394,0.07898613065481186,0.07152750343084335,0.031770750880241394,0.07898613065481186,0.07152750343084335,0.031770750880241394
R1108_64,U,64,0.08444564789533615,0.08661805838346481,0.03040091134607792,0.08444564789533615,0.08661805838346481,0.03040091134607792,0.08444564789533615,0.08661805838346481,0.03040091134607792,0.08444564789533615,0.08661805838346481,0.03040091134607792,0.08444564789533615,0.08661805838346481,0.03040091134607792
R1108_65,C,65,0.12489155679941177,0.09750691801309586,0.01766572706401348,0.12489155679941177,0.09750691801309586,0.01766572706401348,0.12489155679941177,0.09750691801309586,0.01766572706401348,0.12489155679941177,0.09750691801309586,0.01766572706401348,0.12489155679941177,0.09750691801309586,0.01766572706401348
R1108_66,U,66,0.10731130093336105,0.07831115275621414,0.029598889872431755,0.10731130093336105,0.07831115275621414,0.029598889872431755,0.10731130093336105,0.07831115275621414,0.029598889872431755,0.10731130093336105,0.07831115275621414,0.029598889872431755,0.10731130093336105,0.07831115275621414,0.029598889872431755
R1108_67,G,67,0.13151036202907562,0.039999812841415405,0.0280699972063303,0.13151036202907562,0.039999812841415405,0.0280699972063303,0.13151036202907562,0.039999812841415405,0.0280699972063303,0.13151036202907562,0.039999812841415405,0.0280699972063303,0.13151036202907562,0.039999812841415405,0.0280699972063303
R1108_68,C,68,0.1510133445262909,-0.010720614343881607,0.028379278257489204,0.1510133445262909,-0.010720614343881607,0.028379278257489204,0.1510133445262909,-0.010720614343881607,0.028379278257489204,0.1510133445262909,-0.010720614343881607,0.028379278257489204,0.1510133445262909,-0.010720614343881607,0.028379278257489204
R1108_69,U,69,0.10845376551151276,0.034914061427116394,0.03549748659133911,0.10845376551151276,0.034914061427116394,0.03549748659133911,0.10845376551151276,0.034914061427116394,0.03549748659133911,0.10845376551151276,0.034914061427116394,0.03549748659133911,0.10845376551151276,0.034914061427116394,0.03549748659133911
R1116_1,C,1,0.024611743167042732,0.041159093379974365,0.046569690108299255,0.024611743167042732,0.041159093379974365,0.046569690108299255,0.024611743167042732,0.041159093379974365,0.046569690108299255,0.024611743167042732,0.041159093379974365,0.046569690108299255,0.024611743167042732,0.041159093379974365,0.046569690108299255
R1116_2,G,2,0.03746742010116577,0.0745914950966835,0.04264397174119949,0.03746742010116577,0.0745914950966835,0.04264397174119949,0.03746742010116577,0.0745914950966835,0.04264397174119949,0.03746742010116577,0.0745914950966835,0.04264397174119949,0.03746742010116577,0.0745914950966835,0.04264397174119949
R1116_3,C,3,0.03797964006662369,0.05868063122034073,0.04833175987005234,0.03797964006662369,0.05868063122034073,0.04833175987005234,0.03797964006662369,0.05868063122034073,0.04833175987005234,0.03797964006662369,0.05868063122034073,0.04833175987005234,0.03797964006662369,0.05868063122034073,0.04833175987005234
R1116_4,C,4,0.057439956814050674,0.02688417211174965,0.04591561108827591,0.057439956814050674,0.02688417211174965,0.04591561108827591,0.057439956814050674,0.02688417211174965,0.04591561108827591,0.057439956814050674,0.02688417211174965,0.04591561108827591,0.057439956814050674,0.02688417211174965,0.04591561108827591
R1116_5,C,5,0.06643515825271606,-0.005614509806036949,0.04361417889595032,0.06643515825271606,-0.005614509806036949,0.04361417889595032,0.06643515825271606,-0.005614509806036949,0.04361417889595032,0.06643515825271606,-0.005614509806036949,0.04361417889595032,0.06643515825271606,-0.005614509806036949,0.04361417889595032
R1116_6,G,6,0.06434936821460724,0.011516660451889038,0.048239439725875854,0.06434936821460724,0.011516660451889038,0.048239439725875854,0.06434936821460724,0.011516660451889038,0.048239439725875854,0.06434936821460724,0.011516660451889038,0.048239439725875854,0.06434936821460724,0.011516660451889038,0.048239439725875854
R1116_7,G,7,0.06702567636966705,0.027785737067461014,0.05067595839500427,0.06702567636966705,0.027785737067461014,0.05067595839500427,0.06702567636966705,0.027785737067461014,0.05067595839500427,0.06702567636966705,0.027785737067461014,0.05067595839500427,0.06702567636966705,0.027785737067461014,0.05067595839500427
R1116_8,A,8,0.09700325131416321,-0.04143523424863815,0.09086540341377258,0.09700325131416321,-0.04143523424863815,0.09086540341377258,0.09700325131416321,-0.04143523424863815,0.09086540341377258,0.09700325131416321,-0.04143523424863815,0.09086540341377258,0.09700325131416321,-0.04143523424863815,0.09086540341377258
R1116_9,U,9,0.07500540465116501,0.048554759472608566,0.04615072160959244,0.07500540465116501,0.048554759472608566,0.04615072160959244,0.07500540465116501,0.048554759472608566,0.04615072160959244,0.07500540465116501,0.048554759472608566,0.04615072160959244,0.07500540465116501,0.048554759472608566,0.04615072160959244
R1116_10,A,10,0.14047060906887054,-0.06857357919216156,0.12471804767847061,0.14047060906887054,-0.06857357919216156,0.12471804767847061,0.14047060906887054,-0.06857357919216156,0.12471804767847061,0.14047060906887054,-0.06857357919216156,0.12471804767847061,0.14047060906887054,-0.06857357919216156,0.12471804767847061
R1116_11,G,11,0.08748156577348709,-0.017916006967425346,0.062041640281677246,0.08748156577348709,-0.017916006967425346,0.062041640281677246,0.08748156577348709,-0.017916006967425346,0.062041640281677246,0.08748156577348709,-0.017916006967425346,0.062041640281677246,0.08748156577348709,-0.017916006967425346,0.062041640281677246
R1116_12,C,12,0.09116030484437943,-0.04613932967185974,0.0774347111582756,0.09116030484437943,-0.04613932967185974,0.0774347111582756,0.09116030484437943,-0.04613932967185974,0.0774347111582756,0.09116030484437943,-0.04613932967185974,0.0774347111582756,0.09116030484437943,-0.04613932967185974,0.0774347111582756
R1116_13,U,13,0.07801353186368942,0.019848298281431198,0.049894049763679504,0.07801353186368942,0.019848298281431198,0.049894049763679504,0.07801353186368942,0.019848298281431198,0.049894049763679504,0.07801353186368942,0.019848298281431198,0.049894049763679504,0.07801353186368942,0.019848298281431198,0.049894049763679504
R1116_14,C,14,0.07404166460037231,0.025022095069289207,0.05499047785997391,0.07404166460037231,0.025022095069289207,0.05499047785997391,0.07404166460037231,0.025022095069289207,0.05499047785997391,0.07404166460037231,0.025022095069289207,0.05499047785997391,0.07404166460037231,0.025022095069289207,0.05499047785997391
R1116_15,A,15,0.08941595256328583,-0.01462605781853199,0.10313219577074051,0.08941595256328583,-0.01462605781853199,0.10313219577074051,0.08941595256328583,-0.01462605781853199,0.10313219577074051,0.08941595256328583,-0.01462605781853199,0.10313219577074051,0.08941595256328583,-0.01462605781853199,0.10313219577074051
R1116_16,G,16,0.06400707364082336,0.029730983078479767,0.06154107302427292,0.06400707364082336,0.029730983078479767,0.06154107302427292,0.06400707364082336,0.029730983078479767,0.06154107302427292,0.06400707364082336,0.029730983078479767,0.06154107302427292,0.06400707364082336,0.029730983078479767,0.06154107302427292
R1116_17,U,17,0.06487087160348892,0.02586626261472702,0.05146276205778122,0.06487087160348892,0.02586626261472702,0.05146276205778122,0.06487087160348892,0.02586626261472702,0.05146276205778122,0.06487087160348892,0.02586626261472702,0.05146276205778122,0.06487087160348892,0.02586626261472702,0.05146276205778122
R1116_18,C,18,0.06212007254362106,-0.022901488468050957,0.06632301211357117,0.06212007254362106,-0.022901488468050957,0.06632301211357117,0.06212007254362106,-0.022901488468050957,0.06632301211357117,0.06212007254362106,-0.022901488468050957,0.06632301211357117,0.06212007254362106,-0.022901488468050957,0.06632301211357117
R1116_19,G,19,0.06016610562801361,0.02221817895770073,0.05025012046098709,0.06016610562801361,0.02221817895770073,0.05025012046098709,0.06016610562801361,0.02221817895770073,0.05025012046098709,0.06016610562801361,0.02221817895770073,0.05025012046098709,0.06016610562801361,0.02221817895770073,0.05025012046098709
R1116_20,G,20,0.058545567095279694,0.053858183324337006,0.04738326370716095,0.058545567095279694,0.053858183324337006,0.04738326370716095,0.058545567095279694,0.053858183324337006,0.04738326370716095,0.058545567095279694,0.053858183324337006,0.04738326370716095,0.058545567095279694,0.053858183324337006,0.04738326370716095
R1116_21,U,21,0.06131076440215111,0.07893016934394836,0.046767883002758026,0.06131076440215111,0.07893016934394836,0.046767883002758026,0.06131076440215111,0.07893016934394836,0.046767883002758026,0.06131076440215111,0.07893016934394836,0.046767883002758026,0.06131076440215111,0.07893016934394836,0.046767883002758026
R1116_22,A,22,0.06288277357816696,0.0466303750872612,0.0744946300983429,0.06288277357816696,0.0466303750872612,0.0744946300983429,0.06288277357816696,0.0466303750872612,0.0744946300983429,0.06288277357816696,0.0466303750872612,0.0744946300983429,0.06288277357816696,0.0466303750872612,0.0744946300983429
R1116_23,G,23,0.07436183094978333,0.03883863985538483,0.0474623367190361,0.07436183094978333,0.03883863985538483,0.0474623367190361,0.07436183094978333,0.03883863985538483,0.0474623367190361,0.07436183094978333,0.03883863985538483,0.0474623367190361,0.07436183094978333,0.03883863985538483,0.0474623367190361
R1116_24,A,24,0.10277201980352402,-0.0036971475929021835,0.04342915862798691,0.10277201980352402,-0.0036971475929021835,0.04342915862798691,0.10277201980352402,-0.0036971475929021835,0.04342915862798691,0.10277201980352402,-0.0036971475929021835,0.04342915862798691,0.10277201980352402,-0.0036971475929021835,0.04342915862798691
R1116_25,G,25,0.08006855845451355,0.022983701899647713,0.04116082191467285,0.08006855845451355,0.022983701899647713,0.04116082191467285,0.08006855845451355,0.022983701899647713,0.04116082191467285,0.08006855845451355,0.022983701899647713,0.04116082191467285,0.08006855845451355,0.022983701899647713,0.04116082191467285
R1116_26,C,26,0.08782121539115906,0.04120982438325882,0.04050785303115845,0.08782121539115906,0.04120982438325882,0.04050785303115845,0.08782121539115906,0.04120982438325882,0.04050785303115845,0.08782121539115906,0.04120982438325882,0.04050785303115845,0.08782121539115906,0.04120982438325882,0.04050785303115845
R1116_27,A,27,0.10425462573766708,0.05413675308227539,0.0632273331284523,0.10425462573766708,0.05413675308227539,0.0632273331284523,0.10425462573766708,0.05413675308227539,0.0632273331284523,0.10425462573766708,0.05413675308227539,0.0632273331284523,0.10425462573766708,0.05413675308227539,0.0632273331284523
R1116_28,G,28,0.09340658038854599,0.05583705008029938,0.03491216152906418,0.09340658038854599,0.05583705008029938,0.03491216152906418,0.09340658038854599,0.05583705008029938,0.03491216152906418,0.09340658038854599,0.05583705008029938,0.03491216152906418,0.09340658038854599,0.05583705008029938,0.03491216152906418
R1116_29,C,29,0.11571359634399414,-0.00796680711209774,0.05651470273733139,0.11571359634399414,-0.00796680711209774,0.05651470273733139,0.11571359634399414,-0.00796680711209774,0.05651470273733139,0.11571359634399414,-0.00796680711209774,0.05651470273733139,0.11571359634399414,-0.00796680711209774,0.05651470273733139
R1116_30,G,30,0.10325533151626587,-0.007401283830404282,0.04512527585029602,0.10325533151626587,-0.007401283830404282,0.04512527585029602,0.10325533151626587,-0.007401283830404282,0.04512527585029602,0.10325533151626587,-0.007401283830404282,0.04512527585029602,0.10325533151626587,-0.007401283830404282,0.04512527585029602
R1116_31,G,31,0.09485017508268356,0.0028512142598628998,0.04174835979938507,0.09485017508268356,0.0028512142598628998,0.04174835979938507,0.09485017508268356,0.0028512142598628998,0.04174835979938507,0.09485017508268356,0.0028512142598628998,0.04174835979938507,0.09485017508268356,0.0028512142598628998,0.04174835979938507
R1116_32,C,32,0.07780968397855759,0.019934944808483124,0.0388505756855011,0.07780968397855759,0.019934944808483124,0.0388505756855011,0.07780968397855759,0.019934944808483124,0.0388505756855011,0.07780968397855759,0.019934944808483124,0.0388505756855011,0.07780968397855759,0.019934944808483124,0.0388505756855011
R1116_33,U,33,0.07023350894451141,0.07362744957208633,0.029450906440615654,0.07023350894451141,0.07362744957208633,0.029450906440615654,0.07023350894451141,0.07362744957208633,0.029450906440615654,0.07023350894451141,0.07362744957208633,0.029450906440615654,0.07023350894451141,0.07362744957208633,0.029450906440615654
R1116_34,A,34,0.03993246704339981,0.013610050082206726,0.060417309403419495,0.03993246704339981,0.013610050082206726,0.060417309403419495,0.03993246704339981,0.013610050082206726,0.060417309403419495,0.03993246704339981,0.013610050082206726,0.060417309403419495,0.03993246704339981,0.013610050082206726,0.060417309403419495
R1116_35,A,35,0.03981637582182884,-0.00812830962240696,0.093743696808815,0.03981637582182884,-0.00812830962240696,0.093743696808815,0.03981637582182884,-0.00812830962240696,0.093743696808815,0.03981637582182884,-0.00812830962240696,0.093743696808815,0.03981637582182884,-0.00812830962240696,0.093743696808815
R1116_36,A,36,0.03643811121582985,-0.02829149179160595,0.08100245893001556,0.03643811121582985,-0.02829149179160595,0.08100245893001556,0.03643811121582985,-0.02829149179160595,0.08100245893001556,0.03643811121582985,-0.02829149179160595,0.08100245893001556,0.03643811121582985,-0.02829149179160595,0.08100245893001556
R1116_37,A,37,0.027733445167541504,-0.008960345759987831,0.05443476140499115,0.027733445167541504,-0.008960345759987831,0.05443476140499115,0.027733445167541504,-0.008960345759987831,0.05443476140499115,0.027733445167541504,-0.008960345759987831,0.05443476140499115,0.027733445167541504,-0.008960345759987831,0.05443476140499115
R1116_38,C,38,0.02765132114291191,0.05665784329175949,0.02814391441643238,0.02765132114291191,0.05665784329175949,0.02814391441643238,0.02765132114291191,0.05665784329175949,0.02814391441643238,0.02765132114291191,0.05665784329175949,0.02814391441643238,0.02765132114291191,0.05665784329175949,0.02814391441643238
R1116_39,A,39,-0.0004716082476079464,0.060977376997470856,0.04741925746202469,-0.0004716082476079464,0.060977376997470856,0.04741925746202469,-0.0004716082476079464,0.060977376997470856,0.04741925746202469,-0.0004716082476079464,0.060977376997470856,0.04741925746202469,-0.0004716082476079464,0.060977376997470856,0.04741925746202469
R1116_40,G,40,0.03458652272820473,0.11999337375164032,0.027901140972971916,0.03458652272820473,0.11999337375164032,0.027901140972971916,0.03458652272820473,0.11999337375164032,0.027901140972971916,0.03458652272820473,0.11999337375164032,0.027901140972971916,0.03458652272820473,0.11999337375164032,0.027901140972971916
R1116_41,C,41,0.03821823373436928,0.1004795953631401,0.03541024774312973,0.03821823373436928,0.1004795953631401,0.03541024774312973,0.03821823373436928,0.1004795953631401,0.03541024774312973,0.03821823373436928,0.1004795953631401,0.03541024774312973,0.03821823373436928,0.1004795953631401,0.03541024774312973
R1116_42,U,42,0.052695710211992264,0.08554499596357346,0.03162448853254318,0.052695710211992264,0.08554499596357346,0.03162448853254318,0.052695710211992264,0.08554499596357346,0.03162448853254318,0.052695710211992264,0.08554499596357346,0.03162448853254318,0.052695710211992264,0.08554499596357346,0.03162448853254318
R1116_43,C,43,0.0634046271443367,0.05608184635639191,0.024783531203866005,0.0634046271443367,0.05608184635639191,0.024783531203866005,0.0634046271443367,0.05608184635639191,0.024783531203866005,0.0634046271443367,0.05608184635639191,0.024783531203866005,0.0634046271443367,0.05608184635639191,0.024783531203866005
R1116_44,U,44,0.0592927485704422,0.07777006924152374,0.03029344417154789,0.0592927485704422,0.07777006924152374,0.03029344417154789,0.0592927485704422,0.07777006924152374,0.03029344417154789,0.0592927485704422,0.07777006924152374,0.03029344417154789,0.0592927485704422,0.07777006924152374,0.03029344417154789
R1116_45,G,45,0.061279747635126114,0.0935303121805191,0.02921369858086109,0.061279747635126114,0.0935303121805191,0.02921369858086109,0.061279747635126114,0.0935303121805191,0.02921369858086109,0.061279747635126114,0.0935303121805191,0.02921369858086109,0.061279747635126114,0.0935303121805191,0.02921369858086109
R1116_46,G,46,0.07078313827514648,0.1080506443977356,0.025763830170035362,0.07078313827514648,0.1080506443977356,0.025763830170035362,0.07078313827514648,0.1080506443977356,0.025763830170035362,0.07078313827514648,0.1080506443977356,0.025763830170035362,0.07078313827514648,0.1080506443977356,0.025763830170035362
R1116_47,G,47,0.08356098085641861,0.08575298637151718,0.027986297383904457,0.08356098085641861,0.08575298637151718,0.027986297383904457,0.08356098085641861,0.08575298637151718,0.027986297383904457,0.08356098085641861,0.08575298637151718,0.027986297383904457,0.08356098085641861,0.08575298637151718,0.027986297383904457
R1116_48,G,48,0.09216877818107605,0.05246803164482117,0.022527379915118217,0.09216877818107605,0.05246803164482117,0.022527379915118217,0.09216877818107605,0.05246803164482117,0.022527379915118217,0.09216877818107605,0.05246803164482117,0.022527379915118217,0.09216877818107605,0.05246803164482117,0.022527379915118217
R1116_49,U,49,0.08584780246019363,0.04522154480218887,0.021989470347762108,0.08584780246019363,0.04522154480218887,0.021989470347762108,0.08584780246019363,0.04522154480218887,0.021989470347762108,0.08584780246019363,0.04522154480218887,0.021989470347762108,0.08584780246019363,0.04522154480218887,0.021989470347762108
R1116_50,U,50,0.07955848425626755,0.046846624463796616,0.024461695924401283,0.07955848425626755,0.046846624463796616,0.024461695924401283,0.07955848425626755,0.046846624463796616,0.024461695924401283,0.07955848425626755,0.046846624463796616,0.024461695924401283,0.07955848425626755,0.046846624463796616,0.024461695924401283
R1116_51,G,51,0.08024580776691437,0.056291043758392334,0.017297687008976936,0.08024580776691437,0.056291043758392334,0.017297687008976936,0.08024580776691437,0.056291043758392334,0.017297687008976936,0.08024580776691437,0.056291043758392334,0.017297687008976936,0.08024580776691437,0.056291043758392334,0.017297687008976936
R1116_52,U,52,0.07775554060935974,0.0847652480006218,0.022288164123892784,0.07775554060935974,0.0847652480006218,0.022288164123892784,0.07775554060935974,0.0847652480006218,0.022288164123892784,0.07775554060935974,0.0847652480006218,0.022288164123892784,0.07775554060935974,0.0847652480006218,0.022288164123892784
R1116_53,A,53,0.16258604824543,-0.041685380041599274,-0.006504504010081291,0.16258604824543,-0.041685380041599274,-0.006504504010081291,0.16258604824543,-0.041685380041599274,-0.006504504010081291,0.16258604824543,-0.041685380041599274,-0.006504504010081291,0.16258604824543,-0.041685380041599274,-0.006504504010081291
R1116_54,C,54,0.10560698062181473,0.013177230954170227,0.021476982161402702,0.10560698062181473,0.013177230954170227,0.021476982161402702,0.10560698062181473,0.013177230954170227,0.021476982161402702,0.10560698062181473,0.013177230954170227,0.021476982161402702,0.10560698062181473,0.013177230954170227,0.021476982161402702
R1116_55,C,55,0.08295027166604996,-0.012358492240309715,0.026950398460030556,0.08295027166604996,-0.012358492240309715,0.026950398460030556,0.08295027166604996,-0.012358492240309715,0.026950398460030556,0.08295027166604996,-0.012358492240309715,0.026950398460030556,0.08295027166604996,-0.012358492240309715,0.026950398460030556
R1116_56,C,56,0.07276961207389832,-0.01343785785138607,0.03237029165029526,0.07276961207389832,-0.01343785785138607,0.03237029165029526,0.07276961207389832,-0.01343785785138607,0.03237029165029526,0.07276961207389832,-0.01343785785138607,0.03237029165029526,0.07276961207389832,-0.01343785785138607,0.03237029165029526
R1116_57,A,57,0.07783890515565872,-0.06753941625356674,0.051766663789749146,0.07783890515565872,-0.06753941625356674,0.051766663789749146,0.07783890515565872,-0.06753941625356674,0.051766663789749146,0.07783890515565872,-0.06753941625356674,0.051766663789749146,0.07783890515565872,-0.06753941625356674,0.051766663789749146
R1116_58,C,58,0.08121950924396515,0.059102863073349,0.040593042969703674,0.08121950924396515,0.059102863073349,0.040593042969703674,0.08121950924396515,0.059102863073349,0.040593042969703674,0.08121950924396515,0.059102863073349,0.040593042969703674,0.08121950924396515,0.059102863073349,0.040593042969703674
R1116_59,C,59,0.0952187180519104,0.07627316564321518,0.03519480675458908,0.0952187180519104,0.07627316564321518,0.03519480675458908,0.0952187180519104,0.07627316564321518,0.03519480675458908,0.0952187180519104,0.07627316564321518,0.03519480675458908,0.0952187180519104,0.07627316564321518,0.03519480675458908
R1116_60,C,60,0.10368095338344574,0.06026119738817215,0.03252566605806351,0.10368095338344574,0.06026119738817215,0.03252566605806351,0.10368095338344574,0.06026119738817215,0.03252566605806351,0.10368095338344574,0.06026119738817215,0.03252566605806351,0.10368095338344574,0.06026119738817215,0.03252566605806351
R1116_61,C,61,0.09946288913488388,0.038985755294561386,0.0317612960934639,0.09946288913488388,0.038985755294561386,0.0317612960934639,0.09946288913488388,0.038985755294561386,0.0317612960934639,0.09946288913488388,0.038985755294561386,0.0317612960934639,0.09946288913488388,0.038985755294561386,0.0317612960934639
R1116_62,A,62,0.10603426396846771,-0.012844232842326164,0.057572945952415466,0.10603426396846771,-0.012844232842326164,0.057572945952415466,0.10603426396846771,-0.012844232842326164,0.057572945952415466,0.10603426396846771,-0.012844232842326164,0.057572945952415466,0.10603426396846771,-0.012844232842326164,0.057572945952415466
R1116_63,G,63,0.07929950952529907,0.06726017594337463,0.03156614303588867,0.07929950952529907,0.06726017594337463,0.03156614303588867,0.07929950952529907,0.06726017594337463,0.03156614303588867,0.07929950952529907,0.06726017594337463,0.03156614303588867,0.07929950952529907,0.06726017594337463,0.03156614303588867
R1116_64,A,64,0.10416705161333084,0.049713559448719025,0.04612286388874054,0.10416705161333084,0.049713559448719025,0.04612286388874054,0.10416705161333084,0.049713559448719025,0.04612286388874054,0.10416705161333084,0.049713559448719025,0.04612286388874054,0.10416705161333084,0.049713559448719025,0.04612286388874054
R1116_65,G,65,0.10627371817827225,0.09608876705169678,0.024185320362448692,0.10627371817827225,0.09608876705169678,0.024185320362448692,0.10627371817827225,0.09608876705169678,0.024185320362448692,0.10627371817827225,0.09608876705169678,0.024185320362448692,0.10627371817827225,0.09608876705169678,0.024185320362448692
R1116_66,G,66,0.12128062546253204,0.0778677761554718,0.02598349191248417,0.12128062546253204,0.0778677761554718,0.02598349191248417,0.12128062546253204,0.0778677761554718,0.02598349191248417,0.12128062546253204,0.0778677761554718,0.02598349191248417,0.12128062546253204,0.0778677761554718,0.02598349191248417
R1116_67,C,67,0.1585334986448288,0.02041965164244175,0.02302585355937481,0.1585334986448288,0.02041965164244175,0.02302585355937481,0.1585334986448288,0.02041965164244175,0.02302585355937481,0.1585334986448288,0.02041965164244175,0.02302585355937481,0.1585334986448288,0.02041965164244175,0.02302585355937481
R1116_68,C,68,0.1510133445262909,-0.010720614343881607,0.028379278257489204,0.1510133445262909,-0.010720614343881607,0.028379278257489204,0.1510133445262909,-0.010720614343881607,0.028379278257489204,0.1510133445262909,-0.010720614343881607,0.028379278257489204,0.1510133445262909,-0.010720614343881607,0.028379278257489204
R1116_69,C,69,0.13986295461654663,-0.0038400087505578995,0.03430561721324921,0.13986295461654663,-0.0038400087505578995,0.03430561721324921,0.13986295461654663,-0.0038400087505578995,0.03430561721324921,0.13986295461654663,-0.0038400087505578995,0.03430561721324921,0.13986295461654663,-0.0038400087505578995,0.03430561721324921
R1116_70,A,70,0.1920851320028305,-0.010561695322394371,0.048921868205070496,0.1920851320028305,-0.010561695322394371,0.048921868205070496,0.1920851320028305,-0.010561695322394371,0.048921868205070496,0.1920851320028305,-0.010561695322394371,0.048921868205070496,0.1920851320028305,-0.010561695322394371,0.048921868205070496
R1116_71,C,71,0.174407497048378,0.04954961687326431,0.011728046461939812,0.174407497048378,0.04954961687326431,0.011728046461939812,0.174407497048378,0.04954961687326431,0.011728046461939812,0.174407497048378,0.04954961687326431,0.011728046461939812,0.174407497048378,0.04954961687326431,0.011728046461939812
R1116_72,G,72,0.1435711681842804,0.05620311200618744,0.02304111234843731,0.1435711681842804,0.05620311200618744,0.02304111234843731,0.1435711681842804,0.05620311200618744,0.02304111234843731,0.1435711681842804,0.05620311200618744,0.02304111234843731,0.1435711681842804,0.05620311200618744,0.02304111234843731
R1116_73,U,73,0.11992432177066803,0.0400286540389061,0.03114747814834118,0.11992432177066803,0.0400286540389061,0.03114747814834118,0.11992432177066803,0.0400286540389061,0.03114747814834118,0.11992432177066803,0.0400286540389061,0.03114747814834118,0.11992432177066803,0.0400286540389061,0.03114747814834118
R1116_74,G,74,0.130218505859375,0.010943004861474037,0.030147017911076546,0.130218505859375,0.010943004861474037,0.030147017911076546,0.130218505859375,0.010943004861474037,0.030147017911076546,0.130218505859375,0.010943004861474037,0.030147017911076546,0.130218505859375,0.010943004861474037,0.030147017911076546
R1116_75,G,75,0.12168138474225998,0.01974274218082428,0.029503824189305305,0.12168138474225998,0.01974274218082428,0.029503824189305305,0.12168138474225998,0.01974274218082428,0.029503824189305305,0.12168138474225998,0.01974274218082428,0.029503824189305305,0.12168138474225998,0.01974274218082428,0.029503824189305305
R1116_76,C,76,0.13079939782619476,0.04404018074274063,0.017391784116625786,0.13079939782619476,0.04404018074274063,0.017391784116625786,0.13079939782619476,0.04404018074274063,0.017391784116625786,0.13079939782619476,0.04404018074274063,0.017391784116625786,0.13079939782619476,0.04404018074274063,0.017391784116625786
R1116_77,G,77,0.1180885061621666,0.08234264701604843,0.021603038534522057,0.1180885061621666,0.08234264701604843,0.021603038534522057,0.1180885061621666,0.08234264701604843,0.021603038534522057,0.1180885061621666,0.08234264701604843,0.021603038534522057,0.1180885061621666,0.08234264701604843,0.021603038534522057
R1116_78,G,78,0.11593768745660782,0.08627388626337051,0.025298798456788063,0.11593768745660782,0.08627388626337051,0.025298798456788063,0.11593768745660782,0.08627388626337051,0.025298798456788063,0.11593768745660782,0.08627388626337051,0.025298798456788063,0.11593768745660782,0.08627388626337051,0.025298798456788063
R1116_79,C,79,0.13514108955860138,0.06201756000518799,0.02283790148794651,0.13514108955860138,0.06201756000518799,0.02283790148794651,0.13514108955860138,0.06201756000518799,0.02283790148794651,0.13514108955860138,0.06201756000518799,0.02283790148794651,0.13514108955860138,0.06201756000518799,0.02283790148794651
R1116_80,U,80,0.10352742671966553,0.05884644389152527,0.026969468221068382,0.10352742671966553,0.05884644389152527,0.026969468221068382,0.10352742671966553,0.05884644389152527,0.026969468221068382,0.10352742671966553,0.05884644389152527,0.026969468221068382,0.10352742671966553,0.05884644389152527,0.026969468221068382
R1116_81,A,81,0.14337368309497833,0.002560773864388466,0.04224247485399246,0.14337368309497833,0.002560773864388466,0.04224247485399246,0.14337368309497833,0.002560773864388466,0.04224247485399246,0.14337368309497833,0.002560773864388466,0.04224247485399246,0.14337368309497833,0.002560773864388466,0.04224247485399246
R1116_82,G,82,0.10494952648878098,0.06911347806453705,0.024893837049603462,0.10494952648878098,0.06911347806453705,0.024893837049603462,0.10494952648878098,0.06911347806453705,0.024893837049603462,0.10494952648878098,0.06911347806453705,0.024893837049603462,0.10494952648878098,0.06911347806453705,0.024893837049603462
R1116_83,U,83,0.1030731350183487,0.09406054019927979,0.020377421751618385,0.1030731350183487,0.09406054019927979,0.020377421751618385,0.1030731350183487,0.09406054019927979,0.020377421751618385,0.1030731350183487,0.09406054019927979,0.020377421751618385,0.1030731350183487,0.09406054019927979,0.020377421751618385
R1116_84,A,84,0.18655842542648315,0.12079647183418274,-0.007872499525547028,0.18655842542648315,0.12079647183418274,-0.007872499525547028,0.18655842542648315,0.12079647183418274,-0.007872499525547028,0.18655842542648315,0.12079647183418274,-0.007872499525547028,0.18655842542648315,0.12079647183418274,-0.007872499525547028
R1116_85,C,85,0.16417920589447021,0.07439875602722168,0.0038470961153507233,0.16417920589447021,0.07439875602722168,0.0038470961153507233,0.16417920589447021,0.07439875602722168,0.0038470961153507233,0.16417920589447021,0.07439875602722168,0.0038470961153507233,0.16417920589447021,0.07439875602722168,0.0038470961153507233
R1116_86,U,86,0.1254831701517105,0.0554032102227211,0.017065541818737984,0.1254831701517105,0.0554032102227211,0.017065541818737984,0.1254831701517105,0.0554032102227211,0.017065541818737984,0.1254831701517105,0.0554032102227211,0.017065541818737984,0.1254831701517105,0.0554032102227211,0.017065541818737984
R1116_87,C,87,0.16730262339115143,-0.005605986341834068,0.005810044705867767,0.16730262339115143,-0.005605986341834068,0.005810044705867767,0.16730262339115143,-0.005605986341834068,0.005810044705867767,0.16730262339115143,-0.005605986341834068,0.005810044705867767,0.16730262339115143,-0.005605986341834068,0.005810044705867767
R1116_88,C,88,0.1560952514410019,0.01226569339632988,0.00639217346906662,0.1560952514410019,0.01226569339632988,0.00639217346906662,0.1560952514410019,0.01226569339632988,0.00639217346906662,0.1560952514410019,0.01226569339632988,0.00639217346906662,0.1560952514410019,0.01226569339632988,0.00639217346906662
R1116_89,G,89,0.13286525011062622,0.07342361658811569,0.0015190597623586655,0.13286525011062622,0.07342361658811569,0.0015190597623586655,0.13286525011062622,0.07342361658811569,0.0015190597623586655,0.13286525011062622,0.07342361658811569,0.0015190597623586655,0.13286525011062622,0.07342361658811569,0.0015190597623586655
R1116_90,G,90,0.13931161165237427,0.08847558498382568,-0.007492667064070702,0.13931161165237427,0.08847558498382568,-0.007492667064070702,0.13931161165237427,0.08847558498382568,-0.007492667064070702,0.13931161165237427,0.08847558498382568,-0.007492667064070702,0.13931161165237427,0.08847558498382568,-0.007492667064070702
R1116_91,U,91,0.12481372803449631,0.07465745508670807,0.006281621754169464,0.12481372803449631,0.07465745508670807,0.006281621754169464,0.12481372803449631,0.07465745508670807,0.006281621754169464,0.12481372803449631,0.07465745508670807,0.006281621754169464,0.12481372803449631,0.07465745508670807,0.006281621754169464
R1116_92,A,92,0.20646657049655914,-0.03917907178401947,0.03772483021020889,0.20646657049655914,-0.03917907178401947,0.03772483021020889,0.20646657049655914,-0.03917907178401947,0.03772483021020889,0.20646657049655914,-0.03917907178401947,0.03772483021020889,0.20646657049655914,-0.03917907178401947,0.03772483021020889
R1116_93,U,93,0.11602792143821716,0.0387081652879715,0.012099457904696465,0.11602792143821716,0.0387081652879715,0.012099457904696465,0.11602792143821716,0.0387081652879715,0.012099457904696465,0.11602792143821716,0.0387081652879715,0.012099457904696465,0.11602792143821716,0.0387081652879715,0.012099457904696465
R1116_94,U,94,0.10315033048391342,0.05651622265577316,0.009327312931418419,0.10315033048391342,0.05651622265577316,0.009327312931418419,0.10315033048391342,0.05651622265577316,0.009327312931418419,0.10315033048391342,0.05651622265577316,0.009327312931418419,0.10315033048391342,0.05651622265577316,0.009327312931418419
R1116_95,G,95,0.1031157448887825,0.08469220250844955,-0.007420090958476067,0.1031157448887825,0.08469220250844955,-0.007420090958476067,0.1031157448887825,0.08469220250844955,-0.007420090958476067,0.1031157448887825,0.08469220250844955,-0.007420090958476067,0.1031157448887825,0.08469220250844955,-0.007420090958476067
R1116_96,C,96,0.1157141625881195,0.12072239071130753,-0.02680504135787487,0.1157141625881195,0.12072239071130753,-0.02680504135787487,0.1157141625881195,0.12072239071130753,-0.02680504135787487,0.1157141625881195,0.12072239071130753,-0.02680504135787487,0.1157141625881195,0.12072239071130753,-0.02680504135787487
R1116_97,G,97,0.09627002477645874,0.11591874808073044,-0.0068392083048820496,0.09627002477645874,0.11591874808073044,-0.0068392083048820496,0.09627002477645874,0.11591874808073044,-0.0068392083048820496,0.09627002477645874,0.11591874808073044,-0.0068392083048820496,0.09627002477645874,0.11591874808073044,-0.0068392083048820496
R1116_98,G,98,0.09597758203744888,0.09562351554632187,-0.002278156578540802,0.09597758203744888,0.09562351554632187,-0.002278156578540802,0.09597758203744888,0.09562351554632187,-0.002278156578540802,0.09597758203744888,0.09562351554632187,-0.002278156578540802,0.09597758203744888,0.09562351554632187,-0.002278156578540802
R1116_99,U,99,0.08456479012966156,0.08573499321937561,0.008146403357386589,0.08456479012966156,0.08573499321937561,0.008146403357386589,0.08456479012966156,0.08573499321937561,0.008146403357386589,0.08456479012966156,0.08573499321937561,0.008146403357386589,0.08456479012966156,0.08573499321937561,0.008146403357386589
R1116_100,A,100,0.07229641079902649,0.08765499293804169,0.01453082449734211,0.07229641079902649,0.08765499293804169,0.01453082449734211,0.07229641079902649,0.08765499293804169,0.01453082449734211,0.07229641079902649,0.08765499293804169,0.01453082449734211,0.07229641079902649,0.08765499293804169,0.01453082449734211
R1116_101,C,101,0.07282739132642746,0.10773585736751556,-0.002639804035425186,0.07282739132642746,0.10773585736751556,-0.002639804035425186,0.07282739132642746,0.10773585736751556,-0.002639804035425186,0.07282739132642746,0.10773585736751556,-0.002639804035425186,0.07282739132642746,0.10773585736751556,-0.002639804035425186
R1116_102,C,102,0.08017735183238983,0.1422070413827896,-0.003682473674416542,0.08017735183238983,0.1422070413827896,-0.003682473674416542,0.08017735183238983,0.1422070413827896,-0.003682473674416542,0.08017735183238983,0.1422070413827896,-0.003682473674416542,0.08017735183238983,0.1422070413827896,-0.003682473674416542
R1116_103,C,103,0.09400167316198349,0.1427774578332901,-0.00041201524436473846,0.09400167316198349,0.1427774578332901,-0.00041201524436473846,0.09400167316198349,0.1427774578332901,-0.00041201524436473846,0.09400167316198349,0.1427774578332901,-0.00041201524436473846,0.09400167316198349,0.1427774578332901,-0.00041201524436473846
R1116_104,U,104,0.08986996114253998,0.11386915296316147,0.003995239734649658,0.08986996114253998,0.11386915296316147,0.003995239734649658,0.08986996114253998,0.11386915296316147,0.003995239734649658,0.08986996114253998,0.11386915296316147,0.003995239734649658,0.08986996114253998,0.11386915296316147,0.003995239734649658
R1116_105,U,105,0.09608975797891617,0.08680512011051178,-0.0008035618811845779,0.09608975797891617,0.08680512011051178,-0.0008035618811845779,0.09608975797891617,0.08680512011051178,-0.0008035618811845779,0.09608975797891617,0.08680512011051178,-0.0008035618811845779,0.09608975797891617,0.08680512011051178,-0.0008035618811845779
R1116_106,G,106,0.10558698326349258,0.06933120638132095,-0.010102732107043266,0.10558698326349258,0.06933120638132095,-0.010102732107043266,0.10558698326349258,0.06933120638132095,-0.010102732107043266,0.10558698326349258,0.06933120638132095,-0.010102732107043266,0.10558698326349258,0.06933120638132095,-0.010102732107043266
R1116_107,U,107,0.0914490818977356,0.08496641367673874,-0.0010313894599676132,0.0914490818977356,0.08496641367673874,-0.0010313894599676132,0.0914490818977356,0.08496641367673874,-0.0010313894599676132,0.0914490818977356,0.08496641367673874,-0.0010313894599676132,0.0914490818977356,0.08496641367673874,-0.0010313894599676132
R1116_108,A,108,0.12765322625637054,0.06931257992982864,-0.018047211691737175,0.12765322625637054,0.06931257992982864,-0.018047211691737175,0.12765322625637054,0.06931257992982864,-0.018047211691737175,0.12765322625637054,0.06931257992982864,-0.018047211691737175,0.12765322625637054,0.06931257992982864,-0.018047211691737175
R1116_109,C,109,0.12948961555957794,0.10271117091178894,-0.030590355396270752,0.12948961555957794,0.10271117091178894,-0.030590355396270752,0.12948961555957794,0.10271117091178894,-0.030590355396270752,0.12948961555957794,0.10271117091178894,-0.030590355396270752,0.12948961555957794,0.10271117091178894,-0.030590355396270752
R1116_110,G,110,0.11703857034444809,0.08034221082925797,-0.016254106536507607,0.11703857034444809,0.08034221082925797,-0.016254106536507607,0.11703857034444809,0.08034221082925797,-0.016254106536507607,0.11703857034444809,0.08034221082925797,-0.016254106536507607,0.11703857034444809,0.08034221082925797,-0.016254106536507607
R1116_111,C,111,0.1307828575372696,0.014934721402823925,-0.014209424145519733,0.1307828575372696,0.014934721402823925,-0.014209424145519733,0.1307828575372696,0.014934721402823925,-0.014209424145519733,0.1307828575372696,0.014934721402823925,-0.014209424145519733,0.1307828575372696,0.014934721402823925,-0.014209424145519733
R1116_112,C,112,0.11423943191766739,0.010820962488651276,-0.006104223430156708,0.11423943191766739,0.010820962488651276,-0.006104223430156708,0.11423943191766739,0.010820962488651276,-0.006104223430156708,0.11423943191766739,0.010820962488651276,-0.006104223430156708,0.11423943191766739,0.010820962488651276,-0.006104223430156708
R1116_113,U,113,0.08782432228326797,0.06013371795415878,0.002444511279463768,0.08782432228326797,0.06013371795415878,0.002444511279463768,0.08782432228326797,0.06013371795415878,0.002444511279463768,0.08782432228326797,0.06013371795415878,0.002444511279463768,0.08782432228326797,0.06013371795415878,0.002444511279463768
R1116_114,G,114,0.09313316643238068,0.07391000539064407,-0.004169754683971405,0.09313316643238068,0.07391000539064407,-0.004169754683971405,0.09313316643238068,0.07391000539064407,-0.004169754683971405,0.09313316643238068,0.07391000539064407,-0.004169754683971405,0.09313316643238068,0.07391000539064407,-0.004169754683971405
R1116_115,U,115,0.08587847650051117,0.09738845378160477,0.002949235960841179,0.08587847650051117,0.09738845378160477,0.002949235960841179,0.08587847650051117,0.09738845378160477,0.002949235960841179,0.08587847650051117,0.09738845378160477,0.002949235960841179,0.08587847650051117,0.09738845378160477,0.002949235960841179
R1116_116,U,116,0.08569201827049255,0.09364370256662369,0.0064755938947200775,0.08569201827049255,0.09364370256662369,0.0064755938947200775,0.08569201827049255,0.09364370256662369,0.0064755938947200775,0.08569201827049255,0.09364370256662369,0.0064755938947200775,0.08569201827049255,0.09364370256662369,0.0064755938947200775
R1116_117,U,117,0.08338699489831924,0.0787905603647232,0.010365737602114677,0.08338699489831924,0.0787905603647232,0.010365737602114677,0.08338699489831924,0.0787905603647232,0.010365737602114677,0.08338699489831924,0.0787905603647232,0.010365737602114677,0.08338699489831924,0.0787905603647232,0.010365737602114677
R1116_118,U,118,0.0780242308974266,0.06716953217983246,0.012494338676333427,0.0780242308974266,0.06716953217983246,0.012494338676333427,0.0780242308974266,0.06716953217983246,0.012494338676333427,0.0780242308974266,0.06716953217983246,0.012494338676333427,0.0780242308974266,0.06716953217983246,0.012494338676333427
R1116_119,A,119,0.07366304099559784,0.016621869057416916,0.04665205627679825,0.07366304099559784,0.016621869057416916,0.04665205627679825,0.07366304099559784,0.016621869057416916,0.04665205627679825,0.07366304099559784,0.016621869057416916,0.04665205627679825,0.07366304099559784,0.016621869057416916,0.04665205627679825
R1116_120,G,120,0.07399510592222214,0.07798141241073608,0.01763136126101017,0.07399510592222214,0.07798141241073608,0.01763136126101017,0.07399510592222214,0.07798141241073608,0.01763136126101017,0.07399510592222214,0.07798141241073608,0.01763136126101017,0.07399510592222214,0.07798141241073608,0.01763136126101017
R1116_121,C,121,0.08965538442134857,0.09972412139177322,0.013701224699616432,0.08965538442134857,0.09972412139177322,0.013701224699616432,0.08965538442134857,0.09972412139177322,0.013701224699616432,0.08965538442134857,0.09972412139177322,0.013701224699616432,0.08965538442134857,0.09972412139177322,0.013701224699616432
R1116_122,C,122,0.10246497392654419,0.10328167676925659,0.0061774346977472305,0.10246497392654419,0.10328167676925659,0.0061774346977472305,0.10246497392654419,0.10328167676925659,0.0061774346977472305,0.10246497392654419,0.10328167676925659,0.0061774346977472305,0.10246497392654419,0.10328167676925659,0.0061774346977472305
R1116_123,G,123,0.09798932820558548,0.08496834337711334,0.007294017821550369,0.09798932820558548,0.08496834337711334,0.007294017821550369,0.09798932820558548,0.08496834337711334,0.007294017821550369,0.09798932820558548,0.08496834337711334,0.007294017821550369,0.09798932820558548,0.08496834337711334,0.007294017821550369
R1116_124,C,124,0.11632251739501953,0.039320800453424454,0.006291251629590988,0.11632251739501953,0.039320800453424454,0.006291251629590988,0.11632251739501953,0.039320800453424454,0.006291251629590988,0.11632251739501953,0.039320800453424454,0.006291251629590988,0.11632251739501953,0.039320800453424454,0.006291251629590988
R1116_125,G,125,0.09602627903223038,0.048767298460006714,0.005327135324478149,0.09602627903223038,0.048767298460006714,0.005327135324478149,0.09602627903223038,0.048767298460006714,0.005327135324478149,0.09602627903223038,0.048767298460006714,0.005327135324478149,0.09602627903223038,0.048767298460006714,0.005327135324478149
R1116_126,G,126,0.0975981280207634,0.06484697759151459,0.0048675984144210815,0.0975981280207634,0.06484697759151459,0.0048675984144210815,0.0975981280207634,0.06484697759151459,0.0048675984144210815,0.0975981280207634,0.06484697759151459,0.0048675984144210815,0.0975981280207634,0.06484697759151459,0.0048675984144210815
R1116_127,G,127,0.110008604824543,0.08165030181407928,-0.0012927539646625519,0.110008604824543,0.08165030181407928,-0.0012927539646625519,0.110008604824543,0.08165030181407928,-0.0012927539646625519,0.110008604824543,0.08165030181407928,-0.0012927539646625519,0.110008604824543,0.08165030181407928,-0.0012927539646625519
R1116_128,U,128,0.1085548922419548,0.08008962124586105,0.004254261031746864,0.1085548922419548,0.08008962124586105,0.004254261031746864,0.1085548922419548,0.08008962124586105,0.004254261031746864,0.1085548922419548,0.08008962124586105,0.004254261031746864,0.1085548922419548,0.08008962124586105,0.004254261031746864
R1116_129,C,129,0.15307827293872833,0.0156355369836092,-0.0002529658377170563,0.15307827293872833,0.0156355369836092,-0.0002529658377170563,0.15307827293872833,0.0156355369836092,-0.0002529658377170563,0.15307827293872833,0.0156355369836092,-0.0002529658377170563,0.15307827293872833,0.0156355369836092,-0.0002529658377170563
R1116_130,C,130,0.14911596477031708,-0.024720901623368263,0.01908990927040577,0.14911596477031708,-0.024720901623368263,0.01908990927040577,0.14911596477031708,-0.024720901623368263,0.01908990927040577,0.14911596477031708,-0.024720901623368263,0.01908990927040577,0.14911596477031708,-0.024720901623368263,0.01908990927040577
R1116_131,A,131,0.1680939793586731,-0.03845132142305374,0.07122115790843964,0.1680939793586731,-0.03845132142305374,0.07122115790843964,0.1680939793586731,-0.03845132142305374,0.07122115790843964,0.1680939793586731,-0.03845132142305374,0.07122115790843964,0.1680939793586731,-0.03845132142305374,0.07122115790843964
R1116_132,G,132,0.11180392652750015,0.0346585251390934,0.010982366278767586,0.11180392652750015,0.0346585251390934,0.010982366278767586,0.11180392652750015,0.0346585251390934,0.010982366278767586,0.11180392652750015,0.0346585251390934,0.010982366278767586,0.11180392652750015,0.0346585251390934,0.010982366278767586
R1116_133,G,133,0.11647767573595047,0.06531339138746262,0.004593828693032265,0.11647767573595047,0.06531339138746262,0.004593828693032265,0.11647767573595047,0.06531339138746262,0.004593828693032265,0.11647767573595047,0.06531339138746262,0.004593828693032265,0.11647767573595047,0.06531339138746262,0.004593828693032265
R1116_134,G,134,0.11705843359231949,0.07947450131177902,0.0029578953981399536,0.11705843359231949,0.07947450131177902,0.0029578953981399536,0.11705843359231949,0.07947450131177902,0.0029578953981399536,0.11705843359231949,0.07947450131177902,0.0029578953981399536,0.11705843359231949,0.07947450131177902,0.0029578953981399536
R1116_135,U,135,0.10380728542804718,0.07135505974292755,0.016623737290501595,0.10380728542804718,0.07135505974292755,0.016623737290501595,0.10380728542804718,0.07135505974292755,0.016623737290501595,0.10380728542804718,0.07135505974292755,0.016623737290501595,0.10380728542804718,0.07135505974292755,0.016623737290501595
R1116_136,U,136,0.09753778576850891,0.05532866716384888,0.02198251523077488,0.09753778576850891,0.05532866716384888,0.02198251523077488,0.09753778576850891,0.05532866716384888,0.02198251523077488,0.09753778576850891,0.05532866716384888,0.02198251523077488,0.09753778576850891,0.05532866716384888,0.02198251523077488
R1116_137,C,137,0.1035950779914856,0.01197480596601963,0.031970880925655365,0.1035950779914856,0.01197480596601963,0.031970880925655365,0.1035950779914856,0.01197480596601963,0.031970880925655365,0.1035950779914856,0.01197480596601963,0.031970880925655365,0.1035950779914856,0.01197480596601963,0.031970880925655365
R1116_138,A,138,0.09498803317546844,0.005603824742138386,0.04835920035839081,0.09498803317546844,0.005603824742138386,0.04835920035839081,0.09498803317546844,0.005603824742138386,0.04835920035839081,0.09498803317546844,0.005603824742138386,0.04835920035839081,0.09498803317546844,0.005603824742138386,0.04835920035839081
R1116_139,A,139,0.09901021420955658,0.05915144830942154,0.02106981910765171,0.09901021420955658,0.05915144830942154,0.02106981910765171,0.09901021420955658,0.05915144830942154,0.02106981910765171,0.09901021420955658,0.05915144830942154,0.02106981910765171,0.09901021420955658,0.05915144830942154,0.02106981910765171
R1116_140,G,140,0.09108281135559082,0.09494304656982422,0.012453122064471245,0.09108281135559082,0.09494304656982422,0.012453122064471245,0.09108281135559082,0.09494304656982422,0.012453122064471245,0.09108281135559082,0.09494304656982422,0.012453122064471245,0.09108281135559082,0.09494304656982422,0.012453122064471245
R1116_141,U,141,0.08811962604522705,0.09101740270853043,0.018635684624314308,0.08811962604522705,0.09101740270853043,0.018635684624314308,0.08811962604522705,0.09101740270853043,0.018635684624314308,0.08811962604522705,0.09101740270853043,0.018635684624314308,0.08811962604522705,0.09101740270853043,0.018635684624314308
R1116_142,C,142,0.10744944959878922,0.057568036019802094,0.01275920681655407,0.10744944959878922,0.057568036019802094,0.01275920681655407,0.10744944959878922,0.057568036019802094,0.01275920681655407,0.10744944959878922,0.057568036019802094,0.01275920681655407,0.10744944959878922,0.057568036019802094,0.01275920681655407
R1116_143,C,143,0.10457909852266312,0.0232143085449934,0.008920138701796532,0.10457909852266312,0.0232143085449934,0.008920138701796532,0.10457909852266312,0.0232143085449934,0.008920138701796532,0.10457909852266312,0.0232143085449934,0.008920138701796532,0.10457909852266312,0.0232143085449934,0.008920138701796532
R1116_144,C,144,0.10744331032037735,0.015316750854253769,0.0006610415875911713,0.10744331032037735,0.015316750854253769,0.0006610415875911713,0.10744331032037735,0.015316750854253769,0.0006610415875911713,0.10744331032037735,0.015316750854253769,0.0006610415875911713,0.10744331032037735,0.015316750854253769,0.0006610415875911713
R1116_145,U,145,0.09486646205186844,0.06566280871629715,0.010423893108963966,0.09486646205186844,0.06566280871629715,0.010423893108963966,0.09486646205186844,0.06566280871629715,0.010423893108963966,0.09486646205186844,0.06566280871629715,0.010423893108963966,0.09486646205186844,0.06566280871629715,0.010423893108963966
R1116_146,G,146,0.10844476521015167,0.07780975848436356,-0.0012501683086156845,0.10844476521015167,0.07780975848436356,-0.0012501683086156845,0.10844476521015167,0.07780975848436356,-0.0012501683086156845,0.10844476521015167,0.07780975848436356,-0.0012501683086156845,0.10844476521015167,0.07780975848436356,-0.0012501683086156845
R1116_147,U,147,0.10314233601093292,0.0771496593952179,0.005089800804853439,0.10314233601093292,0.0771496593952179,0.005089800804853439,0.10314233601093292,0.0771496593952179,0.005089800804853439,0.10314233601093292,0.0771496593952179,0.005089800804853439,0.10314233601093292,0.0771496593952179,0.005089800804853439
R1116_148,U,148,0.10722331702709198,0.050600565969944,0.005788445472717285,0.10722331702709198,0.050600565969944,0.005788445472717285,0.10722331702709198,0.050600565969944,0.005788445472717285,0.10722331702709198,0.050600565969944,0.005788445472717285,0.10722331702709198,0.050600565969944,0.005788445472717285
R1116_149,C,149,0.12724930047988892,-0.03080531395971775,0.0213205236941576,0.12724930047988892,-0.03080531395971775,0.0213205236941576,0.12724930047988892,-0.03080531395971775,0.0213205236941576,0.12724930047988892,-0.03080531395971775,0.0213205236941576,0.12724930047988892,-0.03080531395971775,0.0213205236941576
R1116_150,G,150,0.11108376830816269,-0.0014027971774339676,0.008149860426783562,0.11108376830816269,-0.0014027971774339676,0.008149860426783562,0.11108376830816269,-0.0014027971774339676,0.008149860426783562,0.11108376830816269,-0.0014027971774339676,0.008149860426783562,0.11108376830816269,-0.0014027971774339676,0.008149860426783562
R1116_151,G,151,0.10183662921190262,0.03503762185573578,0.0001980867236852646,0.10183662921190262,0.03503762185573578,0.0001980867236852646,0.10183662921190262,0.03503762185573578,0.0001980867236852646,0.10183662921190262,0.03503762185573578,0.0001980867236852646,0.10183662921190262,0.03503762185573578,0.0001980867236852646
R1116_152,G,152,0.09578777849674225,0.07083230465650558,-0.006892016157507896,0.09578777849674225,0.07083230465650558,-0.006892016157507896,0.09578777849674225,0.07083230465650558,-0.006892016157507896,0.09578777849674225,0.07083230465650558,-0.006892016157507896,0.09578777849674225,0.07083230465650558,-0.006892016157507896
R1116_153,C,153,0.09431922435760498,0.08110266923904419,-0.017460806295275688,0.09431922435760498,0.08110266923904419,-0.017460806295275688,0.09431922435760498,0.08110266923904419,-0.017460806295275688,0.09431922435760498,0.08110266923904419,-0.017460806295275688,0.09431922435760498,0.08110266923904419,-0.017460806295275688
R1116_154,G,154,0.08249389380216599,0.06598187983036041,0.006799200549721718,0.08249389380216599,0.06598187983036041,0.006799200549721718,0.08249389380216599,0.06598187983036041,0.006799200549721718,0.08249389380216599,0.06598187983036041,0.006799200549721718,0.08249389380216599,0.06598187983036041,0.006799200549721718
R1116_155,C,155,0.06535625457763672,0.0341971255838871,0.02650035358965397,0.06535625457763672,0.0341971255838871,0.02650035358965397,0.06535625457763672,0.0341971255838871,0.02650035358965397,0.06535625457763672,0.0341971255838871,0.02650035358965397,0.06535625457763672,0.0341971255838871,0.02650035358965397
R1116_156,C,156,0.05463016778230667,0.027804648503661156,0.02316439338028431,0.05463016778230667,0.027804648503661156,0.02316439338028431,0.05463016778230667,0.027804648503661156,0.02316439338028431,0.05463016778230667,0.027804648503661156,0.02316439338028431,0.05463016778230667,0.027804648503661156,0.02316439338028431
R1116_157,A,157,0.010523910634219646,0.0485089048743248,0.02640082873404026,0.010523910634219646,0.0485089048743248,0.02640082873404026,0.010523910634219646,0.0485089048743248,0.02640082873404026,0.010523910634219646,0.0485089048743248,0.02640082873404026,0.010523910634219646,0.0485089048743248,0.02640082873404026
R1117v2_1,U,1,0.042289216071367264,0.06522402167320251,0.04354621469974518,0.042289216071367264,0.06522402167320251,0.04354621469974518,0.042289216071367264,0.06522402167320251,0.04354621469974518,0.042289216071367264,0.06522402167320251,0.04354621469974518,0.042289216071367264,0.06522402167320251,0.04354621469974518
R1117v2_2,U,2,0.04420116916298866,0.07853022962808609,0.04413191229104996,0.04420116916298866,0.07853022962808609,0.04413191229104996,0.04420116916298866,0.07853022962808609,0.04413191229104996,0.04420116916298866,0.07853022962808609,0.04413191229104996,0.04420116916298866,0.07853022962808609,0.04413191229104996
R1117v2_3,G,3,0.04166511818766594,0.07159401476383209,0.04597914218902588,0.04166511818766594,0.07159401476383209,0.04597914218902588,0.04166511818766594,0.07159401476383209,0.04597914218902588,0.04166511818766594,0.07159401476383209,0.04597914218902588,0.04166511818766594,0.07159401476383209,0.04597914218902588
R1117v2_4,G,4,0.05424473434686661,0.04496602714061737,0.04498431086540222,0.05424473434686661,0.04496602714061737,0.04498431086540222,0.05424473434686661,0.04496602714061737,0.04498431086540222,0.05424473434686661,0.04496602714061737,0.04498431086540222,0.05424473434686661,0.04496602714061737,0.04498431086540222
R1117v2_5,G,5,0.06505671888589859,0.015573736280202866,0.04152212291955948,0.06505671888589859,0.015573736280202866,0.04152212291955948,0.06505671888589859,0.015573736280202866,0.04152212291955948,0.06505671888589859,0.015573736280202866,0.04152212291955948,0.06505671888589859,0.015573736280202866,0.04152212291955948
R1117v2_6,U,6,0.06506457179784775,0.027045385912060738,0.0441378578543663,0.06506457179784775,0.027045385912060738,0.0441378578543663,0.06506457179784775,0.027045385912060738,0.0441378578543663,0.06506457179784775,0.027045385912060738,0.0441378578543663,0.06506457179784775,0.027045385912060738,0.0441378578543663
R1117v2_7,U,7,0.06923837959766388,0.04067244380712509,0.04514976590871811,0.06923837959766388,0.04067244380712509,0.04514976590871811,0.06923837959766388,0.04067244380712509,0.04514976590871811,0.06923837959766388,0.04067244380712509,0.04514976590871811,0.06923837959766388,0.04067244380712509,0.04514976590871811
R1117v2_8,C,8,0.0769241601228714,0.01288323663175106,0.06465881317853928,0.0769241601228714,0.01288323663175106,0.06465881317853928,0.0769241601228714,0.01288323663175106,0.06465881317853928,0.0769241601228714,0.01288323663175106,0.06465881317853928,0.0769241601228714,0.01288323663175106,0.06465881317853928
R1117v2_9,C,9,0.08897139132022858,0.0016855895519256592,0.06663058698177338,0.08897139132022858,0.0016855895519256592,0.06663058698177338,0.08897139132022858,0.0016855895519256592,0.06663058698177338,0.08897139132022858,0.0016855895519256592,0.06663058698177338,0.08897139132022858,0.0016855895519256592,0.06663058698177338
R1117v2_10,C,10,0.10091794282197952,-0.027412453666329384,0.0744006559252739,0.10091794282197952,-0.027412453666329384,0.0744006559252739,0.10091794282197952,-0.027412453666329384,0.0744006559252739,0.10091794282197952,-0.027412453666329384,0.0744006559252739,0.10091794282197952,-0.027412453666329384,0.0744006559252739
R1117v2_11,U,11,0.08372324705123901,0.0027401242405176163,0.05108419060707092,0.08372324705123901,0.0027401242405176163,0.05108419060707092,0.08372324705123901,0.0027401242405176163,0.05108419060707092,0.08372324705123901,0.0027401242405176163,0.05108419060707092,0.08372324705123901,0.0027401242405176163,0.05108419060707092
R1117v2_12,C,12,0.09116030484437943,-0.04613932967185974,0.0774347111582756,0.09116030484437943,-0.04613932967185974,0.0774347111582756,0.09116030484437943,-0.04613932967185974,0.0774347111582756,0.09116030484437943,-0.04613932967185974,0.0774347111582756,0.09116030484437943,-0.04613932967185974,0.0774347111582756
R1117v2_13,A,13,0.09381239861249924,-0.07428163290023804,0.10343193262815475,0.09381239861249924,-0.07428163290023804,0.10343193262815475,0.09381239861249924,-0.07428163290023804,0.10343193262815475,0.09381239861249924,-0.07428163290023804,0.10343193262815475,0.09381239861249924,-0.07428163290023804,0.10343193262815475
R1117v2_14,C,14,0.07404166460037231,0.025022095069289207,0.05499047785997391,0.07404166460037231,0.025022095069289207,0.05499047785997391,0.07404166460037231,0.025022095069289207,0.05499047785997391,0.07404166460037231,0.025022095069289207,0.05499047785997391,0.07404166460037231,0.025022095069289207,0.05499047785997391
R1117v2_15,C,15,0.06904691457748413,0.029260091483592987,0.06804919242858887,0.06904691457748413,0.029260091483592987,0.06804919242858887,0.06904691457748413,0.029260091483592987,0.06804919242858887,0.06904691457748413,0.029260091483592987,0.06804919242858887,0.06904691457748413,0.029260091483592987,0.06804919242858887
R1117v2_16,C,16,0.06597910821437836,0.014171771705150604,0.07470571994781494,0.06597910821437836,0.014171771705150604,0.07470571994781494,0.06597910821437836,0.014171771705150604,0.07470571994781494,0.06597910821437836,0.014171771705150604,0.07470571994781494,0.06597910821437836,0.014171771705150604,0.07470571994781494
R1117v2_17,C,17,0.060260284692049026,-0.0145112294703722,0.07602395117282867,0.060260284692049026,-0.0145112294703722,0.07602395117282867,0.060260284692049026,-0.0145112294703722,0.07602395117282867,0.060260284692049026,-0.0145112294703722,0.07602395117282867,0.060260284692049026,-0.0145112294703722,0.07602395117282867
R1117v2_18,A,18,0.03724605217576027,-0.05726901441812515,0.11135097593069077,0.03724605217576027,-0.05726901441812515,0.11135097593069077,0.03724605217576027,-0.05726901441812515,0.11135097593069077,0.03724605217576027,-0.05726901441812515,0.11135097593069077,0.03724605217576027,-0.05726901441812515,0.11135097593069077
R1117v2_19,A,19,0.040746644139289856,-0.041982077062129974,0.07914680242538452,0.040746644139289856,-0.041982077062129974,0.07914680242538452,0.040746644139289856,-0.041982077062129974,0.07914680242538452,0.040746644139289856,-0.041982077062129974,0.07914680242538452,0.040746644139289856,-0.041982077062129974,0.07914680242538452
R1117v2_20,U,20,0.06150735542178154,0.06212473660707474,0.04607543349266052,0.06150735542178154,0.06212473660707474,0.04607543349266052,0.06150735542178154,0.06212473660707474,0.04607543349266052,0.06150735542178154,0.06212473660707474,0.04607543349266052,0.06150735542178154,0.06212473660707474,0.04607543349266052
R1117v2_21,C,21,0.05178738385438919,0.07057187706232071,0.05273186415433884,0.05178738385438919,0.07057187706232071,0.05273186415433884,0.05178738385438919,0.07057187706232071,0.05273186415433884,0.05178738385438919,0.07057187706232071,0.05273186415433884,0.05178738385438919,0.07057187706232071,0.05273186415433884
R1117v2_22,A,22,0.06288277357816696,0.0466303750872612,0.0744946300983429,0.06288277357816696,0.0466303750872612,0.0744946300983429,0.06288277357816696,0.0466303750872612,0.0744946300983429,0.06288277357816696,0.0466303750872612,0.0744946300983429,0.06288277357816696,0.0466303750872612,0.0744946300983429
R1117v2_23,U,23,0.07112118601799011,0.04976549372076988,0.0460730642080307,0.07112118601799011,0.04976549372076988,0.0460730642080307,0.07112118601799011,0.04976549372076988,0.0460730642080307,0.07112118601799011,0.04976549372076988,0.0460730642080307,0.07112118601799011,0.04976549372076988,0.0460730642080307
R1117v2_24,A,24,0.10277201980352402,-0.0036971475929021835,0.04342915862798691,0.10277201980352402,-0.0036971475929021835,0.04342915862798691,0.10277201980352402,-0.0036971475929021835,0.04342915862798691,0.10277201980352402,-0.0036971475929021835,0.04342915862798691,0.10277201980352402,-0.0036971475929021835,0.04342915862798691
R1117v2_25,A,25,0.09772422909736633,2.390146255493164e-05,0.03813821077346802,0.09772422909736633,2.390146255493164e-05,0.03813821077346802,0.09772422909736633,2.390146255493164e-05,0.03813821077346802,0.09772422909736633,2.390146255493164e-05,0.03813821077346802,0.09772422909736633,2.390146255493164e-05,0.03813821077346802
R1117v2_26,A,26,0.09261725842952728,0.033535417169332504,0.04796861857175827,0.09261725842952728,0.033535417169332504,0.04796861857175827,0.09261725842952728,0.033535417169332504,0.04796861857175827,0.09261725842952728,0.033535417169332504,0.04796861857175827,0.09261725842952728,0.033535417169332504,0.04796861857175827
R1117v2_27,A,27,0.10425462573766708,0.05413675308227539,0.0632273331284523,0.10425462573766708,0.05413675308227539,0.0632273331284523,0.10425462573766708,0.05413675308227539,0.0632273331284523,0.10425462573766708,0.05413675308227539,0.0632273331284523,0.10425462573766708,0.05413675308227539,0.0632273331284523
R1117v2_28,A,28,0.12365921586751938,-0.006784547120332718,0.08283297717571259,0.12365921586751938,-0.006784547120332718,0.08283297717571259,0.12365921586751938,-0.006784547120332718,0.08283297717571259,0.12365921586751938,-0.006784547120332718,0.08283297717571259,0.12365921586751938,-0.006784547120332718,0.08283297717571259
R1117v2_29,G,29,0.10615625977516174,0.01982610486447811,0.03958778828382492,0.10615625977516174,0.01982610486447811,0.03958778828382492,0.10615625977516174,0.01982610486447811,0.03958778828382492,0.10615625977516174,0.01982610486447811,0.03958778828382492,0.10615625977516174,0.01982610486447811,0.03958778828382492
R1117v2_30,G,30,0.10325533151626587,-0.007401283830404282,0.04512527585029602,0.10325533151626587,-0.007401283830404282,0.04512527585029602,0.10325533151626587,-0.007401283830404282,0.04512527585029602,0.10325533151626587,-0.007401283830404282,0.04512527585029602,0.10325533151626587,-0.007401283830404282,0.04512527585029602
R1126_1,G,1,0.03463709354400635,0.0576765313744545,0.044351428747177124,0.03463709354400635,0.0576765313744545,0.044351428747177124,0.03463709354400635,0.0576765313744545,0.044351428747177124,0.03463709354400635,0.0576765313744545,0.044351428747177124,0.03463709354400635,0.0576765313744545,0.044351428747177124
R1126_2,G,2,0.03746742010116577,0.0745914950966835,0.04264397174119949,0.03746742010116577,0.0745914950966835,0.04264397174119949,0.03746742010116577,0.0745914950966835,0.04264397174119949,0.03746742010116577,0.0745914950966835,0.04264397174119949,0.03746742010116577,0.0745914950966835,0.04264397174119949
R1126_3,A,3,0.06291741877794266,0.01836506463587284,0.0427931472659111,0.06291741877794266,0.01836506463587284,0.0427931472659111,0.06291741877794266,0.01836506463587284,0.0427931472659111,0.06291741877794266,0.01836506463587284,0.0427931472659111,0.06291741877794266,0.01836506463587284,0.0427931472659111
R1126_4,A,4,0.08561104536056519,0.007718703709542751,0.0385575070977211,0.08561104536056519,0.007718703709542751,0.0385575070977211,0.08561104536056519,0.007718703709542751,0.0385575070977211,0.08561104536056519,0.007718703709542751,0.0385575070977211,0.08561104536056519,0.007718703709542751,0.0385575070977211
R1126_5,U,5,0.06508009135723114,0.029953645542263985,0.040206462144851685,0.06508009135723114,0.029953645542263985,0.040206462144851685,0.06508009135723114,0.029953645542263985,0.040206462144851685,0.06508009135723114,0.029953645542263985,0.040206462144851685,0.06508009135723114,0.029953645542263985,0.040206462144851685
R1126_6,C,6,0.0650191381573677,-0.010884253308176994,0.052509114146232605,0.0650191381573677,-0.010884253308176994,0.052509114146232605,0.0650191381573677,-0.010884253308176994,0.052509114146232605,0.0650191381573677,-0.010884253308176994,0.052509114146232605,0.0650191381573677,-0.010884253308176994,0.052509114146232605
R1126_7,U,7,0.06923837959766388,0.04067244380712509,0.04514976590871811,0.06923837959766388,0.04067244380712509,0.04514976590871811,0.06923837959766388,0.04067244380712509,0.04514976590871811,0.06923837959766388,0.04067244380712509,0.04514976590871811,0.06923837959766388,0.04067244380712509,0.04514976590871811
R1126_8,C,8,0.0769241601228714,0.01288323663175106,0.06465881317853928,0.0769241601228714,0.01288323663175106,0.06465881317853928,0.0769241601228714,0.01288323663175106,0.06465881317853928,0.0769241601228714,0.01288323663175106,0.06465881317853928,0.0769241601228714,0.01288323663175106,0.06465881317853928
R1126_9,G,9,0.07873828709125519,0.032098401337862015,0.05132193863391876,0.07873828709125519,0.032098401337862015,0.05132193863391876,0.07873828709125519,0.032098401337862015,0.05132193863391876,0.07873828709125519,0.032098401337862015,0.05132193863391876,0.07873828709125519,0.032098401337862015,0.05132193863391876
R1126_10,C,10,0.10091794282197952,-0.027412453666329384,0.0744006559252739,0.10091794282197952,-0.027412453666329384,0.0744006559252739,0.10091794282197952,-0.027412453666329384,0.0744006559252739,0.10091794282197952,-0.027412453666329384,0.0744006559252739,0.10091794282197952,-0.027412453666329384,0.0744006559252739
R1126_11,C,11,0.09798894077539444,-0.050794512033462524,0.08296573162078857,0.09798894077539444,-0.050794512033462524,0.08296573162078857,0.09798894077539444,-0.050794512033462524,0.08296573162078857,0.09798894077539444,-0.050794512033462524,0.08296573162078857,0.09798894077539444,-0.050794512033462524,0.08296573162078857
R1126_12,C,12,0.09116030484437943,-0.04613932967185974,0.0774347111582756,0.09116030484437943,-0.04613932967185974,0.0774347111582756,0.09116030484437943,-0.04613932967185974,0.0774347111582756,0.09116030484437943,-0.04613932967185974,0.0774347111582756,0.09116030484437943,-0.04613932967185974,0.0774347111582756
R1126_13,G,13,0.07741358876228333,0.0043139029294252396,0.05718546360731125,0.07741358876228333,0.0043139029294252396,0.05718546360731125,0.07741358876228333,0.0043139029294252396,0.05718546360731125,0.07741358876228333,0.0043139029294252396,0.05718546360731125,0.07741358876228333,0.0043139029294252396,0.05718546360731125
R1126_14,A,14,0.08169703930616379,-0.032478347420692444,0.09097228944301605,0.08169703930616379,-0.032478347420692444,0.09097228944301605,0.08169703930616379,-0.032478347420692444,0.09097228944301605,0.08169703930616379,-0.032478347420692444,0.09097228944301605,0.08169703930616379,-0.032478347420692444,0.09097228944301605
R1126_15,U,15,0.06899867206811905,0.05735360085964203,0.05205259472131729,0.06899867206811905,0.05735360085964203,0.05205259472131729,0.06899867206811905,0.05735360085964203,0.05205259472131729,0.06899867206811905,0.05735360085964203,0.05205259472131729,0.06899867206811905,0.05735360085964203,0.05205259472131729
R1126_16,G,16,0.06400707364082336,0.029730983078479767,0.06154107302427292,0.06400707364082336,0.029730983078479767,0.06154107302427292,0.06400707364082336,0.029730983078479767,0.06154107302427292,0.06400707364082336,0.029730983078479767,0.06154107302427292,0.06400707364082336,0.029730983078479767,0.06154107302427292
R1126_17,U,17,0.06487087160348892,0.02586626261472702,0.05146276205778122,0.06487087160348892,0.02586626261472702,0.05146276205778122,0.06487087160348892,0.02586626261472702,0.05146276205778122,0.06487087160348892,0.02586626261472702,0.05146276205778122,0.06487087160348892,0.02586626261472702,0.05146276205778122
R1126_18,U,18,0.06601406633853912,0.02173156477510929,0.04887319356203079,0.06601406633853912,0.02173156477510929,0.04887319356203079,0.06601406633853912,0.02173156477510929,0.04887319356203079,0.06601406633853912,0.02173156477510929,0.04887319356203079,0.06601406633853912,0.02173156477510929,0.04887319356203079
R1126_19,C,19,0.05660303682088852,-0.00040223076939582825,0.05633579194545746,0.05660303682088852,-0.00040223076939582825,0.05633579194545746,0.05660303682088852,-0.00040223076939582825,0.05633579194545746,0.05660303682088852,-0.00040223076939582825,0.05633579194545746,0.05660303682088852,-0.00040223076939582825,0.05633579194545746
R1126_20,G,20,0.058545567095279694,0.053858183324337006,0.04738326370716095,0.058545567095279694,0.053858183324337006,0.04738326370716095,0.058545567095279694,0.053858183324337006,0.04738326370716095,0.058545567095279694,0.053858183324337006,0.04738326370716095,0.058545567095279694,0.053858183324337006,0.04738326370716095
R1126_21,C,21,0.05178738385438919,0.07057187706232071,0.05273186415433884,0.05178738385438919,0.07057187706232071,0.05273186415433884,0.05178738385438919,0.07057187706232071,0.05273186415433884,0.05178738385438919,0.07057187706232071,0.05273186415433884,0.05178738385438919,0.07057187706232071,0.05273186415433884
R1126_22,A,22,0.06288277357816696,0.0466303750872612,0.0744946300983429,0.06288277357816696,0.0466303750872612,0.0744946300983429,0.06288277357816696,0.0466303750872612,0.0744946300983429,0.06288277357816696,0.0466303750872612,0.0744946300983429,0.06288277357816696,0.0466303750872612,0.0744946300983429
R1126_23,U,23,0.07112118601799011,0.04976549372076988,0.0460730642080307,0.07112118601799011,0.04976549372076988,0.0460730642080307,0.07112118601799011,0.04976549372076988,0.0460730642080307,0.07112118601799011,0.04976549372076988,0.0460730642080307,0.07112118601799011,0.04976549372076988,0.0460730642080307
R1126_24,C,24,0.08699163049459457,-0.0007046833634376526,0.04258875548839569,0.08699163049459457,-0.0007046833634376526,0.04258875548839569,0.08699163049459457,-0.0007046833634376526,0.04258875548839569,0.08699163049459457,-0.0007046833634376526,0.04258875548839569,0.08699163049459457,-0.0007046833634376526,0.04258875548839569
R1126_25,G,25,0.08006855845451355,0.022983701899647713,0.04116082191467285,0.08006855845451355,0.022983701899647713,0.04116082191467285,0.08006855845451355,0.022983701899647713,0.04116082191467285,0.08006855845451355,0.022983701899647713,0.04116082191467285,0.08006855845451355,0.022983701899647713,0.04116082191467285
R1126_26,G,26,0.08089803904294968,0.05415692925453186,0.03926060348749161,0.08089803904294968,0.05415692925453186,0.03926060348749161,0.08089803904294968,0.05415692925453186,0.03926060348749161,0.08089803904294968,0.05415692925453186,0.03926060348749161,0.08089803904294968,0.05415692925453186,0.03926060348749161
R1126_27,G,27,0.08423396944999695,0.07392279803752899,0.03684195131063461,0.08423396944999695,0.07392279803752899,0.03684195131063461,0.08423396944999695,0.07392279803752899,0.03684195131063461,0.08423396944999695,0.07392279803752899,0.03684195131063461,0.08423396944999695,0.07392279803752899,0.03684195131063461
R1126_28,A,28,0.12365921586751938,-0.006784547120332718,0.08283297717571259,0.12365921586751938,-0.006784547120332718,0.08283297717571259,0.12365921586751938,-0.006784547120332718,0.08283297717571259,0.12365921586751938,-0.006784547120332718,0.08283297717571259,0.12365921586751938,-0.006784547120332718,0.08283297717571259
R1126_29,U,29,0.09315542131662369,0.03626282885670662,0.036725692451000214,0.09315542131662369,0.03626282885670662,0.036725692451000214,0.09315542131662369,0.03626282885670662,0.036725692451000214,0.09315542131662369,0.03626282885670662,0.036725692451000214,0.09315542131662369,0.03626282885670662,0.036725692451000214
R1126_30,U,30,0.09523908793926239,0.013417673297226429,0.03973192721605301,0.09523908793926239,0.013417673297226429,0.03973192721605301,0.09523908793926239,0.013417673297226429,0.03973192721605301,0.09523908793926239,0.013417673297226429,0.03973192721605301,0.09523908793926239,0.013417673297226429,0.03973192721605301
R1126_31,U,31,0.08890662342309952,0.02060621604323387,0.03844483196735382,0.08890662342309952,0.02060621604323387,0.03844483196735382,0.08890662342309952,0.02060621604323387,0.03844483196735382,0.08890662342309952,0.02060621604323387,0.03844483196735382,0.08890662342309952,0.02060621604323387,0.03844483196735382
R1126_32,G,32,0.07944713532924652,0.03732342645525932,0.03498517721891403,0.07944713532924652,0.03732342645525932,0.03498517721891403,0.07944713532924652,0.03732342645525932,0.03498517721891403,0.07944713532924652,0.03732342645525932,0.03498517721891403,0.07944713532924652,0.03732342645525932,0.03498517721891403
R1126_33,C,33,0.06299053132534027,0.060572266578674316,0.032616399228572845,0.06299053132534027,0.060572266578674316,0.032616399228572845,0.06299053132534027,0.060572266578674316,0.032616399228572845,0.06299053132534027,0.060572266578674316,0.032616399228572845,0.06299053132534027,0.060572266578674316,0.032616399228572845
R1126_34,A,34,0.03993246704339981,0.013610050082206726,0.060417309403419495,0.03993246704339981,0.013610050082206726,0.060417309403419495,0.03993246704339981,0.013610050082206726,0.060417309403419495,0.03993246704339981,0.013610050082206726,0.060417309403419495,0.03993246704339981,0.013610050082206726,0.060417309403419495
R1126_35,G,35,0.061582405120134354,0.049952954053878784,0.039004646241664886,0.061582405120134354,0.049952954053878784,0.039004646241664886,0.061582405120134354,0.049952954053878784,0.039004646241664886,0.061582405120134354,0.049952954053878784,0.039004646241664886,0.061582405120134354,0.049952954053878784,0.039004646241664886
R1126_36,G,36,0.05761806666851044,0.036918364465236664,0.03692317008972168,0.05761806666851044,0.036918364465236664,0.03692317008972168,0.05761806666851044,0.036918364465236664,0.03692317008972168,0.05761806666851044,0.036918364465236664,0.03692317008972168,0.05761806666851044,0.036918364465236664,0.03692317008972168
R1126_37,U,37,0.054387036710977554,0.05122324824333191,0.033517420291900635,0.054387036710977554,0.05122324824333191,0.033517420291900635,0.054387036710977554,0.05122324824333191,0.033517420291900635,0.054387036710977554,0.05122324824333191,0.033517420291900635,0.054387036710977554,0.05122324824333191,0.033517420291900635
R1126_38,C,38,0.02765132114291191,0.05665784329175949,0.02814391441643238,0.02765132114291191,0.05665784329175949,0.02814391441643238,0.02765132114291191,0.05665784329175949,0.02814391441643238,0.02765132114291191,0.05665784329175949,0.02814391441643238,0.02765132114291191,0.05665784329175949,0.02814391441643238
R1126_39,C,39,0.02790858969092369,0.09866076707839966,0.023071186617016792,0.02790858969092369,0.09866076707839966,0.023071186617016792,0.02790858969092369,0.09866076707839966,0.023071186617016792,0.02790858969092369,0.09866076707839966,0.023071186617016792,0.02790858969092369,0.09866076707839966,0.023071186617016792
R1126_40,A,40,0.01113823801279068,0.08809398114681244,0.04954119771718979,0.01113823801279068,0.08809398114681244,0.04954119771718979,0.01113823801279068,0.08809398114681244,0.04954119771718979,0.01113823801279068,0.08809398114681244,0.04954119771718979,0.01113823801279068,0.08809398114681244,0.04954119771718979
R1126_41,U,41,0.04653332009911537,0.10273204743862152,0.03421396762132645,0.04653332009911537,0.10273204743862152,0.03421396762132645,0.04653332009911537,0.10273204743862152,0.03421396762132645,0.04653332009911537,0.10273204743862152,0.03421396762132645,0.04653332009911537,0.10273204743862152,0.03421396762132645
R1126_42,G,42,0.052405476570129395,0.08298707753419876,0.027547108009457588,0.052405476570129395,0.08298707753419876,0.027547108009457588,0.052405476570129395,0.08298707753419876,0.027547108009457588,0.052405476570129395,0.08298707753419876,0.027547108009457588,0.052405476570129395,0.08298707753419876,0.027547108009457588
R1126_43,G,43,0.0598505400121212,0.06483181565999985,0.027135731652379036,0.0598505400121212,0.06483181565999985,0.027135731652379036,0.0598505400121212,0.06483181565999985,0.027135731652379036,0.0598505400121212,0.06483181565999985,0.027135731652379036,0.0598505400121212,0.06483181565999985,0.027135731652379036
R1126_44,A,44,0.046102359890937805,0.053445860743522644,0.023774439468979836,0.046102359890937805,0.053445860743522644,0.023774439468979836,0.046102359890937805,0.053445860743522644,0.023774439468979836,0.046102359890937805,0.053445860743522644,0.023774439468979836,0.046102359890937805,0.053445860743522644,0.023774439468979836
R1126_45,U,45,0.06271002441644669,0.09558059275150299,0.028839929029345512,0.06271002441644669,0.09558059275150299,0.028839929029345512,0.06271002441644669,0.09558059275150299,0.028839929029345512,0.06271002441644669,0.09558059275150299,0.028839929029345512,0.06271002441644669,0.09558059275150299,0.028839929029345512
R1126_46,U,46,0.0692284107208252,0.1073438972234726,0.026296982541680336,0.0692284107208252,0.1073438972234726,0.026296982541680336,0.0692284107208252,0.1073438972234726,0.026296982541680336,0.0692284107208252,0.1073438972234726,0.026296982541680336,0.0692284107208252,0.1073438972234726,0.026296982541680336
R1126_47,A,47,0.0886896401643753,0.07397519052028656,0.03826868534088135,0.0886896401643753,0.07397519052028656,0.03826868534088135,0.0886896401643753,0.07397519052028656,0.03826868534088135,0.0886896401643753,0.07397519052028656,0.03826868534088135,0.0886896401643753,0.07397519052028656,0.03826868534088135
R1126_48,C,48,0.10581018030643463,0.024165000766515732,0.02905433066189289,0.10581018030643463,0.024165000766515732,0.02905433066189289,0.10581018030643463,0.024165000766515732,0.02905433066189289,0.10581018030643463,0.024165000766515732,0.02905433066189289,0.10581018030643463,0.024165000766515732,0.02905433066189289
R1126_49,A,49,0.10757479071617126,-0.015030069276690483,0.01031612791121006,0.10757479071617126,-0.015030069276690483,0.01031612791121006,0.10757479071617126,-0.015030069276690483,0.01031612791121006,0.10757479071617126,-0.015030069276690483,0.01031612791121006,0.10757479071617126,-0.015030069276690483,0.01031612791121006
R1126_50,C,50,0.08742423355579376,0.0005860216915607452,0.0212778951972723,0.08742423355579376,0.0005860216915607452,0.0212778951972723,0.08742423355579376,0.0005860216915607452,0.0212778951972723,0.08742423355579376,0.0005860216915607452,0.0212778951972723,0.08742423355579376,0.0005860216915607452,0.0212778951972723
R1126_51,C,51,0.08230596780776978,0.037355728447437286,0.01100187562406063,0.08230596780776978,0.037355728447437286,0.01100187562406063,0.08230596780776978,0.037355728447437286,0.01100187562406063,0.08230596780776978,0.037355728447437286,0.01100187562406063,0.08230596780776978,0.037355728447437286,0.01100187562406063
R1126_52,A,52,0.13297481834888458,-0.02191736362874508,-0.012158559635281563,0.13297481834888458,-0.02191736362874508,-0.012158559635281563,0.13297481834888458,-0.02191736362874508,-0.012158559635281563,0.13297481834888458,-0.02191736362874508,-0.012158559635281563,0.13297481834888458,-0.02191736362874508,-0.012158559635281563
R1126_53,U,53,0.07766320556402206,0.08103442192077637,0.026429666206240654,0.07766320556402206,0.08103442192077637,0.026429666206240654,0.07766320556402206,0.08103442192077637,0.026429666206240654,0.07766320556402206,0.08103442192077637,0.026429666206240654,0.07766320556402206,0.08103442192077637,0.026429666206240654
R1126_54,G,54,0.08381858468055725,0.04293107986450195,0.02648072876036167,0.08381858468055725,0.04293107986450195,0.02648072876036167,0.08381858468055725,0.04293107986450195,0.02648072876036167,0.08381858468055725,0.04293107986450195,0.02648072876036167,0.08381858468055725,0.04293107986450195,0.02648072876036167
R1126_55,C,55,0.08295027166604996,-0.012358492240309715,0.026950398460030556,0.08295027166604996,-0.012358492240309715,0.026950398460030556,0.08295027166604996,-0.012358492240309715,0.026950398460030556,0.08295027166604996,-0.012358492240309715,0.026950398460030556,0.08295027166604996,-0.012358492240309715,0.026950398460030556
R1126_56,A,56,0.07304283231496811,-0.07634788006544113,0.05144739896059036,0.07304283231496811,-0.07634788006544113,0.05144739896059036,0.07304283231496811,-0.07634788006544113,0.05144739896059036,0.07304283231496811,-0.07634788006544113,0.05144739896059036,0.07304283231496811,-0.07634788006544113,0.05144739896059036
R1126_57,A,57,0.07783890515565872,-0.06753941625356674,0.051766663789749146,0.07783890515565872,-0.06753941625356674,0.051766663789749146,0.07783890515565872,-0.06753941625356674,0.051766663789749146,0.07783890515565872,-0.06753941625356674,0.051766663789749146,0.07783890515565872,-0.06753941625356674,0.051766663789749146
R1126_58,C,58,0.08121950924396515,0.059102863073349,0.040593042969703674,0.08121950924396515,0.059102863073349,0.040593042969703674,0.08121950924396515,0.059102863073349,0.040593042969703674,0.08121950924396515,0.059102863073349,0.040593042969703674,0.08121950924396515,0.059102863073349,0.040593042969703674
R1126_59,G,59,0.07352785766124725,0.09421940892934799,0.03283235430717468,0.07352785766124725,0.09421940892934799,0.03283235430717468,0.07352785766124725,0.09421940892934799,0.03283235430717468,0.07352785766124725,0.09421940892934799,0.03283235430717468,0.07352785766124725,0.09421940892934799,0.03283235430717468
R1126_60,C,60,0.10368095338344574,0.06026119738817215,0.03252566605806351,0.10368095338344574,0.06026119738817215,0.03252566605806351,0.10368095338344574,0.06026119738817215,0.03252566605806351,0.10368095338344574,0.06026119738817215,0.03252566605806351,0.10368095338344574,0.06026119738817215,0.03252566605806351
R1126_61,A,61,0.12089657038450241,0.003205215558409691,0.06579499691724777,0.12089657038450241,0.003205215558409691,0.06579499691724777,0.12089657038450241,0.003205215558409691,0.06579499691724777,0.12089657038450241,0.003205215558409691,0.06579499691724777,0.12089657038450241,0.003205215558409691,0.06579499691724777
R1126_62,G,62,0.07862122356891632,0.05602531135082245,0.030348291620612144,0.07862122356891632,0.05602531135082245,0.030348291620612144,0.07862122356891632,0.05602531135082245,0.030348291620612144,0.07862122356891632,0.05602531135082245,0.030348291620612144,0.07862122356891632,0.05602531135082245,0.030348291620612144
R1126_63,A,63,0.0842832401394844,-0.0005613863468170166,0.06608166545629501,0.0842832401394844,-0.0005613863468170166,0.06608166545629501,0.0842832401394844,-0.0005613863468170166,0.06608166545629501,0.0842832401394844,-0.0005613863468170166,0.06608166545629501,0.0842832401394844,-0.0005613863468170166,0.06608166545629501
R1126_64,C,64,0.0990760326385498,0.08131743967533112,0.026524173095822334,0.0990760326385498,0.08131743967533112,0.026524173095822334,0.0990760326385498,0.08131743967533112,0.026524173095822334,0.0990760326385498,0.08131743967533112,0.026524173095822334,0.0990760326385498,0.08131743967533112,0.026524173095822334
R1126_65,C,65,0.12489155679941177,0.09750691801309586,0.01766572706401348,0.12489155679941177,0.09750691801309586,0.01766572706401348,0.12489155679941177,0.09750691801309586,0.01766572706401348,0.12489155679941177,0.09750691801309586,0.01766572706401348,0.12489155679941177,0.09750691801309586,0.01766572706401348
R1126_66,U,66,0.10731130093336105,0.07831115275621414,0.029598889872431755,0.10731130093336105,0.07831115275621414,0.029598889872431755,0.10731130093336105,0.07831115275621414,0.029598889872431755,0.10731130093336105,0.07831115275621414,0.029598889872431755,0.10731130093336105,0.07831115275621414,0.029598889872431755
R1126_67,G,67,0.13151036202907562,0.039999812841415405,0.0280699972063303,0.13151036202907562,0.039999812841415405,0.0280699972063303,0.13151036202907562,0.039999812841415405,0.0280699972063303,0.13151036202907562,0.039999812841415405,0.0280699972063303,0.13151036202907562,0.039999812841415405,0.0280699972063303
R1126_68,U,68,0.1129210889339447,0.03248634189367294,0.03258059173822403,0.1129210889339447,0.03248634189367294,0.03258059173822403,0.1129210889339447,0.03248634189367294,0.03258059173822403,0.1129210889339447,0.03248634189367294,0.03258059173822403,0.1129210889339447,0.03248634189367294,0.03258059173822403
R1126_69,A,69,0.17226848006248474,-0.016055570915341377,0.055609576404094696,0.17226848006248474,-0.016055570915341377,0.055609576404094696,0.17226848006248474,-0.016055570915341377,0.055609576404094696,0.17226848006248474,-0.016055570915341377,0.055609576404094696,0.17226848006248474,-0.016055570915341377,0.055609576404094696
R1126_70,G,70,0.12520942091941833,0.044442903250455856,0.025035912171006203,0.12520942091941833,0.044442903250455856,0.025035912171006203,0.12520942091941833,0.044442903250455856,0.025035912171006203,0.12520942091941833,0.044442903250455856,0.025035912171006203,0.12520942091941833,0.044442903250455856,0.025035912171006203
R1126_71,A,71,0.23857836425304413,0.013092241249978542,0.03765089064836502,0.23857836425304413,0.013092241249978542,0.03765089064836502,0.23857836425304413,0.013092241249978542,0.03765089064836502,0.23857836425304413,0.013092241249978542,0.03765089064836502,0.23857836425304413,0.013092241249978542,0.03765089064836502
R1126_72,U,72,0.12306199222803116,0.06109807640314102,0.028519490733742714,0.12306199222803116,0.06109807640314102,0.028519490733742714,0.12306199222803116,0.06109807640314102,0.028519490733742714,0.12306199222803116,0.06109807640314102,0.028519490733742714,0.12306199222803116,0.06109807640314102,0.028519490733742714
R1126_73,G,73,0.13840898871421814,0.028998326510190964,0.027726052328944206,0.13840898871421814,0.028998326510190964,0.027726052328944206,0.13840898871421814,0.028998326510190964,0.027726052328944206,0.13840898871421814,0.028998326510190964,0.027726052328944206,0.13840898871421814,0.028998326510190964,0.027726052328944206
R1126_74,C,74,0.15632835030555725,-0.015500998124480247,0.037304364144802094,0.15632835030555725,-0.015500998124480247,0.037304364144802094,0.15632835030555725,-0.015500998124480247,0.037304364144802094,0.15632835030555725,-0.015500998124480247,0.037304364144802094,0.15632835030555725,-0.015500998124480247,0.037304364144802094
R1126_75,C,75,0.1402398645877838,-0.0025728344917297363,0.029165929183363914,0.1402398645877838,-0.0025728344917297363,0.029165929183363914,0.1402398645877838,-0.0025728344917297363,0.029165929183363914,0.1402398645877838,-0.0025728344917297363,0.029165929183363914,0.1402398645877838,-0.0025728344917297363,0.029165929183363914
R1126_76,A,76,0.16091415286064148,0.010424647480249405,0.030066469684243202,0.16091415286064148,0.010424647480249405,0.030066469684243202,0.16091415286064148,0.010424647480249405,0.030066469684243202,0.16091415286064148,0.010424647480249405,0.030066469684243202,0.16091415286064148,0.010424647480249405,0.030066469684243202
R1126_77,C,77,0.13647402822971344,0.08111100643873215,0.013835394755005836,0.13647402822971344,0.08111100643873215,0.013835394755005836,0.13647402822971344,0.08111100643873215,0.013835394755005836,0.13647402822971344,0.08111100643873215,0.013835394755005836,0.13647402822971344,0.08111100643873215,0.013835394755005836
R1126_78,G,78,0.11593768745660782,0.08627388626337051,0.025298798456788063,0.11593768745660782,0.08627388626337051,0.025298798456788063,0.11593768745660782,0.08627388626337051,0.025298798456788063,0.11593768745660782,0.08627388626337051,0.025298798456788063,0.11593768745660782,0.08627388626337051,0.025298798456788063
R1126_79,C,79,0.13514108955860138,0.06201756000518799,0.02283790148794651,0.13514108955860138,0.06201756000518799,0.02283790148794651,0.13514108955860138,0.06201756000518799,0.02283790148794651,0.13514108955860138,0.06201756000518799,0.02283790148794651,0.13514108955860138,0.06201756000518799,0.02283790148794651
R1126_80,U,80,0.10352742671966553,0.05884644389152527,0.026969468221068382,0.10352742671966553,0.05884644389152527,0.026969468221068382,0.10352742671966553,0.05884644389152527,0.026969468221068382,0.10352742671966553,0.05884644389152527,0.026969468221068382,0.10352742671966553,0.05884644389152527,0.026969468221068382
R1126_81,A,81,0.14337368309497833,0.002560773864388466,0.04224247485399246,0.14337368309497833,0.002560773864388466,0.04224247485399246,0.14337368309497833,0.002560773864388466,0.04224247485399246,0.14337368309497833,0.002560773864388466,0.04224247485399246,0.14337368309497833,0.002560773864388466,0.04224247485399246
R1126_82,G,82,0.10494952648878098,0.06911347806453705,0.024893837049603462,0.10494952648878098,0.06911347806453705,0.024893837049603462,0.10494952648878098,0.06911347806453705,0.024893837049603462,0.10494952648878098,0.06911347806453705,0.024893837049603462,0.10494952648878098,0.06911347806453705,0.024893837049603462
R1126_83,C,83,0.12750765681266785,0.0982016921043396,0.008235665038228035,0.12750765681266785,0.0982016921043396,0.008235665038228035,0.12750765681266785,0.0982016921043396,0.008235665038228035,0.12750765681266785,0.0982016921043396,0.008235665038228035,0.12750765681266785,0.0982016921043396,0.008235665038228035
R1126_84,C,84,0.14695478975772858,0.11102841794490814,0.0007165651768445969,0.14695478975772858,0.11102841794490814,0.0007165651768445969,0.14695478975772858,0.11102841794490814,0.0007165651768445969,0.14695478975772858,0.11102841794490814,0.0007165651768445969,0.14695478975772858,0.11102841794490814,0.0007165651768445969
R1126_85,G,85,0.1362583488225937,0.08084706962108612,0.007848775014281273,0.1362583488225937,0.08084706962108612,0.007848775014281273,0.1362583488225937,0.08084706962108612,0.007848775014281273,0.1362583488225937,0.08084706962108612,0.007848775014281273,0.1362583488225937,0.08084706962108612,0.007848775014281273
R1126_86,U,86,0.1254831701517105,0.0554032102227211,0.017065541818737984,0.1254831701517105,0.0554032102227211,0.017065541818737984,0.1254831701517105,0.0554032102227211,0.017065541818737984,0.1254831701517105,0.0554032102227211,0.017065541818737984,0.1254831701517105,0.0554032102227211,0.017065541818737984
R1126_87,G,87,0.13920924067497253,0.024784674867987633,0.00996481440961361,0.13920924067497253,0.024784674867987633,0.00996481440961361,0.13920924067497253,0.024784674867987633,0.00996481440961361,0.13920924067497253,0.024784674867987633,0.00996481440961361,0.13920924067497253,0.024784674867987633,0.00996481440961361
R1126_88,G,88,0.13320262730121613,0.03841865062713623,0.011173361912369728,0.13320262730121613,0.03841865062713623,0.011173361912369728,0.13320262730121613,0.03841865062713623,0.011173361912369728,0.13320262730121613,0.03841865062713623,0.011173361912369728,0.13320262730121613,0.03841865062713623,0.011173361912369728
R1126_89,U,89,0.11934706568717957,0.07893923670053482,0.005759211257100105,0.11934706568717957,0.07893923670053482,0.005759211257100105,0.11934706568717957,0.07893923670053482,0.005759211257100105,0.11934706568717957,0.07893923670053482,0.005759211257100105,0.11934706568717957,0.07893923670053482,0.005759211257100105
R1126_90,G,90,0.13931161165237427,0.08847558498382568,-0.007492667064070702,0.13931161165237427,0.08847558498382568,-0.007492667064070702,0.13931161165237427,0.08847558498382568,-0.007492667064070702,0.13931161165237427,0.08847558498382568,-0.007492667064070702,0.13931161165237427,0.08847558498382568,-0.007492667064070702
R1126_91,A,91,0.22956028580665588,0.011561919003725052,-0.013416807167232037,0.22956028580665588,0.011561919003725052,-0.013416807167232037,0.22956028580665588,0.011561919003725052,-0.013416807167232037,0.22956028580665588,0.011561919003725052,-0.013416807167232037,0.22956028580665588,0.011561919003725052,-0.013416807167232037
R1126_92,G,92,0.1433287113904953,0.031343404203653336,0.00427742674946785,0.1433287113904953,0.031343404203653336,0.00427742674946785,0.1433287113904953,0.031343404203653336,0.00427742674946785,0.1433287113904953,0.031343404203653336,0.00427742674946785,0.1433287113904953,0.031343404203653336,0.00427742674946785
R1126_93,G,93,0.13014379143714905,0.01930977590382099,0.009193232282996178,0.13014379143714905,0.01930977590382099,0.009193232282996178,0.13014379143714905,0.01930977590382099,0.009193232282996178,0.13014379143714905,0.01930977590382099,0.009193232282996178,0.13014379143714905,0.01930977590382099,0.009193232282996178
R1126_94,G,94,0.11180627346038818,0.044157691299915314,0.0025597717612981796,0.11180627346038818,0.044157691299915314,0.0025597717612981796,0.11180627346038818,0.044157691299915314,0.0025597717612981796,0.11180627346038818,0.044157691299915314,0.0025597717612981796,0.11180627346038818,0.044157691299915314,0.0025597717612981796
R1126_95,U,95,0.09750423580408096,0.08679849654436111,0.0035500209778547287,0.09750423580408096,0.08679849654436111,0.0035500209778547287,0.09750423580408096,0.08679849654436111,0.0035500209778547287,0.09750423580408096,0.08679849654436111,0.0035500209778547287,0.09750423580408096,0.08679849654436111,0.0035500209778547287
R1126_96,C,96,0.1157141625881195,0.12072239071130753,-0.02680504135787487,0.1157141625881195,0.12072239071130753,-0.02680504135787487,0.1157141625881195,0.12072239071130753,-0.02680504135787487,0.1157141625881195,0.12072239071130753,-0.02680504135787487,0.1157141625881195,0.12072239071130753,-0.02680504135787487
R1126_97,G,97,0.09627002477645874,0.11591874808073044,-0.0068392083048820496,0.09627002477645874,0.11591874808073044,-0.0068392083048820496,0.09627002477645874,0.11591874808073044,-0.0068392083048820496,0.09627002477645874,0.11591874808073044,-0.0068392083048820496,0.09627002477645874,0.11591874808073044,-0.0068392083048820496
R1126_98,G,98,0.09597758203744888,0.09562351554632187,-0.002278156578540802,0.09597758203744888,0.09562351554632187,-0.002278156578540802,0.09597758203744888,0.09562351554632187,-0.002278156578540802,0.09597758203744888,0.09562351554632187,-0.002278156578540802,0.09597758203744888,0.09562351554632187,-0.002278156578540802
R1126_99,G,99,0.09089957922697067,0.07973474264144897,0.0012646224349737167,0.09089957922697067,0.07973474264144897,0.0012646224349737167,0.09089957922697067,0.07973474264144897,0.0012646224349737167,0.09089957922697067,0.07973474264144897,0.0012646224349737167,0.09089957922697067,0.07973474264144897,0.0012646224349737167
R1126_100,U,100,0.07724405080080032,0.08598000556230545,0.012094194069504738,0.07724405080080032,0.08598000556230545,0.012094194069504738,0.07724405080080032,0.08598000556230545,0.012094194069504738,0.07724405080080032,0.08598000556230545,0.012094194069504738,0.07724405080080032,0.08598000556230545,0.012094194069504738
R1126_101,C,101,0.07282739132642746,0.10773585736751556,-0.002639804035425186,0.07282739132642746,0.10773585736751556,-0.002639804035425186,0.07282739132642746,0.10773585736751556,-0.002639804035425186,0.07282739132642746,0.10773585736751556,-0.002639804035425186,0.07282739132642746,0.10773585736751556,-0.002639804035425186
R1126_102,C,102,0.08017735183238983,0.1422070413827896,-0.003682473674416542,0.08017735183238983,0.1422070413827896,-0.003682473674416542,0.08017735183238983,0.1422070413827896,-0.003682473674416542,0.08017735183238983,0.1422070413827896,-0.003682473674416542,0.08017735183238983,0.1422070413827896,-0.003682473674416542
R1126_103,A,103,0.11181720346212387,0.136575385928154,0.004267193377017975,0.11181720346212387,0.136575385928154,0.004267193377017975,0.11181720346212387,0.136575385928154,0.004267193377017975,0.11181720346212387,0.136575385928154,0.004267193377017975,0.11181720346212387,0.136575385928154,0.004267193377017975
R1126_104,G,104,0.09634044766426086,0.11359058320522308,-0.0009745098650455475,0.09634044766426086,0.11359058320522308,-0.0009745098650455475,0.09634044766426086,0.11359058320522308,-0.0009745098650455475,0.09634044766426086,0.11359058320522308,-0.0009745098650455475,0.09634044766426086,0.11359058320522308,-0.0009745098650455475
R1126_105,A,105,0.1337480992078781,0.04484151303768158,0.02928548865020275,0.1337480992078781,0.04484151303768158,0.02928548865020275,0.1337480992078781,0.04484151303768158,0.02928548865020275,0.1337480992078781,0.04484151303768158,0.02928548865020275,0.1337480992078781,0.04484151303768158,0.02928548865020275
R1126_106,U,106,0.0961248055100441,0.0743587389588356,-0.0018157958984375,0.0961248055100441,0.0743587389588356,-0.0018157958984375,0.0961248055100441,0.0743587389588356,-0.0018157958984375,0.0961248055100441,0.0743587389588356,-0.0018157958984375,0.0961248055100441,0.0743587389588356,-0.0018157958984375
R1126_107,G,107,0.09750678390264511,0.08551354706287384,-0.007837388664484024,0.09750678390264511,0.08551354706287384,-0.007837388664484024,0.09750678390264511,0.08551354706287384,-0.007837388664484024,0.09750678390264511,0.08551354706287384,-0.007837388664484024,0.09750678390264511,0.08551354706287384,-0.007837388664484024
R1126_108,U,108,0.09327364712953568,0.10765673965215683,-0.006794380024075508,0.09327364712953568,0.10765673965215683,-0.006794380024075508,0.09327364712953568,0.10765673965215683,-0.006794380024075508,0.09327364712953568,0.10765673965215683,-0.006794380024075508,0.09327364712953568,0.10765673965215683,-0.006794380024075508
R1126_109,C,109,0.12948961555957794,0.10271117091178894,-0.030590355396270752,0.12948961555957794,0.10271117091178894,-0.030590355396270752,0.12948961555957794,0.10271117091178894,-0.030590355396270752,0.12948961555957794,0.10271117091178894,-0.030590355396270752,0.12948961555957794,0.10271117091178894,-0.030590355396270752
R1126_110,A,110,0.1691727489233017,0.0012803450226783752,-0.006384233012795448,0.1691727489233017,0.0012803450226783752,-0.006384233012795448,0.1691727489233017,0.0012803450226783752,-0.006384233012795448,0.1691727489233017,0.0012803450226783752,-0.006384233012795448,0.1691727489233017,0.0012803450226783752,-0.006384233012795448
R1126_111,U,111,0.10293211787939072,0.060861773788928986,-0.004752893000841141,0.10293211787939072,0.060861773788928986,-0.004752893000841141,0.10293211787939072,0.060861773788928986,-0.004752893000841141,0.10293211787939072,0.060861773788928986,-0.004752893000841141,0.10293211787939072,0.060861773788928986,-0.004752893000841141
R1126_112,U,112,0.09500204026699066,0.05304063856601715,-0.002043822780251503,0.09500204026699066,0.05304063856601715,-0.002043822780251503,0.09500204026699066,0.05304063856601715,-0.002043822780251503,0.09500204026699066,0.05304063856601715,-0.002043822780251503,0.09500204026699066,0.05304063856601715,-0.002043822780251503
R1126_113,C,113,0.10385791957378387,0.022503463551402092,-0.00786125473678112,0.10385791957378387,0.022503463551402092,-0.00786125473678112,0.10385791957378387,0.022503463551402092,-0.00786125473678112,0.10385791957378387,0.022503463551402092,-0.00786125473678112,0.10385791957378387,0.022503463551402092,-0.00786125473678112
R1126_114,G,114,0.09313316643238068,0.07391000539064407,-0.004169754683971405,0.09313316643238068,0.07391000539064407,-0.004169754683971405,0.09313316643238068,0.07391000539064407,-0.004169754683971405,0.09313316643238068,0.07391000539064407,-0.004169754683971405,0.09313316643238068,0.07391000539064407,-0.004169754683971405
R1126_115,A,115,0.15158319473266602,0.028793254867196083,-0.02704453282058239,0.15158319473266602,0.028793254867196083,-0.02704453282058239,0.15158319473266602,0.028793254867196083,-0.02704453282058239,0.15158319473266602,0.028793254867196083,-0.02704453282058239,0.15158319473266602,0.028793254867196083,-0.02704453282058239
R1126_116,C,116,0.12208263576030731,0.07233794778585434,-0.010841693729162216,0.12208263576030731,0.07233794778585434,-0.010841693729162216,0.12208263576030731,0.07233794778585434,-0.010841693729162216,0.12208263576030731,0.07233794778585434,-0.010841693729162216,0.12208263576030731,0.07233794778585434,-0.010841693729162216
R1126_117,U,117,0.08338699489831924,0.0787905603647232,0.010365737602114677,0.08338699489831924,0.0787905603647232,0.010365737602114677,0.08338699489831924,0.0787905603647232,0.010365737602114677,0.08338699489831924,0.0787905603647232,0.010365737602114677,0.08338699489831924,0.0787905603647232,0.010365737602114677
R1126_118,U,118,0.0780242308974266,0.06716953217983246,0.012494338676333427,0.0780242308974266,0.06716953217983246,0.012494338676333427,0.0780242308974266,0.06716953217983246,0.012494338676333427,0.0780242308974266,0.06716953217983246,0.012494338676333427,0.0780242308974266,0.06716953217983246,0.012494338676333427
R1126_119,U,119,0.07206694036722183,0.06750498712062836,0.01694263331592083,0.07206694036722183,0.06750498712062836,0.01694263331592083,0.07206694036722183,0.06750498712062836,0.01694263331592083,0.07206694036722183,0.06750498712062836,0.01694263331592083,0.07206694036722183,0.06750498712062836,0.01694263331592083
R1126_120,A,120,0.07915079593658447,0.03291298821568489,0.04178496450185776,0.07915079593658447,0.03291298821568489,0.04178496450185776,0.07915079593658447,0.03291298821568489,0.04178496450185776,0.07915079593658447,0.03291298821568489,0.04178496450185776,0.07915079593658447,0.03291298821568489,0.04178496450185776
R1126_121,A,121,0.10277958959341049,0.06412231922149658,0.025862546637654305,0.10277958959341049,0.06412231922149658,0.025862546637654305,0.10277958959341049,0.06412231922149658,0.025862546637654305,0.10277958959341049,0.06412231922149658,0.025862546637654305,0.10277958959341049,0.06412231922149658,0.025862546637654305
R1126_122,C,122,0.10246497392654419,0.10328167676925659,0.0061774346977472305,0.10246497392654419,0.10328167676925659,0.0061774346977472305,0.10246497392654419,0.10328167676925659,0.0061774346977472305,0.10246497392654419,0.10328167676925659,0.0061774346977472305,0.10246497392654419,0.10328167676925659,0.0061774346977472305
R1126_123,G,123,0.09798932820558548,0.08496834337711334,0.007294017821550369,0.09798932820558548,0.08496834337711334,0.007294017821550369,0.09798932820558548,0.08496834337711334,0.007294017821550369,0.09798932820558548,0.08496834337711334,0.007294017821550369,0.09798932820558548,0.08496834337711334,0.007294017821550369
R1126_124,C,124,0.11632251739501953,0.039320800453424454,0.006291251629590988,0.11632251739501953,0.039320800453424454,0.006291251629590988,0.11632251739501953,0.039320800453424454,0.006291251629590988,0.11632251739501953,0.039320800453424454,0.006291251629590988,0.11632251739501953,0.039320800453424454,0.006291251629590988
R1126_125,G,125,0.09602627903223038,0.048767298460006714,0.005327135324478149,0.09602627903223038,0.048767298460006714,0.005327135324478149,0.09602627903223038,0.048767298460006714,0.005327135324478149,0.09602627903223038,0.048767298460006714,0.005327135324478149,0.09602627903223038,0.048767298460006714,0.005327135324478149
R1126_126,C,126,0.11021775752305984,0.05227004736661911,0.0032635796815156937,0.11021775752305984,0.05227004736661911,0.0032635796815156937,0.11021775752305984,0.05227004736661911,0.0032635796815156937,0.11021775752305984,0.05227004736661911,0.0032635796815156937,0.11021775752305984,0.05227004736661911,0.0032635796815156937
R1126_127,C,127,0.12537182867527008,0.07152294367551804,-0.00395566038787365,0.12537182867527008,0.07152294367551804,-0.00395566038787365,0.12537182867527008,0.07152294367551804,-0.00395566038787365,0.12537182867527008,0.07152294367551804,-0.00395566038787365,0.12537182867527008,0.07152294367551804,-0.00395566038787365
R1126_128,U,128,0.1085548922419548,0.08008962124586105,0.004254261031746864,0.1085548922419548,0.08008962124586105,0.004254261031746864,0.1085548922419548,0.08008962124586105,0.004254261031746864,0.1085548922419548,0.08008962124586105,0.004254261031746864,0.1085548922419548,0.08008962124586105,0.004254261031746864
R1126_129,A,129,0.1930876076221466,-0.018854038789868355,0.0247779693454504,0.1930876076221466,-0.018854038789868355,0.0247779693454504,0.1930876076221466,-0.018854038789868355,0.0247779693454504,0.1930876076221466,-0.018854038789868355,0.0247779693454504,0.1930876076221466,-0.018854038789868355,0.0247779693454504
R1126_130,A,130,0.18209335207939148,-0.041961364448070526,0.06628020852804184,0.18209335207939148,-0.041961364448070526,0.06628020852804184,0.18209335207939148,-0.041961364448070526,0.06628020852804184,0.18209335207939148,-0.041961364448070526,0.06628020852804184,0.18209335207939148,-0.041961364448070526,0.06628020852804184
R1126_131,G,131,0.11724470555782318,0.006545404903590679,0.016888709738850594,0.11724470555782318,0.006545404903590679,0.016888709738850594,0.11724470555782318,0.006545404903590679,0.016888709738850594,0.11724470555782318,0.006545404903590679,0.016888709738850594,0.11724470555782318,0.006545404903590679,0.016888709738850594
R1126_132,C,132,0.12518702447414398,0.015967505052685738,0.007725626230239868,0.12518702447414398,0.015967505052685738,0.007725626230239868,0.12518702447414398,0.015967505052685738,0.007725626230239868,0.12518702447414398,0.015967505052685738,0.007725626230239868,0.12518702447414398,0.015967505052685738,0.007725626230239868
R1126_133,G,133,0.11647767573595047,0.06531339138746262,0.004593828693032265,0.11647767573595047,0.06531339138746262,0.004593828693032265,0.11647767573595047,0.06531339138746262,0.004593828693032265,0.11647767573595047,0.06531339138746262,0.004593828693032265,0.11647767573595047,0.06531339138746262,0.004593828693032265
R1126_134,U,134,0.10675004124641418,0.07798008620738983,0.01225757785141468,0.10675004124641418,0.07798008620738983,0.01225757785141468,0.10675004124641418,0.07798008620738983,0.01225757785141468,0.10675004124641418,0.07798008620738983,0.01225757785141468,0.10675004124641418,0.07798008620738983,0.01225757785141468
R1126_135,U,135,0.10380728542804718,0.07135505974292755,0.016623737290501595,0.10380728542804718,0.07135505974292755,0.016623737290501595,0.10380728542804718,0.07135505974292755,0.016623737290501595,0.10380728542804718,0.07135505974292755,0.016623737290501595,0.10380728542804718,0.07135505974292755,0.016623737290501595
R1126_136,G,136,0.10648059844970703,0.04767262935638428,0.018352670595049858,0.10648059844970703,0.04767262935638428,0.018352670595049858,0.10648059844970703,0.04767262935638428,0.018352670595049858,0.10648059844970703,0.04767262935638428,0.018352670595049858,0.10648059844970703,0.04767262935638428,0.018352670595049858
R1126_137,A,137,0.1115850955247879,-0.003583112731575966,0.06279470026493073,0.1115850955247879,-0.003583112731575966,0.06279470026493073,0.1115850955247879,-0.003583112731575966,0.06279470026493073,0.1115850955247879,-0.003583112731575966,0.06279470026493073,0.1115850955247879,-0.003583112731575966,0.06279470026493073
R1126_138,A,138,0.09498803317546844,0.005603824742138386,0.04835920035839081,0.09498803317546844,0.005603824742138386,0.04835920035839081,0.09498803317546844,0.005603824742138386,0.04835920035839081,0.09498803317546844,0.005603824742138386,0.04835920035839081,0.09498803317546844,0.005603824742138386,0.04835920035839081
R1126_139,G,139,0.0893426313996315,0.06746985763311386,0.020585568621754646,0.0893426313996315,0.06746985763311386,0.020585568621754646,0.0893426313996315,0.06746985763311386,0.020585568621754646,0.0893426313996315,0.06746985763311386,0.020585568621754646,0.0893426313996315,0.06746985763311386,0.020585568621754646
R1126_140,G,140,0.09108281135559082,0.09494304656982422,0.012453122064471245,0.09108281135559082,0.09494304656982422,0.012453122064471245,0.09108281135559082,0.09494304656982422,0.012453122064471245,0.09108281135559082,0.09494304656982422,0.012453122064471245,0.09108281135559082,0.09494304656982422,0.012453122064471245
R1126_141,C,141,0.10290412604808807,0.09175307303667068,0.004967890679836273,0.10290412604808807,0.09175307303667068,0.004967890679836273,0.10290412604808807,0.09175307303667068,0.004967890679836273,0.10290412604808807,0.09175307303667068,0.004967890679836273,0.10290412604808807,0.09175307303667068,0.004967890679836273
R1126_142,G,142,0.09884188324213028,0.06474603712558746,0.011061659082770348,0.09884188324213028,0.06474603712558746,0.011061659082770348,0.09884188324213028,0.06474603712558746,0.011061659082770348,0.09884188324213028,0.06474603712558746,0.011061659082770348,0.09884188324213028,0.06474603712558746,0.011061659082770348
R1126_143,U,143,0.09424911439418793,0.048516131937503815,0.013363277539610863,0.09424911439418793,0.048516131937503815,0.013363277539610863,0.09424911439418793,0.048516131937503815,0.013363277539610863,0.09424911439418793,0.048516131937503815,0.013363277539610863,0.09424911439418793,0.048516131937503815,0.013363277539610863
R1126_144,G,144,0.09990779310464859,0.03320447728037834,0.004530508071184158,0.09990779310464859,0.03320447728037834,0.004530508071184158,0.09990779310464859,0.03320447728037834,0.004530508071184158,0.09990779310464859,0.03320447728037834,0.004530508071184158,0.09990779310464859,0.03320447728037834,0.004530508071184158
R1126_145,U,145,0.09486646205186844,0.06566280871629715,0.010423893108963966,0.09486646205186844,0.06566280871629715,0.010423893108963966,0.09486646205186844,0.06566280871629715,0.010423893108963966,0.09486646205186844,0.06566280871629715,0.010423893108963966,0.09486646205186844,0.06566280871629715,0.010423893108963966
R1126_146,U,146,0.09880343079566956,0.0833224207162857,0.00704161636531353,0.09880343079566956,0.0833224207162857,0.00704161636531353,0.09880343079566956,0.0833224207162857,0.00704161636531353,0.09880343079566956,0.0833224207162857,0.00704161636531353,0.09880343079566956,0.0833224207162857,0.00704161636531353
R1126_147,A,147,0.13923083245754242,0.027001891285181046,-0.004612589254975319,0.13923083245754242,0.027001891285181046,-0.004612589254975319,0.13923083245754242,0.027001891285181046,-0.004612589254975319,0.13923083245754242,0.027001891285181046,-0.004612589254975319,0.13923083245754242,0.027001891285181046,-0.004612589254975319
R1126_148,G,148,0.11831268668174744,0.036327216774225235,0.002180080860853195,0.11831268668174744,0.036327216774225235,0.002180080860853195,0.11831268668174744,0.036327216774225235,0.002180080860853195,0.11831268668174744,0.036327216774225235,0.002180080860853195,0.11831268668174744,0.036327216774225235,0.002180080860853195
R1126_149,A,149,0.13206318020820618,-0.07118767499923706,0.06782598048448563,0.13206318020820618,-0.07118767499923706,0.06782598048448563,0.13206318020820618,-0.07118767499923706,0.06782598048448563,0.13206318020820618,-0.07118767499923706,0.06782598048448563,0.13206318020820618,-0.07118767499923706,0.06782598048448563
R1126_150,G,150,0.11108376830816269,-0.0014027971774339676,0.008149860426783562,0.11108376830816269,-0.0014027971774339676,0.008149860426783562,0.11108376830816269,-0.0014027971774339676,0.008149860426783562,0.11108376830816269,-0.0014027971774339676,0.008149860426783562,0.11108376830816269,-0.0014027971774339676,0.008149860426783562
R1126_151,C,151,0.10685514658689499,0.014370356686413288,-0.0019779112190008163,0.10685514658689499,0.014370356686413288,-0.0019779112190008163,0.10685514658689499,0.014370356686413288,-0.0019779112190008163,0.10685514658689499,0.014370356686413288,-0.0019779112190008163,0.10685514658689499,0.014370356686413288,-0.0019779112190008163
R1126_152,A,152,0.08357144147157669,0.05835609883069992,-0.03150778263807297,0.08357144147157669,0.05835609883069992,-0.03150778263807297,0.08357144147157669,0.05835609883069992,-0.03150778263807297,0.08357144147157669,0.05835609883069992,-0.03150778263807297,0.08357144147157669,0.05835609883069992,-0.03150778263807297
R1126_153,G,153,0.08829732984304428,0.08219131827354431,-0.0018770620226860046,0.08829732984304428,0.08219131827354431,-0.0018770620226860046,0.08829732984304428,0.08219131827354431,-0.0018770620226860046,0.08829732984304428,0.08219131827354431,-0.0018770620226860046,0.08829732984304428,0.08219131827354431,-0.0018770620226860046
R1126_154,A,154,0.06272882223129272,0.05153036117553711,0.021350981667637825,0.06272882223129272,0.05153036117553711,0.021350981667637825,0.06272882223129272,0.05153036117553711,0.021350981667637825,0.06272882223129272,0.05153036117553711,0.021350981667637825,0.06272882223129272,0.05153036117553711,0.021350981667637825
R1126_155,U,155,0.07449638843536377,0.0551241934299469,0.018167046830058098,0.07449638843536377,0.0551241934299469,0.018167046830058098,0.07449638843536377,0.0551241934299469,0.018167046830058098,0.07449638843536377,0.0551241934299469,0.018167046830058098,0.07449638843536377,0.0551241934299469,0.018167046830058098
R1126_156,A,156,0.02271990478038788,0.017500082030892372,0.0546070858836174,0.02271990478038788,0.017500082030892372,0.0546070858836174,0.02271990478038788,0.017500082030892372,0.0546070858836174,0.02271990478038788,0.017500082030892372,0.0546070858836174,0.02271990478038788,0.017500082030892372,0.0546070858836174
R1126_157,G,157,0.061851486563682556,0.058642782270908356,0.004456775262951851,0.061851486563682556,0.058642782270908356,0.004456775262951851,0.061851486563682556,0.058642782270908356,0.004456775262951851,0.061851486563682556,0.058642782270908356,0.004456775262951851,0.061851486563682556,0.058642782270908356,0.004456775262951851
R1126_158,U,158,0.060134537518024445,0.09624939411878586,0.011206017807126045,0.060134537518024445,0.09624939411878586,0.011206017807126045,0.060134537518024445,0.09624939411878586,0.011206017807126045,0.060134537518024445,0.09624939411878586,0.011206017807126045,0.060134537518024445,0.09624939411878586,0.011206017807126045
R1126_159,U,159,0.054452262818813324,0.11754544824361801,0.01155821792781353,0.054452262818813324,0.11754544824361801,0.01155821792781353,0.054452262818813324,0.11754544824361801,0.01155821792781353,0.054452262818813324,0.11754544824361801,0.01155821792781353,0.054452262818813324,0.11754544824361801,0.01155821792781353
R1126_160,C,160,0.0445270836353302,0.12092995643615723,0.0048117004334926605,0.0445270836353302,0.12092995643615723,0.0048117004334926605,0.0445270836353302,0.12092995643615723,0.0048117004334926605,0.0445270836353302,0.12092995643615723,0.0048117004334926605,0.0445270836353302,0.12092995643615723,0.0048117004334926605
R1126_161,G,161,0.05205762758851051,0.09119369834661484,0.010486813262104988,0.05205762758851051,0.09119369834661484,0.010486813262104988,0.05205762758851051,0.09119369834661484,0.010486813262104988,0.05205762758851051,0.09119369834661484,0.010486813262104988,0.05205762758851051,0.09119369834661484,0.010486813262104988
R1126_162,C,162,0.049856845289468765,0.07155460864305496,-0.0028143152594566345,0.049856845289468765,0.07155460864305496,-0.0028143152594566345,0.049856845289468765,0.07155460864305496,-0.0028143152594566345,0.049856845289468765,0.07155460864305496,-0.0028143152594566345,0.049856845289468765,0.07155460864305496,-0.0028143152594566345
R1126_163,U,163,0.05868924409151077,0.07656916975975037,0.008424067869782448,0.05868924409151077,0.07656916975975037,0.008424067869782448,0.05868924409151077,0.07656916975975037,0.008424067869782448,0.05868924409151077,0.07656916975975037,0.008424067869782448,0.05868924409151077,0.07656916975975037,0.008424067869782448
R1126_164,A,164,0.03642263635993004,0.07480868697166443,-0.012466381303966045,0.03642263635993004,0.07480868697166443,-0.012466381303966045,0.03642263635993004,0.07480868697166443,-0.012466381303966045,0.03642263635993004,0.07480868697166443,-0.012466381303966045,0.03642263635993004,0.07480868697166443,-0.012466381303966045
R1126_165,U,165,0.05982924997806549,0.11338017880916595,0.008067993447184563,0.05982924997806549,0.11338017880916595,0.008067993447184563,0.05982924997806549,0.11338017880916595,0.008067993447184563,0.05982924997806549,0.11338017880916595,0.008067993447184563,0.05982924997806549,0.11338017880916595,0.008067993447184563
R1126_166,C,166,0.059467561542987823,0.08446355909109116,-0.005186747759580612,0.059467561542987823,0.08446355909109116,-0.005186747759580612,0.059467561542987823,0.08446355909109116,-0.005186747759580612,0.059467561542987823,0.08446355909109116,-0.005186747759580612,0.059467561542987823,0.08446355909109116,-0.005186747759580612
R1126_167,U,167,0.06647512316703796,0.07564917206764221,0.007941573858261108,0.06647512316703796,0.07564917206764221,0.007941573858261108,0.06647512316703796,0.07564917206764221,0.007941573858261108,0.06647512316703796,0.07564917206764221,0.007941573858261108,0.06647512316703796,0.07564917206764221,0.007941573858261108
R1126_168,G,168,0.07166730612516403,0.03578707203269005,0.0009867828339338303,0.07166730612516403,0.03578707203269005,0.0009867828339338303,0.07166730612516403,0.03578707203269005,0.0009867828339338303,0.07166730612516403,0.03578707203269005,0.0009867828339338303,0.07166730612516403,0.03578707203269005,0.0009867828339338303
R1126_169,G,169,0.06499865651130676,0.0323689803481102,0.0025452151894569397,0.06499865651130676,0.0323689803481102,0.0025452151894569397,0.06499865651130676,0.0323689803481102,0.0025452151894569397,0.06499865651130676,0.0323689803481102,0.0025452151894569397,0.06499865651130676,0.0323689803481102,0.0025452151894569397
R1126_170,G,170,0.05913400277495384,0.06292177736759186,-0.0021068714559078217,0.05913400277495384,0.06292177736759186,-0.0021068714559078217,0.05913400277495384,0.06292177736759186,-0.0021068714559078217,0.05913400277495384,0.06292177736759186,-0.0021068714559078217,0.05913400277495384,0.06292177736759186,-0.0021068714559078217
R1126_171,G,171,0.05621262639760971,0.09341127425432205,0.002596421167254448,0.05621262639760971,0.09341127425432205,0.002596421167254448,0.05621262639760971,0.09341127425432205,0.002596421167254448,0.05621262639760971,0.09341127425432205,0.002596421167254448,0.05621262639760971,0.09341127425432205,0.002596421167254448
R1126_172,A,172,0.023012997582554817,0.04577057808637619,-0.011013157665729523,0.023012997582554817,0.04577057808637619,-0.011013157665729523,0.023012997582554817,0.04577057808637619,-0.011013157665729523,0.023012997582554817,0.04577057808637619,-0.011013157665729523,0.023012997582554817,0.04577057808637619,-0.011013157665729523
R1126_173,G,173,0.04423703998327255,0.07402195036411285,0.018263982608914375,0.04423703998327255,0.07402195036411285,0.018263982608914375,0.04423703998327255,0.07402195036411285,0.018263982608914375,0.04423703998327255,0.07402195036411285,0.018263982608914375,0.04423703998327255,0.07402195036411285,0.018263982608914375
R1126_174,C,174,0.023990904912352562,0.031603142619132996,0.04304782301187515,0.023990904912352562,0.031603142619132996,0.04304782301187515,0.023990904912352562,0.031603142619132996,0.04304782301187515,0.023990904912352562,0.031603142619132996,0.04304782301187515,0.023990904912352562,0.031603142619132996,0.04304782301187515
R1126_175,C,175,0.01674824394285679,0.016597526147961617,0.045139528810977936,0.01674824394285679,0.016597526147961617,0.045139528810977936,0.01674824394285679,0.016597526147961617,0.045139528810977936,0.01674824394285679,0.016597526147961617,0.045139528810977936,0.01674824394285679,0.016597526147961617,0.045139528810977936
R1126_176,U,176,0.04224654659628868,0.06310959905385971,0.027745040133595467,0.04224654659628868,0.06310959905385971,0.027745040133595467,0.04224654659628868,0.06310959905385971,0.027745040133595467,0.04224654659628868,0.06310959905385971,0.027745040133595467,0.04224654659628868,0.06310959905385971,0.027745040133595467
R1126_177,G,177,0.031124187633395195,0.08323808014392853,0.029537824913859367,0.031124187633395195,0.08323808014392853,0.029537824913859367,0.031124187633395195,0.08323808014392853,0.029537824913859367,0.031124187633395195,0.08323808014392853,0.029537824913859367,0.031124187633395195,0.08323808014392853,0.029537824913859367
R1126_178,U,178,0.03575385361909866,0.1075749397277832,0.029297949746251106,0.03575385361909866,0.1075749397277832,0.029297949746251106,0.03575385361909866,0.1075749397277832,0.029297949746251106,0.03575385361909866,0.1075749397277832,0.029297949746251106,0.03575385361909866,0.1075749397277832,0.029297949746251106
R1126_179,U,179,0.034481849521398544,0.10714785009622574,0.030575143173336983,0.034481849521398544,0.10714785009622574,0.030575143173336983,0.034481849521398544,0.10714785009622574,0.030575143173336983,0.034481849521398544,0.10714785009622574,0.030575143173336983,0.034481849521398544,0.10714785009622574,0.030575143173336983
R1126_180,C,180,0.023445503786206245,0.06987166404724121,0.045897476375103,0.023445503786206245,0.06987166404724121,0.045897476375103,0.023445503786206245,0.06987166404724121,0.045897476375103,0.023445503786206245,0.06987166404724121,0.045897476375103,0.023445503786206245,0.06987166404724121,0.045897476375103
R1126_181,G,181,0.03240052983164787,0.060129038989543915,0.02832368202507496,0.03240052983164787,0.060129038989543915,0.02832368202507496,0.03240052983164787,0.060129038989543915,0.02832368202507496,0.03240052983164787,0.060129038989543915,0.02832368202507496,0.03240052983164787,0.060129038989543915,0.02832368202507496
R1126_182,C,182,0.02120068110525608,0.04060773551464081,0.03012688271701336,0.02120068110525608,0.04060773551464081,0.03012688271701336,0.02120068110525608,0.04060773551464081,0.03012688271701336,0.02120068110525608,0.04060773551464081,0.03012688271701336,0.02120068110525608,0.04060773551464081,0.03012688271701336
R1126_183,A,183,0.010867958888411522,0.031039243564009666,0.04861726611852646,0.010867958888411522,0.031039243564009666,0.04861726611852646,0.010867958888411522,0.031039243564009666,0.04861726611852646,0.010867958888411522,0.031039243564009666,0.04861726611852646,0.010867958888411522,0.031039243564009666,0.04861726611852646
R1126_184,G,184,0.05150773376226425,0.10486194491386414,0.02389349229633808,0.05150773376226425,0.10486194491386414,0.02389349229633808,0.05150773376226425,0.10486194491386414,0.02389349229633808,0.05150773376226425,0.10486194491386414,0.02389349229633808,0.05150773376226425,0.10486194491386414,0.02389349229633808
R1126_185,G,185,0.05668191239237785,0.08979054540395737,0.023406023159623146,0.05668191239237785,0.08979054540395737,0.023406023159623146,0.05668191239237785,0.08979054540395737,0.023406023159623146,0.05668191239237785,0.08979054540395737,0.023406023159623146,0.05668191239237785,0.08979054540395737,0.023406023159623146
R1126_186,C,186,0.0740007609128952,0.025322889909148216,0.03139512240886688,0.0740007609128952,0.025322889909148216,0.03139512240886688,0.0740007609128952,0.025322889909148216,0.03139512240886688,0.0740007609128952,0.025322889909148216,0.03139512240886688,0.0740007609128952,0.025322889909148216,0.03139512240886688
R1126_187,U,187,0.07372718304395676,0.0315617099404335,0.028971074149012566,0.07372718304395676,0.0315617099404335,0.028971074149012566,0.07372718304395676,0.0315617099404335,0.028971074149012566,0.07372718304395676,0.0315617099404335,0.028971074149012566,0.07372718304395676,0.0315617099404335,0.028971074149012566
R1126_188,C,188,0.07932630926370621,-0.014715207740664482,0.040050894021987915,0.07932630926370621,-0.014715207740664482,0.040050894021987915,0.07932630926370621,-0.014715207740664482,0.040050894021987915,0.07932630926370621,-0.014715207740664482,0.040050894021987915,0.07932630926370621,-0.014715207740664482,0.040050894021987915
R1126_189,A,189,0.07775039225816727,-0.03564660996198654,0.07360892742872238,0.07775039225816727,-0.03564660996198654,0.07360892742872238,0.07775039225816727,-0.03564660996198654,0.07360892742872238,0.07775039225816727,-0.03564660996198654,0.07360892742872238,0.07775039225816727,-0.03564660996198654,0.07360892742872238
R1126_190,G,190,0.07410181313753128,0.06351970881223679,0.029546843841671944,0.07410181313753128,0.06351970881223679,0.029546843841671944,0.07410181313753128,0.06351970881223679,0.029546843841671944,0.07410181313753128,0.06351970881223679,0.029546843841671944,0.07410181313753128,0.06351970881223679,0.029546843841671944
R1126_191,G,191,0.06919543445110321,0.0593179389834404,0.036325082182884216,0.06919543445110321,0.0593179389834404,0.036325082182884216,0.06919543445110321,0.0593179389834404,0.036325082182884216,0.06919543445110321,0.0593179389834404,0.036325082182884216,0.06919543445110321,0.0593179389834404,0.036325082182884216
R1126_192,A,192,0.06245456263422966,0.0009783711284399033,0.10220039635896683,0.06245456263422966,0.0009783711284399033,0.10220039635896683,0.06245456263422966,0.0009783711284399033,0.10220039635896683,0.06245456263422966,0.0009783711284399033,0.10220039635896683,0.06245456263422966,0.0009783711284399033,0.10220039635896683
R1126_193,G,193,0.06398314237594604,0.016824765130877495,0.05579691380262375,0.06398314237594604,0.016824765130877495,0.05579691380262375,0.06398314237594604,0.016824765130877495,0.05579691380262375,0.06398314237594604,0.016824765130877495,0.05579691380262375,0.06398314237594604,0.016824765130877495,0.05579691380262375
R1126_194,C,194,0.05120417848229408,-0.011493369936943054,0.0830095186829567,0.05120417848229408,-0.011493369936943054,0.0830095186829567,0.05120417848229408,-0.011493369936943054,0.0830095186829567,0.05120417848229408,-0.011493369936943054,0.0830095186829567,0.05120417848229408,-0.011493369936943054,0.0830095186829567
R1126_195,C,195,0.04658980667591095,0.023125270381569862,0.06764763593673706,0.04658980667591095,0.023125270381569862,0.06764763593673706,0.04658980667591095,0.023125270381569862,0.06764763593673706,0.04658980667591095,0.023125270381569862,0.06764763593673706,0.04658980667591095,0.023125270381569862,0.06764763593673706
R1126_196,U,196,0.0636013001203537,0.07278688251972198,0.042586229741573334,0.0636013001203537,0.07278688251972198,0.042586229741573334,0.0636013001203537,0.07278688251972198,0.042586229741573334,0.0636013001203537,0.07278688251972198,0.042586229741573334,0.0636013001203537,0.07278688251972198,0.042586229741573334
R1126_197,U,197,0.06053590774536133,0.08374037593603134,0.04809613525867462,0.06053590774536133,0.08374037593603134,0.04809613525867462,0.06053590774536133,0.08374037593603134,0.04809613525867462,0.06053590774536133,0.08374037593603134,0.04809613525867462,0.06053590774536133,0.08374037593603134,0.04809613525867462
R1126_198,C,198,0.04901818931102753,0.06931618601083755,0.0668240487575531,0.04901818931102753,0.06931618601083755,0.0668240487575531,0.04901818931102753,0.06931618601083755,0.0668240487575531,0.04901818931102753,0.06931618601083755,0.0668240487575531,0.04901818931102753,0.06931618601083755,0.0668240487575531
R1126_199,G,199,0.0561225488781929,0.0452653169631958,0.05533358454704285,0.0561225488781929,0.0452653169631958,0.05533358454704285,0.0561225488781929,0.0452653169631958,0.05533358454704285,0.0561225488781929,0.0452653169631958,0.05533358454704285,0.0561225488781929,0.0452653169631958,0.05533358454704285
R1126_200,G,200,0.06366704404354095,0.02486790157854557,0.052664563059806824,0.06366704404354095,0.02486790157854557,0.052664563059806824,0.06366704404354095,0.02486790157854557,0.052664563059806824,0.06366704404354095,0.02486790157854557,0.052664563059806824,0.06366704404354095,0.02486790157854557,0.052664563059806824
R1126_201,G,201,0.07065936923027039,0.03446581959724426,0.04740840196609497,0.07065936923027039,0.03446581959724426,0.04740840196609497,0.07065936923027039,0.03446581959724426,0.04740840196609497,0.07065936923027039,0.03446581959724426,0.04740840196609497,0.07065936923027039,0.03446581959724426,0.04740840196609497
R1126_202,C,202,0.07807315140962601,0.0502251535654068,0.04769235849380493,0.07807315140962601,0.0502251535654068,0.04769235849380493,0.07807315140962601,0.0502251535654068,0.04769235849380493,0.07807315140962601,0.0502251535654068,0.04769235849380493,0.07807315140962601,0.0502251535654068,0.04769235849380493
R1126_203,U,203,0.0778476893901825,0.08611966669559479,0.03994479775428772,0.0778476893901825,0.08611966669559479,0.03994479775428772,0.0778476893901825,0.08611966669559479,0.03994479775428772,0.0778476893901825,0.08611966669559479,0.03994479775428772,0.0778476893901825,0.08611966669559479,0.03994479775428772
R1126_204,C,204,0.09581350535154343,0.06419160217046738,0.04244042932987213,0.09581350535154343,0.06419160217046738,0.04244042932987213,0.09581350535154343,0.06419160217046738,0.04244042932987213,0.09581350535154343,0.06419160217046738,0.04244042932987213,0.09581350535154343,0.06419160217046738,0.04244042932987213
R1126_205,C,205,0.10996225476264954,0.007550839334726334,0.05704685300588608,0.10996225476264954,0.007550839334726334,0.05704685300588608,0.10996225476264954,0.007550839334726334,0.05704685300588608,0.10996225476264954,0.007550839334726334,0.05704685300588608,0.10996225476264954,0.007550839334726334,0.05704685300588608
R1126_206,U,206,0.1002555713057518,0.016635147854685783,0.03998003900051117,0.1002555713057518,0.016635147854685783,0.03998003900051117,0.1002555713057518,0.016635147854685783,0.03998003900051117,0.1002555713057518,0.016635147854685783,0.03998003900051117,0.1002555713057518,0.016635147854685783,0.03998003900051117
R1126_207,A,207,0.12886060774326324,-0.06927762925624847,0.09168975800275803,0.12886060774326324,-0.06927762925624847,0.09168975800275803,0.12886060774326324,-0.06927762925624847,0.09168975800275803,0.12886060774326324,-0.06927762925624847,0.09168975800275803,0.12886060774326324,-0.06927762925624847,0.09168975800275803
R1126_208,G,208,0.10563104599714279,0.03223638981580734,0.036344654858112335,0.10563104599714279,0.03223638981580734,0.036344654858112335,0.10563104599714279,0.03223638981580734,0.036344654858112335,0.10563104599714279,0.03223638981580734,0.036344654858112335,0.10563104599714279,0.03223638981580734,0.036344654858112335
R1126_209,C,209,0.11639393866062164,0.053225092589855194,0.03389820456504822,0.11639393866062164,0.053225092589855194,0.03389820456504822,0.11639393866062164,0.053225092589855194,0.03389820456504822,0.11639393866062164,0.053225092589855194,0.03389820456504822,0.11639393866062164,0.053225092589855194,0.03389820456504822
R1126_210,G,210,0.09373343735933304,0.06295005232095718,0.03539399057626724,0.09373343735933304,0.06295005232095718,0.03539399057626724,0.09373343735933304,0.06295005232095718,0.03539399057626724,0.09373343735933304,0.06295005232095718,0.03539399057626724,0.09373343735933304,0.06295005232095718,0.03539399057626724
R1126_211,C,211,0.09671729058027267,0.006512336432933807,0.07094044983386993,0.09671729058027267,0.006512336432933807,0.07094044983386993,0.09671729058027267,0.006512336432933807,0.07094044983386993,0.09671729058027267,0.006512336432933807,0.07094044983386993,0.09671729058027267,0.006512336432933807,0.07094044983386993
R1126_212,U,212,0.09046637266874313,0.019745880737900734,0.04656851291656494,0.09046637266874313,0.019745880737900734,0.04656851291656494,0.09046637266874313,0.019745880737900734,0.04656851291656494,0.09046637266874313,0.019745880737900734,0.04656851291656494,0.09046637266874313,0.019745880737900734,0.04656851291656494
R1126_213,A,213,0.02589568868279457,-0.0636490061879158,0.1361892819404602,0.02589568868279457,-0.0636490061879158,0.1361892819404602,0.02589568868279457,-0.0636490061879158,0.1361892819404602,0.02589568868279457,-0.0636490061879158,0.1361892819404602,0.02589568868279457,-0.0636490061879158,0.1361892819404602
R1126_214,U,214,0.07760751247406006,0.05175075680017471,0.03537559509277344,0.07760751247406006,0.05175075680017471,0.03537559509277344,0.07760751247406006,0.05175075680017471,0.03537559509277344,0.07760751247406006,0.05175075680017471,0.03537559509277344,0.07760751247406006,0.05175075680017471,0.03537559509277344
R1126_215,U,215,0.06824252754449844,0.07978858053684235,0.03637022525072098,0.06824252754449844,0.07978858053684235,0.03637022525072098,0.06824252754449844,0.07978858053684235,0.03637022525072098,0.06824252754449844,0.07978858053684235,0.03637022525072098,0.06824252754449844,0.07978858053684235,0.03637022525072098
R1126_216,A,216,0.011502837762236595,0.11273254454135895,0.09361548721790314,0.011502837762236595,0.11273254454135895,0.09361548721790314,0.011502837762236595,0.11273254454135895,0.09361548721790314,0.011502837762236595,0.11273254454135895,0.09361548721790314,0.011502837762236595,0.11273254454135895,0.09361548721790314
R1126_217,C,217,0.0409163162112236,0.08659358322620392,0.0654940977692604,0.0409163162112236,0.08659358322620392,0.0654940977692604,0.0409163162112236,0.08659358322620392,0.0654940977692604,0.0409163162112236,0.08659358322620392,0.0654940977692604,0.0409163162112236,0.08659358322620392,0.0654940977692604
R1126_218,C,218,0.044756293296813965,0.03990782052278519,0.0739860087633133,0.044756293296813965,0.03990782052278519,0.0739860087633133,0.044756293296813965,0.03990782052278519,0.0739860087633133,0.044756293296813965,0.03990782052278519,0.0739860087633133,0.044756293296813965,0.03990782052278519,0.0739860087633133
R1126_219,C,219,0.04975295439362526,0.027714921161532402,0.05734807997941971,0.04975295439362526,0.027714921161532402,0.05734807997941971,0.04975295439362526,0.027714921161532402,0.05734807997941971,0.04975295439362526,0.027714921161532402,0.05734807997941971,0.04975295439362526,0.027714921161532402,0.05734807997941971
R1126_220,C,220,0.051794350147247314,0.059931203722953796,0.03726378083229065,0.051794350147247314,0.059931203722953796,0.03726378083229065,0.051794350147247314,0.059931203722953796,0.03726378083229065,0.051794350147247314,0.059931203722953796,0.03726378083229065,0.051794350147247314,0.059931203722953796,0.03726378083229065
R1126_221,G,221,0.05734056979417801,0.10492709279060364,0.03440658003091812,0.05734056979417801,0.10492709279060364,0.03440658003091812,0.05734056979417801,0.10492709279060364,0.03440658003091812,0.05734056979417801,0.10492709279060364,0.03440658003091812,0.05734056979417801,0.10492709279060364,0.03440658003091812
R1126_222,G,222,0.06080026924610138,0.12674297392368317,0.03459254652261734,0.06080026924610138,0.12674297392368317,0.03459254652261734,0.06080026924610138,0.12674297392368317,0.03459254652261734,0.06080026924610138,0.12674297392368317,0.03459254652261734,0.06080026924610138,0.12674297392368317,0.03459254652261734
R1126_223,A,223,0.05278753489255905,0.09607112407684326,0.09946541488170624,0.05278753489255905,0.09607112407684326,0.09946541488170624,0.05278753489255905,0.09607112407684326,0.09946541488170624,0.05278753489255905,0.09607112407684326,0.09946541488170624,0.05278753489255905,0.09607112407684326,0.09946541488170624
R1126_224,C,224,0.08416730165481567,0.05446506291627884,0.04704620689153671,0.08416730165481567,0.05446506291627884,0.04704620689153671,0.08416730165481567,0.05446506291627884,0.04704620689153671,0.08416730165481567,0.05446506291627884,0.04704620689153671,0.08416730165481567,0.05446506291627884,0.04704620689153671
R1126_225,A,225,0.10084228962659836,0.018454689532518387,0.062158480286598206,0.10084228962659836,0.018454689532518387,0.062158480286598206,0.10084228962659836,0.018454689532518387,0.062158480286598206,0.10084228962659836,0.018454689532518387,0.062158480286598206,0.10084228962659836,0.018454689532518387,0.062158480286598206
R1126_226,C,226,0.09437794983386993,0.02792566455900669,0.031798891723155975,0.09437794983386993,0.02792566455900669,0.031798891723155975,0.09437794983386993,0.02792566455900669,0.031798891723155975,0.09437794983386993,0.02792566455900669,0.031798891723155975,0.09437794983386993,0.02792566455900669,0.031798891723155975
R1126_227,C,227,0.08821768313646317,0.06791596114635468,0.036861635744571686,0.08821768313646317,0.06791596114635468,0.036861635744571686,0.08821768313646317,0.06791596114635468,0.036861635744571686,0.08821768313646317,0.06791596114635468,0.036861635744571686,0.08821768313646317,0.06791596114635468,0.036861635744571686
R1126_228,A,228,0.06756415963172913,0.08462788909673691,0.08078595250844955,0.06756415963172913,0.08462788909673691,0.08078595250844955,0.06756415963172913,0.08462788909673691,0.08078595250844955,0.06756415963172913,0.08462788909673691,0.08078595250844955,0.06756415963172913,0.08462788909673691,0.08078595250844955
R1126_229,C,229,0.07502732425928116,0.09070886671543121,0.050489187240600586,0.07502732425928116,0.09070886671543121,0.050489187240600586,0.07502732425928116,0.09070886671543121,0.050489187240600586,0.07502732425928116,0.09070886671543121,0.050489187240600586,0.07502732425928116,0.09070886671543121,0.050489187240600586
R1126_230,C,230,0.0685565248131752,0.04707193374633789,0.06660955399274826,0.0685565248131752,0.04707193374633789,0.06660955399274826,0.0685565248131752,0.04707193374633789,0.06660955399274826,0.0685565248131752,0.04707193374633789,0.06660955399274826,0.0685565248131752,0.04707193374633789,0.06660955399274826
R1126_231,G,231,0.0796734020113945,0.03143126890063286,0.04482743889093399,0.0796734020113945,0.03143126890063286,0.04482743889093399,0.0796734020113945,0.03143126890063286,0.04482743889093399,0.0796734020113945,0.03143126890063286,0.04482743889093399,0.0796734020113945,0.03143126890063286,0.04482743889093399
R1126_232,G,232,0.07267385721206665,0.0379226878285408,0.03651052713394165,0.07267385721206665,0.0379226878285408,0.03651052713394165,0.07267385721206665,0.0379226878285408,0.03651052713394165,0.07267385721206665,0.0379226878285408,0.03651052713394165,0.07267385721206665,0.0379226878285408,0.03651052713394165
R1126_233,G,233,0.05997530743479729,0.06949232518672943,0.03553609549999237,0.05997530743479729,0.06949232518672943,0.03553609549999237,0.05997530743479729,0.06949232518672943,0.03553609549999237,0.05997530743479729,0.06949232518672943,0.03553609549999237,0.05997530743479729,0.06949232518672943,0.03553609549999237
R1126_234,C,234,0.04738655686378479,0.09946715086698532,0.044263504445552826,0.04738655686378479,0.09946715086698532,0.044263504445552826,0.04738655686378479,0.09946715086698532,0.044263504445552826,0.04738655686378479,0.09946715086698532,0.044263504445552826,0.04738655686378479,0.09946715086698532,0.044263504445552826
R1126_235,A,235,-0.019654398784041405,0.061847783625125885,0.12674620747566223,-0.019654398784041405,0.061847783625125885,0.12674620747566223,-0.019654398784041405,0.061847783625125885,0.12674620747566223,-0.019654398784041405,0.061847783625125885,0.12674620747566223,-0.019654398784041405,0.061847783625125885,0.12674620747566223
R1126_236,G,236,0.03832916170358658,0.09922447800636292,0.0458388477563858,0.03832916170358658,0.09922447800636292,0.0458388477563858,0.03832916170358658,0.09922447800636292,0.0458388477563858,0.03832916170358658,0.09922447800636292,0.0458388477563858,0.03832916170358658,0.09922447800636292,0.0458388477563858
R1126_237,A,237,-0.0002180156297981739,0.005241085775196552,0.16356992721557617,-0.0002180156297981739,0.005241085775196552,0.16356992721557617,-0.0002180156297981739,0.005241085775196552,0.16356992721557617,-0.0002180156297981739,0.005241085775196552,0.16356992721557617,-0.0002180156297981739,0.005241085775196552,0.16356992721557617
R1126_238,C,238,0.024815529584884644,0.03381284326314926,0.07806031405925751,0.024815529584884644,0.03381284326314926,0.07806031405925751,0.024815529584884644,0.03381284326314926,0.07806031405925751,0.024815529584884644,0.03381284326314926,0.07806031405925751,0.024815529584884644,0.03381284326314926,0.07806031405925751
R1126_239,A,239,-0.01486407034099102,-0.011104008182883263,0.15443933010101318,-0.01486407034099102,-0.011104008182883263,0.15443933010101318,-0.01486407034099102,-0.011104008182883263,0.15443933010101318,-0.01486407034099102,-0.011104008182883263,0.15443933010101318,-0.01486407034099102,-0.011104008182883263,0.15443933010101318
R1126_240,A,240,-0.005450218450278044,0.03528449684381485,0.1632048636674881,-0.005450218450278044,0.03528449684381485,0.1632048636674881,-0.005450218450278044,0.03528449684381485,0.1632048636674881,-0.005450218450278044,0.03528449684381485,0.1632048636674881,-0.005450218450278044,0.03528449684381485,0.1632048636674881
R1126_241,G,241,0.04753076657652855,0.1308189332485199,0.050156258046627045,0.04753076657652855,0.1308189332485199,0.050156258046627045,0.04753076657652855,0.1308189332485199,0.050156258046627045,0.04753076657652855,0.1308189332485199,0.050156258046627045,0.04753076657652855,0.1308189332485199,0.050156258046627045
R1126_242,U,242,0.060200758278369904,0.11380787938833237,0.04317682236433029,0.060200758278369904,0.11380787938833237,0.04317682236433029,0.060200758278369904,0.11380787938833237,0.04317682236433029,0.060200758278369904,0.11380787938833237,0.04317682236433029,0.060200758278369904,0.11380787938833237,0.04317682236433029
R1126_243,A,243,0.11215531826019287,-0.0004048515111207962,0.12711989879608154,0.11215531826019287,-0.0004048515111207962,0.12711989879608154,0.11215531826019287,-0.0004048515111207962,0.12711989879608154,0.11215531826019287,-0.0004048515111207962,0.12711989879608154,0.11215531826019287,-0.0004048515111207962,0.12711989879608154
R1126_244,A,244,0.09633675962686539,-0.007647354155778885,0.11502616852521896,0.09633675962686539,-0.007647354155778885,0.11502616852521896,0.09633675962686539,-0.007647354155778885,0.11502616852521896,0.09633675962686539,-0.007647354155778885,0.11502616852521896,0.09633675962686539,-0.007647354155778885,0.11502616852521896
R1126_245,U,245,0.07692470401525497,0.0703926682472229,0.04151125252246857,0.07692470401525497,0.0703926682472229,0.04151125252246857,0.07692470401525497,0.0703926682472229,0.04151125252246857,0.07692470401525497,0.0703926682472229,0.04151125252246857,0.07692470401525497,0.0703926682472229,0.04151125252246857
R1126_246,G,246,0.08719784766435623,0.0867835134267807,0.0379641130566597,0.08719784766435623,0.0867835134267807,0.0379641130566597,0.08719784766435623,0.0867835134267807,0.0379641130566597,0.08719784766435623,0.0867835134267807,0.0379641130566597,0.08719784766435623,0.0867835134267807,0.0379641130566597
R1126_247,G,247,0.09478119015693665,0.10782968997955322,0.033792369067668915,0.09478119015693665,0.10782968997955322,0.033792369067668915,0.09478119015693665,0.10782968997955322,0.033792369067668915,0.09478119015693665,0.10782968997955322,0.033792369067668915,0.09478119015693665,0.10782968997955322,0.033792369067668915
R1126_248,U,248,0.09162697941064835,0.0913756862282753,0.038425564765930176,0.09162697941064835,0.0913756862282753,0.038425564765930176,0.09162697941064835,0.0913756862282753,0.038425564765930176,0.09162697941064835,0.0913756862282753,0.038425564765930176,0.09162697941064835,0.0913756862282753,0.038425564765930176
R1126_249,G,249,0.10920365154743195,0.05105007439851761,0.04176243394613266,0.10920365154743195,0.05105007439851761,0.04176243394613266,0.10920365154743195,0.05105007439851761,0.04176243394613266,0.10920365154743195,0.05105007439851761,0.04176243394613266,0.10920365154743195,0.05105007439851761,0.04176243394613266
R1126_250,C,250,0.12017719447612762,-0.01288982667028904,0.08630982786417007,0.12017719447612762,-0.01288982667028904,0.08630982786417007,0.12017719447612762,-0.01288982667028904,0.08630982786417007,0.12017719447612762,-0.01288982667028904,0.08630982786417007,0.12017719447612762,-0.01288982667028904,0.08630982786417007
R1126_251,U,251,0.09408547729253769,0.039630740880966187,0.04219985008239746,0.09408547729253769,0.039630740880966187,0.04219985008239746,0.09408547729253769,0.039630740880966187,0.04219985008239746,0.09408547729253769,0.039630740880966187,0.04219985008239746,0.09408547729253769,0.039630740880966187,0.04219985008239746
R1126_252,C,252,0.09780231863260269,0.04968172684311867,0.05471884459257126,0.09780231863260269,0.04968172684311867,0.05471884459257126,0.09780231863260269,0.04968172684311867,0.05471884459257126,0.09780231863260269,0.04968172684311867,0.05471884459257126,0.09780231863260269,0.04968172684311867,0.05471884459257126
R1126_253,C,253,0.10597480088472366,0.09669207781553268,0.044739365577697754,0.10597480088472366,0.09669207781553268,0.044739365577697754,0.10597480088472366,0.09669207781553268,0.044739365577697754,0.10597480088472366,0.09669207781553268,0.044739365577697754,0.10597480088472366,0.09669207781553268,0.044739365577697754
R1126_254,U,254,0.08835490792989731,0.09622295945882797,0.03993798792362213,0.08835490792989731,0.09622295945882797,0.03993798792362213,0.08835490792989731,0.09622295945882797,0.03993798792362213,0.08835490792989731,0.09622295945882797,0.03993798792362213,0.08835490792989731,0.09622295945882797,0.03993798792362213
R1126_255,C,255,0.10827494412660599,0.06399824470281601,0.07049036026000977,0.10827494412660599,0.06399824470281601,0.07049036026000977,0.10827494412660599,0.06399824470281601,0.07049036026000977,0.10827494412660599,0.06399824470281601,0.07049036026000977,0.10827494412660599,0.06399824470281601,0.07049036026000977
R1126_256,G,256,0.087349072098732,0.041675418615341187,0.05841752886772156,0.087349072098732,0.041675418615341187,0.05841752886772156,0.087349072098732,0.041675418615341187,0.05841752886772156,0.087349072098732,0.041675418615341187,0.05841752886772156,0.087349072098732,0.041675418615341187,0.05841752886772156
R1126_257,A,257,0.08401501923799515,-0.04260309785604477,0.17250974476337433,0.08401501923799515,-0.04260309785604477,0.17250974476337433,0.08401501923799515,-0.04260309785604477,0.17250974476337433,0.08401501923799515,-0.04260309785604477,0.17250974476337433,0.08401501923799515,-0.04260309785604477,0.17250974476337433
R1126_258,A,258,0.0824451744556427,-0.012631861492991447,0.15235194563865662,0.0824451744556427,-0.012631861492991447,0.15235194563865662,0.0824451744556427,-0.012631861492991447,0.15235194563865662,0.0824451744556427,-0.012631861492991447,0.15235194563865662,0.0824451744556427,-0.012631861492991447,0.15235194563865662
R1126_259,U,259,0.08508230745792389,0.09604813903570175,0.048124946653842926,0.08508230745792389,0.09604813903570175,0.048124946653842926,0.08508230745792389,0.09604813903570175,0.048124946653842926,0.08508230745792389,0.09604813903570175,0.048124946653842926,0.08508230745792389,0.09604813903570175,0.048124946653842926
R1126_260,G,260,0.0998995304107666,0.11243461072444916,0.04494822770357132,0.0998995304107666,0.11243461072444916,0.04494822770357132,0.0998995304107666,0.11243461072444916,0.04494822770357132,0.0998995304107666,0.11243461072444916,0.04494822770357132,0.0998995304107666,0.11243461072444916,0.04494822770357132
R1126_261,A,261,0.16782523691654205,0.06902069598436356,0.11517157405614853,0.16782523691654205,0.06902069598436356,0.11517157405614853,0.16782523691654205,0.06902069598436356,0.11517157405614853,0.16782523691654205,0.06902069598436356,0.11517157405614853,0.16782523691654205,0.06902069598436356,0.11517157405614853
R1126_262,C,262,0.13168896734714508,0.03972912207245827,0.06946102529764175,0.13168896734714508,0.03972912207245827,0.06946102529764175,0.13168896734714508,0.03972912207245827,0.06946102529764175,0.13168896734714508,0.03972912207245827,0.06946102529764175,0.13168896734714508,0.03972912207245827,0.06946102529764175
R1126_263,U,263,0.1048765778541565,0.051609233021736145,0.0495176687836647,0.1048765778541565,0.051609233021736145,0.0495176687836647,0.1048765778541565,0.051609233021736145,0.0495176687836647,0.1048765778541565,0.051609233021736145,0.0495176687836647,0.1048765778541565,0.051609233021736145,0.0495176687836647
R1126_264,U,264,0.10681469738483429,0.06404388695955276,0.04448486119508743,0.10681469738483429,0.06404388695955276,0.04448486119508743,0.10681469738483429,0.06404388695955276,0.04448486119508743,0.10681469738483429,0.06404388695955276,0.04448486119508743,0.10681469738483429,0.06404388695955276,0.04448486119508743
R1126_265,C,265,0.14833326637744904,0.07686764001846313,0.03858672082424164,0.14833326637744904,0.07686764001846313,0.03858672082424164,0.14833326637744904,0.07686764001846313,0.03858672082424164,0.14833326637744904,0.07686764001846313,0.03858672082424164,0.14833326637744904,0.07686764001846313,0.03858672082424164
R1126_266,U,266,0.12173976004123688,0.09334521740674973,0.029826687648892403,0.12173976004123688,0.09334521740674973,0.029826687648892403,0.12173976004123688,0.09334521740674973,0.029826687648892403,0.12173976004123688,0.09334521740674973,0.029826687648892403,0.12173976004123688,0.09334521740674973,0.029826687648892403
R1126_267,G,267,0.14589236676692963,0.06947274506092072,0.033594563603401184,0.14589236676692963,0.06947274506092072,0.033594563603401184,0.14589236676692963,0.06947274506092072,0.033594563603401184,0.14589236676692963,0.06947274506092072,0.033594563603401184,0.14589236676692963,0.06947274506092072,0.033594563603401184
R1126_268,U,268,0.13252826035022736,0.04498104751110077,0.03592975437641144,0.13252826035022736,0.04498104751110077,0.03592975437641144,0.13252826035022736,0.04498104751110077,0.03592975437641144,0.13252826035022736,0.04498104751110077,0.03592975437641144,0.13252826035022736,0.04498104751110077,0.03592975437641144
R1126_269,U,269,0.1304093450307846,0.027303900569677353,0.041601017117500305,0.1304093450307846,0.027303900569677353,0.041601017117500305,0.1304093450307846,0.027303900569677353,0.041601017117500305,0.1304093450307846,0.027303900569677353,0.041601017117500305,0.1304093450307846,0.027303900569677353,0.041601017117500305
R1126_270,G,270,0.1381012201309204,0.03303532302379608,0.03548740595579147,0.1381012201309204,0.03303532302379608,0.03548740595579147,0.1381012201309204,0.03303532302379608,0.03548740595579147,0.1381012201309204,0.03303532302379608,0.03548740595579147,0.1381012201309204,0.03303532302379608,0.03548740595579147
R1126_271,A,271,0.16296708583831787,0.05154816806316376,0.0586991086602211,0.16296708583831787,0.05154816806316376,0.0586991086602211,0.16296708583831787,0.05154816806316376,0.0586991086602211,0.16296708583831787,0.05154816806316376,0.0586991086602211,0.16296708583831787,0.05154816806316376,0.0586991086602211
R1126_272,G,272,0.12747764587402344,0.10042750090360641,0.01507873646914959,0.12747764587402344,0.10042750090360641,0.01507873646914959,0.12747764587402344,0.10042750090360641,0.01507873646914959,0.12747764587402344,0.10042750090360641,0.01507873646914959,0.12747764587402344,0.10042750090360641,0.01507873646914959
R1126_273,U,273,0.11392970383167267,0.09225349873304367,0.02613627351820469,0.11392970383167267,0.09225349873304367,0.02613627351820469,0.11392970383167267,0.09225349873304367,0.02613627351820469,0.11392970383167267,0.09225349873304367,0.02613627351820469,0.11392970383167267,0.09225349873304367,0.02613627351820469
R1126_274,A,274,0.14503873884677887,0.059238284826278687,0.1164836660027504,0.14503873884677887,0.059238284826278687,0.1164836660027504,0.14503873884677887,0.059238284826278687,0.1164836660027504,0.14503873884677887,0.059238284826278687,0.1164836660027504,0.14503873884677887,0.059238284826278687,0.1164836660027504
R1126_275,G,275,0.11744848638772964,0.045503582805395126,0.03596341609954834,0.11744848638772964,0.045503582805395126,0.03596341609954834,0.11744848638772964,0.045503582805395126,0.03596341609954834,0.11744848638772964,0.045503582805395126,0.03596341609954834,0.11744848638772964,0.045503582805395126,0.03596341609954834
R1126_276,A,276,0.1164560317993164,0.03780272975564003,0.08606250584125519,0.1164560317993164,0.03780272975564003,0.08606250584125519,0.1164560317993164,0.03780272975564003,0.08606250584125519,0.1164560317993164,0.03780272975564003,0.08606250584125519,0.1164560317993164,0.03780272975564003,0.08606250584125519
R1126_277,G,277,0.09421446174383163,0.09045590460300446,0.02821255661547184,0.09421446174383163,0.09045590460300446,0.02821255661547184,0.09421446174383163,0.09045590460300446,0.02821255661547184,0.09421446174383163,0.09045590460300446,0.02821255661547184,0.09421446174383163,0.09045590460300446,0.02821255661547184
R1126_278,U,278,0.09265197813510895,0.11541463434696198,0.028519129380583763,0.09265197813510895,0.11541463434696198,0.028519129380583763,0.09265197813510895,0.11541463434696198,0.028519129380583763,0.09265197813510895,0.11541463434696198,0.028519129380583763,0.09265197813510895,0.11541463434696198,0.028519129380583763
R1126_279,G,279,0.10301105678081512,0.13152411580085754,0.022707803174853325,0.10301105678081512,0.13152411580085754,0.022707803174853325,0.10301105678081512,0.13152411580085754,0.022707803174853325,0.10301105678081512,0.13152411580085754,0.022707803174853325,0.10301105678081512,0.13152411580085754,0.022707803174853325
R1126_280,U,280,0.09911147505044937,0.1048499345779419,0.028370412066578865,0.09911147505044937,0.1048499345779419,0.028370412066578865,0.09911147505044937,0.1048499345779419,0.028370412066578865,0.09911147505044937,0.1048499345779419,0.028370412066578865,0.09911147505044937,0.1048499345779419,0.028370412066578865
R1126_281,G,281,0.11398828029632568,0.07643838226795197,0.023643622174859047,0.11398828029632568,0.07643838226795197,0.023643622174859047,0.11398828029632568,0.07643838226795197,0.023643622174859047,0.11398828029632568,0.07643838226795197,0.023643622174859047,0.11398828029632568,0.07643838226795197,0.023643622174859047
R1126_282,G,282,0.11174892634153366,0.06899010390043259,0.019507473334670067,0.11174892634153366,0.06899010390043259,0.019507473334670067,0.11174892634153366,0.06899010390043259,0.019507473334670067,0.11174892634153366,0.06899010390043259,0.019507473334670067,0.11174892634153366,0.06899010390043259,0.019507473334670067
R1126_283,G,283,0.11059392243623734,0.09071359038352966,0.011398212984204292,0.11059392243623734,0.09071359038352966,0.011398212984204292,0.11059392243623734,0.09071359038352966,0.011398212984204292,0.11059392243623734,0.09071359038352966,0.011398212984204292,0.11059392243623734,0.09071359038352966,0.011398212984204292
R1126_284,C,284,0.13869982957839966,0.11877299100160599,0.007507894188165665,0.13869982957839966,0.11877299100160599,0.007507894188165665,0.13869982957839966,0.11877299100160599,0.007507894188165665,0.13869982957839966,0.11877299100160599,0.007507894188165665,0.13869982957839966,0.11877299100160599,0.007507894188165665
R1126_285,U,285,0.1113644614815712,0.11730490624904633,0.01356201060116291,0.1113644614815712,0.11730490624904633,0.01356201060116291,0.1113644614815712,0.11730490624904633,0.01356201060116291,0.1113644614815712,0.11730490624904633,0.01356201060116291,0.1113644614815712,0.11730490624904633,0.01356201060116291
R1126_286,C,286,0.14926496148109436,0.09112732857465744,0.01977088488638401,0.14926496148109436,0.09112732857465744,0.01977088488638401,0.14926496148109436,0.09112732857465744,0.01977088488638401,0.14926496148109436,0.09112732857465744,0.01977088488638401,0.14926496148109436,0.09112732857465744,0.01977088488638401
R1126_287,C,287,0.15627099573612213,0.04344867542386055,0.03175217658281326,0.15627099573612213,0.04344867542386055,0.03175217658281326,0.15627099573612213,0.04344867542386055,0.03175217658281326,0.15627099573612213,0.04344867542386055,0.03175217658281326,0.15627099573612213,0.04344867542386055,0.03175217658281326
R1126_288,G,288,0.13232344388961792,0.044173985719680786,0.012883046641945839,0.13232344388961792,0.044173985719680786,0.012883046641945839,0.13232344388961792,0.044173985719680786,0.012883046641945839,0.13232344388961792,0.044173985719680786,0.012883046641945839,0.13232344388961792,0.044173985719680786,0.012883046641945839
R1126_289,C,289,0.1337020993232727,0.062470339238643646,0.0015686526894569397,0.1337020993232727,0.062470339238643646,0.0015686526894569397,0.1337020993232727,0.062470339238643646,0.0015686526894569397,0.1337020993232727,0.062470339238643646,0.0015686526894569397,0.1337020993232727,0.062470339238643646,0.0015686526894569397
R1126_290,G,290,0.10832154005765915,0.10607506334781647,-0.005739733576774597,0.10832154005765915,0.10607506334781647,-0.005739733576774597,0.10832154005765915,0.10607506334781647,-0.005739733576774597,0.10832154005765915,0.10607506334781647,-0.005739733576774597,0.10832154005765915,0.10607506334781647,-0.005739733576774597
R1126_291,G,291,0.10603046417236328,0.12914027273654938,-0.008762854151427746,0.10603046417236328,0.12914027273654938,-0.008762854151427746,0.10603046417236328,0.12914027273654938,-0.008762854151427746,0.10603046417236328,0.12914027273654938,-0.008762854151427746,0.10603046417236328,0.12914027273654938,-0.008762854151427746
R1126_292,C,292,0.11759936064481735,0.11790473759174347,-0.01625666953623295,0.11759936064481735,0.11790473759174347,-0.01625666953623295,0.11759936064481735,0.11790473759174347,-0.01625666953623295,0.11759936064481735,0.11790473759174347,-0.01625666953623295,0.11759936064481735,0.11790473759174347,-0.01625666953623295
R1126_293,U,293,0.09308351576328278,0.08392993360757828,0.01068572886288166,0.09308351576328278,0.08392993360757828,0.01068572886288166,0.09308351576328278,0.08392993360757828,0.01068572886288166,0.09308351576328278,0.08392993360757828,0.01068572886288166,0.09308351576328278,0.08392993360757828,0.01068572886288166
R1126_294,A,294,0.08536779880523682,0.0464993491768837,0.07250253856182098,0.08536779880523682,0.0464993491768837,0.07250253856182098,0.08536779880523682,0.0464993491768837,0.07250253856182098,0.08536779880523682,0.0464993491768837,0.07250253856182098,0.08536779880523682,0.0464993491768837,0.07250253856182098
R1126_295,G,295,0.07444319128990173,0.06848666071891785,0.017588404938578606,0.07444319128990173,0.06848666071891785,0.017588404938578606,0.07444319128990173,0.06848666071891785,0.017588404938578606,0.07444319128990173,0.06848666071891785,0.017588404938578606,0.07444319128990173,0.06848666071891785,0.017588404938578606
R1126_296,U,296,0.06909679621458054,0.10009710490703583,0.02101048268377781,0.06909679621458054,0.10009710490703583,0.02101048268377781,0.06909679621458054,0.10009710490703583,0.02101048268377781,0.06909679621458054,0.10009710490703583,0.02101048268377781,0.06909679621458054,0.10009710490703583,0.02101048268377781
R1126_297,G,297,0.07231815904378891,0.12460298836231232,0.017597703263163567,0.07231815904378891,0.12460298836231232,0.017597703263163567,0.07231815904378891,0.12460298836231232,0.017597703263163567,0.07231815904378891,0.12460298836231232,0.017597703263163567,0.07231815904378891,0.12460298836231232,0.017597703263163567
R1126_298,U,298,0.06992006301879883,0.12266869097948074,0.019357992336153984,0.06992006301879883,0.12266869097948074,0.019357992336153984,0.06992006301879883,0.12266869097948074,0.019357992336153984,0.06992006301879883,0.12266869097948074,0.019357992336153984,0.06992006301879883,0.12266869097948074,0.019357992336153984
R1126_299,G,299,0.07650384306907654,0.1048392578959465,0.025501912459731102,0.07650384306907654,0.1048392578959465,0.025501912459731102,0.07650384306907654,0.1048392578959465,0.025501912459731102,0.07650384306907654,0.1048392578959465,0.025501912459731102,0.07650384306907654,0.1048392578959465,0.025501912459731102
R1126_300,C,300,0.07968178391456604,0.06437299400568008,0.03888826072216034,0.07968178391456604,0.06437299400568008,0.03888826072216034,0.07968178391456604,0.06437299400568008,0.03888826072216034,0.07968178391456604,0.06437299400568008,0.03888826072216034,0.07968178391456604,0.06437299400568008,0.03888826072216034
R1126_301,A,301,0.06458829343318939,0.038816675543785095,0.07996577024459839,0.06458829343318939,0.038816675543785095,0.07996577024459839,0.06458829343318939,0.038816675543785095,0.07996577024459839,0.06458829343318939,0.038816675543785095,0.07996577024459839,0.06458829343318939,0.038816675543785095,0.07996577024459839
R1126_302,C,302,0.07161067426204681,0.07945404946804047,0.035377465188503265,0.07161067426204681,0.07945404946804047,0.035377465188503265,0.07161067426204681,0.07945404946804047,0.035377465188503265,0.07161067426204681,0.07945404946804047,0.035377465188503265,0.07161067426204681,0.07945404946804047,0.035377465188503265
R1126_303,C,303,0.09063392132520676,0.10849720984697342,0.029213430359959602,0.09063392132520676,0.10849720984697342,0.029213430359959602,0.09063392132520676,0.10849720984697342,0.029213430359959602,0.09063392132520676,0.10849720984697342,0.029213430359959602,0.09063392132520676,0.10849720984697342,0.029213430359959602
R1126_304,U,304,0.08942308276891708,0.11924030631780624,0.010514041408896446,0.08942308276891708,0.11924030631780624,0.010514041408896446,0.08942308276891708,0.11924030631780624,0.010514041408896446,0.08942308276891708,0.11924030631780624,0.010514041408896446,0.08942308276891708,0.11924030631780624,0.010514041408896446
R1126_305,U,305,0.10080772638320923,0.09607744961977005,0.009084699675440788,0.10080772638320923,0.09607744961977005,0.009084699675440788,0.10080772638320923,0.09607744961977005,0.009084699675440788,0.10080772638320923,0.09607744961977005,0.009084699675440788,0.10080772638320923,0.09607744961977005,0.009084699675440788
R1126_306,A,306,0.1450338065624237,-0.012765279039740562,0.08776044100522995,0.1450338065624237,-0.012765279039740562,0.08776044100522995,0.1450338065624237,-0.012765279039740562,0.08776044100522995,0.1450338065624237,-0.012765279039740562,0.08776044100522995,0.1450338065624237,-0.012765279039740562,0.08776044100522995
R1126_307,G,307,0.10867970436811447,0.03611045703291893,0.015060799196362495,0.10867970436811447,0.03611045703291893,0.015060799196362495,0.10867970436811447,0.03611045703291893,0.015060799196362495,0.10867970436811447,0.03611045703291893,0.015060799196362495,0.10867970436811447,0.03611045703291893,0.015060799196362495
R1126_308,C,308,0.11276894062757492,0.04350094124674797,0.013878127560019493,0.11276894062757492,0.04350094124674797,0.013878127560019493,0.11276894062757492,0.04350094124674797,0.013878127560019493,0.11276894062757492,0.04350094124674797,0.013878127560019493,0.11276894062757492,0.04350094124674797,0.013878127560019493
R1126_309,G,309,0.10649994015693665,0.08810378611087799,-0.0040969327092170715,0.10649994015693665,0.08810378611087799,-0.0040969327092170715,0.10649994015693665,0.08810378611087799,-0.0040969327092170715,0.10649994015693665,0.08810378611087799,-0.0040969327092170715,0.10649994015693665,0.08810378611087799,-0.0040969327092170715
R1126_310,G,310,0.11085717380046844,0.09966619312763214,-0.013425546698272228,0.11085717380046844,0.09966619312763214,-0.013425546698272228,0.11085717380046844,0.09966619312763214,-0.013425546698272228,0.11085717380046844,0.09966619312763214,-0.013425546698272228,0.11085717380046844,0.09966619312763214,-0.013425546698272228
R1126_311,U,311,0.10175419598817825,0.08222506195306778,0.0030842572450637817,0.10175419598817825,0.08222506195306778,0.0030842572450637817,0.10175419598817825,0.08222506195306778,0.0030842572450637817,0.10175419598817825,0.08222506195306778,0.0030842572450637817,0.10175419598817825,0.08222506195306778,0.0030842572450637817
R1126_312,G,312,0.10825792700052261,0.040647637099027634,0.006059860810637474,0.10825792700052261,0.040647637099027634,0.006059860810637474,0.10825792700052261,0.040647637099027634,0.006059860810637474,0.10825792700052261,0.040647637099027634,0.006059860810637474,0.10825792700052261,0.040647637099027634,0.006059860810637474
R1126_313,A,313,0.10453252494335175,0.0020483843982219696,0.07603994756937027,0.10453252494335175,0.0020483843982219696,0.07603994756937027,0.10453252494335175,0.0020483843982219696,0.07603994756937027,0.10453252494335175,0.0020483843982219696,0.07603994756937027,0.10453252494335175,0.0020483843982219696,0.07603994756937027
R1126_314,A,314,0.0978202298283577,0.0020056385546922684,0.07817217707633972,0.0978202298283577,0.0020056385546922684,0.07817217707633972,0.0978202298283577,0.0020056385546922684,0.07817217707633972,0.0978202298283577,0.0020056385546922684,0.07817217707633972,0.0978202298283577,0.0020056385546922684,0.07817217707633972
R1126_315,U,315,0.0847771018743515,0.07942704856395721,0.02060290239751339,0.0847771018743515,0.07942704856395721,0.02060290239751339,0.0847771018743515,0.07942704856395721,0.02060290239751339,0.0847771018743515,0.07942704856395721,0.02060290239751339,0.0847771018743515,0.07942704856395721,0.02060290239751339
R1126_316,G,316,0.08749242126941681,0.10015330463647842,0.01764175482094288,0.08749242126941681,0.10015330463647842,0.01764175482094288,0.08749242126941681,0.10015330463647842,0.01764175482094288,0.08749242126941681,0.10015330463647842,0.01764175482094288,0.08749242126941681,0.10015330463647842,0.01764175482094288
R1126_317,U,317,0.0824621319770813,0.09644438326358795,0.020799970254302025,0.0824621319770813,0.09644438326358795,0.020799970254302025,0.0824621319770813,0.09644438326358795,0.020799970254302025,0.0824621319770813,0.09644438326358795,0.020799970254302025,0.0824621319770813,0.09644438326358795,0.020799970254302025
R1126_318,C,318,0.0998724028468132,0.06375225633382797,0.020837778225541115,0.0998724028468132,0.06375225633382797,0.020837778225541115,0.0998724028468132,0.06375225633382797,0.020837778225541115,0.0998724028468132,0.06375225633382797,0.020837778225541115,0.0998724028468132,0.06375225633382797,0.020837778225541115
R1126_319,U,319,0.08446855843067169,0.05762819945812225,0.026470107957720757,0.08446855843067169,0.05762819945812225,0.026470107957720757,0.08446855843067169,0.05762819945812225,0.026470107957720757,0.08446855843067169,0.05762819945812225,0.026470107957720757,0.08446855843067169,0.05762819945812225,0.026470107957720757
R1126_320,G,320,0.0835048034787178,0.045044705271720886,0.031159115955233574,0.0835048034787178,0.045044705271720886,0.031159115955233574,0.0835048034787178,0.045044705271720886,0.031159115955233574,0.0835048034787178,0.045044705271720886,0.031159115955233574,0.0835048034787178,0.045044705271720886,0.031159115955233574
R1126_321,A,321,0.09782841801643372,0.028609560802578926,0.05354275554418564,0.09782841801643372,0.028609560802578926,0.05354275554418564,0.09782841801643372,0.028609560802578926,0.05354275554418564,0.09782841801643372,0.028609560802578926,0.05354275554418564,0.09782841801643372,0.028609560802578926,0.05354275554418564
R1126_322,C,322,0.1076006293296814,0.08968094736337662,0.010135559365153313,0.1076006293296814,0.08968094736337662,0.010135559365153313,0.1076006293296814,0.08968094736337662,0.010135559365153313,0.1076006293296814,0.08968094736337662,0.010135559365153313,0.1076006293296814,0.08968094736337662,0.010135559365153313
R1126_323,A,323,0.1462148278951645,0.08674285560846329,0.00830707885324955,0.1462148278951645,0.08674285560846329,0.00830707885324955,0.1462148278951645,0.08674285560846329,0.00830707885324955,0.1462148278951645,0.08674285560846329,0.00830707885324955,0.1462148278951645,0.08674285560846329,0.00830707885324955
R1126_324,C,324,0.12994138896465302,0.051511332392692566,0.013025438413023949,0.12994138896465302,0.051511332392692566,0.013025438413023949,0.12994138896465302,0.051511332392692566,0.013025438413023949,0.12994138896465302,0.051511332392692566,0.013025438413023949,0.12994138896465302,0.051511332392692566,0.013025438413023949
R1126_325,C,325,0.12949679791927338,0.0024996455758810043,0.03128935396671295,0.12949679791927338,0.0024996455758810043,0.03128935396671295,0.12949679791927338,0.0024996455758810043,0.03128935396671295,0.12949679791927338,0.0024996455758810043,0.03128935396671295,0.12949679791927338,0.0024996455758810043,0.03128935396671295
R1126_326,G,326,0.11346659064292908,0.013665431179106236,0.02188127674162388,0.11346659064292908,0.013665431179106236,0.02188127674162388,0.11346659064292908,0.013665431179106236,0.02188127674162388,0.11346659064292908,0.013665431179106236,0.02188127674162388,0.11346659064292908,0.013665431179106236,0.02188127674162388
R1126_327,U,327,0.10599309951066971,0.04683810472488403,0.020211169496178627,0.10599309951066971,0.04683810472488403,0.020211169496178627,0.10599309951066971,0.04683810472488403,0.020211169496178627,0.10599309951066971,0.04683810472488403,0.020211169496178627,0.10599309951066971,0.04683810472488403,0.020211169496178627
R1126_328,U,328,0.10961298644542694,0.06904038041830063,0.013296352699398994,0.10961298644542694,0.06904038041830063,0.013296352699398994,0.10961298644542694,0.06904038041830063,0.013296352699398994,0.10961298644542694,0.06904038041830063,0.013296352699398994,0.10961298644542694,0.06904038041830063,0.013296352699398994
R1126_329,A,329,0.14652249217033386,0.07164100557565689,0.01170293428003788,0.14652249217033386,0.07164100557565689,0.01170293428003788,0.14652249217033386,0.07164100557565689,0.01170293428003788,0.14652249217033386,0.07164100557565689,0.01170293428003788,0.14652249217033386,0.07164100557565689,0.01170293428003788
R1126_330,A,330,0.1441429853439331,0.047340523451566696,0.0368514209985733,0.1441429853439331,0.047340523451566696,0.0368514209985733,0.1441429853439331,0.047340523451566696,0.0368514209985733,0.1441429853439331,0.047340523451566696,0.0368514209985733,0.1441429853439331,0.047340523451566696,0.0368514209985733
R1126_331,G,331,0.11372499912977219,0.02323281392455101,0.016886869445443153,0.11372499912977219,0.02323281392455101,0.016886869445443153,0.11372499912977219,0.02323281392455101,0.016886869445443153,0.11372499912977219,0.02323281392455101,0.016886869445443153,0.11372499912977219,0.02323281392455101,0.016886869445443153
R1126_332,G,332,0.10721482336521149,0.021146396175026894,0.01977784000337124,0.10721482336521149,0.021146396175026894,0.01977784000337124,0.10721482336521149,0.021146396175026894,0.01977784000337124,0.10721482336521149,0.021146396175026894,0.01977784000337124,0.10721482336521149,0.021146396175026894,0.01977784000337124
R1126_333,U,333,0.09520308673381805,0.05032438039779663,0.01711626537144184,0.09520308673381805,0.05032438039779663,0.01711626537144184,0.09520308673381805,0.05032438039779663,0.01711626537144184,0.09520308673381805,0.05032438039779663,0.01711626537144184,0.09520308673381805,0.05032438039779663,0.01711626537144184
R1126_334,G,334,0.0911460816860199,0.08204534649848938,0.003493756055831909,0.0911460816860199,0.08204534649848938,0.003493756055831909,0.0911460816860199,0.08204534649848938,0.003493756055831909,0.0911460816860199,0.08204534649848938,0.003493756055831909,0.0911460816860199,0.08204534649848938,0.003493756055831909
R1126_335,G,335,0.08732087910175323,0.10163182020187378,0.002588251605629921,0.08732087910175323,0.10163182020187378,0.002588251605629921,0.08732087910175323,0.10163182020187378,0.002588251605629921,0.08732087910175323,0.10163182020187378,0.002588251605629921,0.08732087910175323,0.10163182020187378,0.002588251605629921
R1126_336,U,336,0.08108772337436676,0.09199521690607071,0.015295440331101418,0.08108772337436676,0.09199521690607071,0.015295440331101418,0.08108772337436676,0.09199521690607071,0.015295440331101418,0.08108772337436676,0.09199521690607071,0.015295440331101418,0.08108772337436676,0.09199521690607071,0.015295440331101418
R1126_337,U,337,0.07977588474750519,0.07208530604839325,0.01958569325506687,0.07977588474750519,0.07208530604839325,0.01958569325506687,0.07977588474750519,0.07208530604839325,0.01958569325506687,0.07977588474750519,0.07208530604839325,0.01958569325506687,0.07977588474750519,0.07208530604839325,0.01958569325506687
R1126_338,A,338,0.08191633969545364,0.023795941844582558,0.05301593989133835,0.08191633969545364,0.023795941844582558,0.05301593989133835,0.08191633969545364,0.023795941844582558,0.05301593989133835,0.08191633969545364,0.023795941844582558,0.05301593989133835,0.08191633969545364,0.023795941844582558,0.05301593989133835
R1126_339,C,339,0.07795479148626328,0.04942317679524422,0.011114371940493584,0.07795479148626328,0.04942317679524422,0.011114371940493584,0.07795479148626328,0.04942317679524422,0.011114371940493584,0.07795479148626328,0.04942317679524422,0.011114371940493584,0.07795479148626328,0.04942317679524422,0.011114371940493584
R1126_340,U,340,0.07351227849721909,0.08978968858718872,0.016428450122475624,0.07351227849721909,0.08978968858718872,0.016428450122475624,0.07351227849721909,0.08978968858718872,0.016428450122475624,0.07351227849721909,0.08978968858718872,0.016428450122475624,0.07351227849721909,0.08978968858718872,0.016428450122475624
R1126_341,C,341,0.08642982691526413,0.1050119623541832,-0.004015527665615082,0.08642982691526413,0.1050119623541832,-0.004015527665615082,0.08642982691526413,0.1050119623541832,-0.004015527665615082,0.08642982691526413,0.1050119623541832,-0.004015527665615082,0.08642982691526413,0.1050119623541832,-0.004015527665615082
R1126_342,U,342,0.08064635097980499,0.09764410555362701,0.011865733191370964,0.08064635097980499,0.09764410555362701,0.011865733191370964,0.08064635097980499,0.09764410555362701,0.011865733191370964,0.08064635097980499,0.09764410555362701,0.011865733191370964,0.08064635097980499,0.09764410555362701,0.011865733191370964
R1126_343,U,343,0.08508706092834473,0.07154155522584915,0.01106930710375309,0.08508706092834473,0.07154155522584915,0.01106930710375309,0.08508706092834473,0.07154155522584915,0.01106930710375309,0.08508706092834473,0.07154155522584915,0.01106930710375309,0.08508706092834473,0.07154155522584915,0.01106930710375309
R1126_344,C,344,0.098607636988163,0.0209933053702116,0.011759551241993904,0.098607636988163,0.0209933053702116,0.011759551241993904,0.098607636988163,0.0209933053702116,0.011759551241993904,0.098607636988163,0.0209933053702116,0.011759551241993904,0.098607636988163,0.0209933053702116,0.011759551241993904
R1126_345,G,345,0.09014619886875153,0.04102452099323273,0.005180278792977333,0.09014619886875153,0.04102452099323273,0.005180278792977333,0.09014619886875153,0.04102452099323273,0.005180278792977333,0.09014619886875153,0.04102452099323273,0.005180278792977333,0.09014619886875153,0.04102452099323273,0.005180278792977333
R1126_346,G,346,0.08603017032146454,0.06475826352834702,0.002877337858080864,0.08603017032146454,0.06475826352834702,0.002877337858080864,0.08603017032146454,0.06475826352834702,0.002877337858080864,0.08603017032146454,0.06475826352834702,0.002877337858080864,0.08603017032146454,0.06475826352834702,0.002877337858080864
R1126_347,A,347,0.1099969744682312,0.08085855096578598,-0.005203515291213989,0.1099969744682312,0.08085855096578598,-0.005203515291213989,0.1099969744682312,0.08085855096578598,-0.005203515291213989,0.1099969744682312,0.08085855096578598,-0.005203515291213989,0.1099969744682312,0.08085855096578598,-0.005203515291213989
R1126_348,G,348,0.07847573608160019,0.0874374732375145,-0.001872517168521881,0.07847573608160019,0.0874374732375145,-0.001872517168521881,0.07847573608160019,0.0874374732375145,-0.001872517168521881,0.07847573608160019,0.0874374732375145,-0.001872517168521881,0.07847573608160019,0.0874374732375145,-0.001872517168521881
R1126_349,U,349,0.07556530088186264,0.07152357697486877,0.004404190927743912,0.07556530088186264,0.07152357697486877,0.004404190927743912,0.07556530088186264,0.07152357697486877,0.004404190927743912,0.07556530088186264,0.07152357697486877,0.004404190927743912,0.07556530088186264,0.07152357697486877,0.004404190927743912
R1126_350,A,350,0.03931719809770584,-0.0018939357250928879,0.0624459907412529,0.03931719809770584,-0.0018939357250928879,0.0624459907412529,0.03931719809770584,-0.0018939357250928879,0.0624459907412529,0.03931719809770584,-0.0018939357250928879,0.0624459907412529,0.03931719809770584,-0.0018939357250928879,0.0624459907412529
R1126_351,A,351,0.03184381127357483,0.0051955655217170715,0.05855134129524231,0.03184381127357483,0.0051955655217170715,0.05855134129524231,0.03184381127357483,0.0051955655217170715,0.05855134129524231,0.03184381127357483,0.0051955655217170715,0.05855134129524231,0.03184381127357483,0.0051955655217170715,0.05855134129524231
R1126_352,C,352,0.04159639775753021,0.053600288927555084,0.012087928131222725,0.04159639775753021,0.053600288927555084,0.012087928131222725,0.04159639775753021,0.053600288927555084,0.012087928131222725,0.04159639775753021,0.053600288927555084,0.012087928131222725,0.04159639775753021,0.053600288927555084,0.012087928131222725
R1126_353,G,353,0.04739484563469887,0.09436855465173721,0.0005370564758777618,0.04739484563469887,0.09436855465173721,0.0005370564758777618,0.04739484563469887,0.09436855465173721,0.0005370564758777618,0.04739484563469887,0.09436855465173721,0.0005370564758777618,0.04739484563469887,0.09436855465173721,0.0005370564758777618
R1126_354,C,354,0.023309698328375816,0.11320849508047104,-0.004722993820905685,0.023309698328375816,0.11320849508047104,-0.004722993820905685,0.023309698328375816,0.11320849508047104,-0.004722993820905685,0.023309698328375816,0.11320849508047104,-0.004722993820905685,0.023309698328375816,0.11320849508047104,-0.004722993820905685
R1126_355,C,355,0.013562972657382488,0.09479963034391403,0.017709294334053993,0.013562972657382488,0.09479963034391403,0.017709294334053993,0.013562972657382488,0.09479963034391403,0.017709294334053993,0.013562972657382488,0.09479963034391403,0.017709294334053993,0.013562972657382488,0.09479963034391403,0.017709294334053993
R1126_356,G,356,0.026800738647580147,0.07560960948467255,0.019903408363461494,0.026800738647580147,0.07560960948467255,0.019903408363461494,0.026800738647580147,0.07560960948467255,0.019903408363461494,0.026800738647580147,0.07560960948467255,0.019903408363461494,0.026800738647580147,0.07560960948467255,0.019903408363461494
R1126_357,A,357,-0.017828021198511124,0.037386517971754074,0.08455515652894974,-0.017828021198511124,0.037386517971754074,0.08455515652894974,-0.017828021198511124,0.037386517971754074,0.08455515652894974,-0.017828021198511124,0.037386517971754074,0.08455515652894974,-0.017828021198511124,0.037386517971754074,0.08455515652894974
R1126_358,G,358,0.01895604468882084,0.06850290298461914,0.02275465615093708,0.01895604468882084,0.06850290298461914,0.02275465615093708,0.01895604468882084,0.06850290298461914,0.02275465615093708,0.01895604468882084,0.06850290298461914,0.02275465615093708,0.01895604468882084,0.06850290298461914,0.02275465615093708
R1126_359,A,359,-0.012028612196445465,0.032738592475652695,0.07857280224561691,-0.012028612196445465,0.032738592475652695,0.07857280224561691,-0.012028612196445465,0.032738592475652695,0.07857280224561691,-0.012028612196445465,0.032738592475652695,0.07857280224561691,-0.012028612196445465,0.032738592475652695,0.07857280224561691
R1126_360,U,360,0.03168192878365517,0.115329310297966,0.02128107286989689,0.03168192878365517,0.115329310297966,0.02128107286989689,0.03168192878365517,0.115329310297966,0.02128107286989689,0.03168192878365517,0.115329310297966,0.02128107286989689,0.03168192878365517,0.115329310297966,0.02128107286989689
R1126_361,U,361,0.036439791321754456,0.11080227047204971,0.017252841964364052,0.036439791321754456,0.11080227047204971,0.017252841964364052,0.036439791321754456,0.11080227047204971,0.017252841964364052,0.036439791321754456,0.11080227047204971,0.017252841964364052,0.036439791321754456,0.11080227047204971,0.017252841964364052
R1126_362,C,362,0.028613613918423653,0.05189952999353409,0.023503562435507774,0.028613613918423653,0.05189952999353409,0.023503562435507774,0.028613613918423653,0.05189952999353409,0.023503562435507774,0.028613613918423653,0.05189952999353409,0.023503562435507774,0.028613613918423653,0.05189952999353409,0.023503562435507774
R1126_363,C,363,0.039307840168476105,0.023833584040403366,0.019677983596920967,0.039307840168476105,0.023833584040403366,0.019677983596920967,0.039307840168476105,0.023833584040403366,0.019677983596920967,0.039307840168476105,0.023833584040403366,0.019677983596920967,0.039307840168476105,0.023833584040403366,0.019677983596920967
R1128_1,G,1,0.03463709354400635,0.0576765313744545,0.044351428747177124,0.03463709354400635,0.0576765313744545,0.044351428747177124,0.03463709354400635,0.0576765313744545,0.044351428747177124,0.03463709354400635,0.0576765313744545,0.044351428747177124,0.03463709354400635,0.0576765313744545,0.044351428747177124
R1128_2,G,2,0.03746742010116577,0.0745914950966835,0.04264397174119949,0.03746742010116577,0.0745914950966835,0.04264397174119949,0.03746742010116577,0.0745914950966835,0.04264397174119949,0.03746742010116577,0.0745914950966835,0.04264397174119949,0.03746742010116577,0.0745914950966835,0.04264397174119949
R1128_3,A,3,0.06291741877794266,0.01836506463587284,0.0427931472659111,0.06291741877794266,0.01836506463587284,0.0427931472659111,0.06291741877794266,0.01836506463587284,0.0427931472659111,0.06291741877794266,0.01836506463587284,0.0427931472659111,0.06291741877794266,0.01836506463587284,0.0427931472659111
R1128_4,A,4,0.08561104536056519,0.007718703709542751,0.0385575070977211,0.08561104536056519,0.007718703709542751,0.0385575070977211,0.08561104536056519,0.007718703709542751,0.0385575070977211,0.08561104536056519,0.007718703709542751,0.0385575070977211,0.08561104536056519,0.007718703709542751,0.0385575070977211
R1128_5,U,5,0.06508009135723114,0.029953645542263985,0.040206462144851685,0.06508009135723114,0.029953645542263985,0.040206462144851685,0.06508009135723114,0.029953645542263985,0.040206462144851685,0.06508009135723114,0.029953645542263985,0.040206462144851685,0.06508009135723114,0.029953645542263985,0.040206462144851685
R1128_6,A,6,0.09097326546907425,-0.016407405957579613,0.03626498579978943,0.09097326546907425,-0.016407405957579613,0.03626498579978943,0.09097326546907425,-0.016407405957579613,0.03626498579978943,0.09097326546907425,-0.016407405957579613,0.03626498579978943,0.09097326546907425,-0.016407405957579613,0.03626498579978943
R1128_7,U,7,0.06923837959766388,0.04067244380712509,0.04514976590871811,0.06923837959766388,0.04067244380712509,0.04514976590871811,0.06923837959766388,0.04067244380712509,0.04514976590871811,0.06923837959766388,0.04067244380712509,0.04514976590871811,0.06923837959766388,0.04067244380712509,0.04514976590871811
R1128_8,C,8,0.0769241601228714,0.01288323663175106,0.06465881317853928,0.0769241601228714,0.01288323663175106,0.06465881317853928,0.0769241601228714,0.01288323663175106,0.06465881317853928,0.0769241601228714,0.01288323663175106,0.06465881317853928,0.0769241601228714,0.01288323663175106,0.06465881317853928
R1128_9,G,9,0.07873828709125519,0.032098401337862015,0.05132193863391876,0.07873828709125519,0.032098401337862015,0.05132193863391876,0.07873828709125519,0.032098401337862015,0.05132193863391876,0.07873828709125519,0.032098401337862015,0.05132193863391876,0.07873828709125519,0.032098401337862015,0.05132193863391876
R1128_10,U,10,0.08115604519844055,0.028595030307769775,0.0469372421503067,0.08115604519844055,0.028595030307769775,0.0469372421503067,0.08115604519844055,0.028595030307769775,0.0469372421503067,0.08115604519844055,0.028595030307769775,0.0469372421503067,0.08115604519844055,0.028595030307769775,0.0469372421503067
R1128_11,C,11,0.09798894077539444,-0.050794512033462524,0.08296573162078857,0.09798894077539444,-0.050794512033462524,0.08296573162078857,0.09798894077539444,-0.050794512033462524,0.08296573162078857,0.09798894077539444,-0.050794512033462524,0.08296573162078857,0.09798894077539444,-0.050794512033462524,0.08296573162078857
R1128_12,A,12,0.0974046140909195,-0.08809324353933334,0.10856709629297256,0.0974046140909195,-0.08809324353933334,0.10856709629297256,0.0974046140909195,-0.08809324353933334,0.10856709629297256,0.0974046140909195,-0.08809324353933334,0.10856709629297256,0.0974046140909195,-0.08809324353933334,0.10856709629297256
R1128_13,U,13,0.07801353186368942,0.019848298281431198,0.049894049763679504,0.07801353186368942,0.019848298281431198,0.049894049763679504,0.07801353186368942,0.019848298281431198,0.049894049763679504,0.07801353186368942,0.019848298281431198,0.049894049763679504,0.07801353186368942,0.019848298281431198,0.049894049763679504
R1128_14,G,14,0.07517603784799576,0.03707451373338699,0.04972387105226517,0.07517603784799576,0.03707451373338699,0.04972387105226517,0.07517603784799576,0.03707451373338699,0.04972387105226517,0.07517603784799576,0.03707451373338699,0.04972387105226517,0.07517603784799576,0.03707451373338699,0.04972387105226517
R1128_15,G,15,0.06889738142490387,0.04794592037796974,0.05728253722190857,0.06889738142490387,0.04794592037796974,0.05728253722190857,0.06889738142490387,0.04794592037796974,0.05728253722190857,0.06889738142490387,0.04794592037796974,0.05728253722190857,0.06889738142490387,0.04794592037796974,0.05728253722190857
R1128_16,U,16,0.06577540189027786,0.04200746864080429,0.05519367754459381,0.06577540189027786,0.04200746864080429,0.05519367754459381,0.06577540189027786,0.04200746864080429,0.05519367754459381,0.06577540189027786,0.04200746864080429,0.05519367754459381,0.06577540189027786,0.04200746864080429,0.05519367754459381
R1128_17,G,17,0.06272605061531067,0.011196114122867584,0.057211391627788544,0.06272605061531067,0.011196114122867584,0.057211391627788544,0.06272605061531067,0.011196114122867584,0.057211391627788544,0.06272605061531067,0.011196114122867584,0.057211391627788544,0.06272605061531067,0.011196114122867584,0.057211391627788544
R1128_18,A,18,0.03724605217576027,-0.05726901441812515,0.11135097593069077,0.03724605217576027,-0.05726901441812515,0.11135097593069077,0.03724605217576027,-0.05726901441812515,0.11135097593069077,0.03724605217576027,-0.05726901441812515,0.11135097593069077,0.03724605217576027,-0.05726901441812515,0.11135097593069077
R1128_19,U,19,0.06289781630039215,0.035972513258457184,0.048629552125930786,0.06289781630039215,0.035972513258457184,0.048629552125930786,0.06289781630039215,0.035972513258457184,0.048629552125930786,0.06289781630039215,0.035972513258457184,0.048629552125930786,0.06289781630039215,0.035972513258457184,0.048629552125930786
R1128_20,U,20,0.06150735542178154,0.06212473660707474,0.04607543349266052,0.06150735542178154,0.06212473660707474,0.04607543349266052,0.06150735542178154,0.06212473660707474,0.04607543349266052,0.06150735542178154,0.06212473660707474,0.04607543349266052,0.06150735542178154,0.06212473660707474,0.04607543349266052
R1128_21,C,21,0.05178738385438919,0.07057187706232071,0.05273186415433884,0.05178738385438919,0.07057187706232071,0.05273186415433884,0.05178738385438919,0.07057187706232071,0.05273186415433884,0.05178738385438919,0.07057187706232071,0.05273186415433884,0.05178738385438919,0.07057187706232071,0.05273186415433884
R1128_22,G,22,0.06313560903072357,0.06539469957351685,0.048741415143013,0.06313560903072357,0.06539469957351685,0.048741415143013,0.06313560903072357,0.06539469957351685,0.048741415143013,0.06313560903072357,0.06539469957351685,0.048741415143013,0.06313560903072357,0.06539469957351685,0.048741415143013
R1128_23,U,23,0.07112118601799011,0.04976549372076988,0.0460730642080307,0.07112118601799011,0.04976549372076988,0.0460730642080307,0.07112118601799011,0.04976549372076988,0.0460730642080307,0.07112118601799011,0.04976549372076988,0.0460730642080307,0.07112118601799011,0.04976549372076988,0.0460730642080307
R1128_24,C,24,0.08699163049459457,-0.0007046833634376526,0.04258875548839569,0.08699163049459457,-0.0007046833634376526,0.04258875548839569,0.08699163049459457,-0.0007046833634376526,0.04258875548839569,0.08699163049459457,-0.0007046833634376526,0.04258875548839569,0.08699163049459457,-0.0007046833634376526,0.04258875548839569
R1128_25,A,25,0.09772422909736633,2.390146255493164e-05,0.03813821077346802,0.09772422909736633,2.390146255493164e-05,0.03813821077346802,0.09772422909736633,2.390146255493164e-05,0.03813821077346802,0.09772422909736633,2.390146255493164e-05,0.03813821077346802,0.09772422909736633,2.390146255493164e-05,0.03813821077346802
R1128_26,C,26,0.08782121539115906,0.04120982438325882,0.04050785303115845,0.08782121539115906,0.04120982438325882,0.04050785303115845,0.08782121539115906,0.04120982438325882,0.04050785303115845,0.08782121539115906,0.04120982438325882,0.04050785303115845,0.08782121539115906,0.04120982438325882,0.04050785303115845
R1128_27,C,27,0.09140598773956299,0.07159636914730072,0.03942165523767471,0.09140598773956299,0.07159636914730072,0.03942165523767471,0.09140598773956299,0.07159636914730072,0.03942165523767471,0.09140598773956299,0.07159636914730072,0.03942165523767471,0.09140598773956299,0.07159636914730072,0.03942165523767471
R1128_28,A,28,0.12365921586751938,-0.006784547120332718,0.08283297717571259,0.12365921586751938,-0.006784547120332718,0.08283297717571259,0.12365921586751938,-0.006784547120332718,0.08283297717571259,0.12365921586751938,-0.006784547120332718,0.08283297717571259,0.12365921586751938,-0.006784547120332718,0.08283297717571259
R1128_29,U,29,0.09315542131662369,0.03626282885670662,0.036725692451000214,0.09315542131662369,0.03626282885670662,0.036725692451000214,0.09315542131662369,0.03626282885670662,0.036725692451000214,0.09315542131662369,0.03626282885670662,0.036725692451000214,0.09315542131662369,0.03626282885670662,0.036725692451000214
R1128_30,G,30,0.10325533151626587,-0.007401283830404282,0.04512527585029602,0.10325533151626587,-0.007401283830404282,0.04512527585029602,0.10325533151626587,-0.007401283830404282,0.04512527585029602,0.10325533151626587,-0.007401283830404282,0.04512527585029602,0.10325533151626587,-0.007401283830404282,0.04512527585029602
R1128_31,A,31,0.10442271828651428,-0.05086416006088257,0.04817267507314682,0.10442271828651428,-0.05086416006088257,0.04817267507314682,0.10442271828651428,-0.05086416006088257,0.04817267507314682,0.10442271828651428,-0.05086416006088257,0.04817267507314682,0.10442271828651428,-0.05086416006088257,0.04817267507314682
R1128_32,G,32,0.07944713532924652,0.03732342645525932,0.03498517721891403,0.07944713532924652,0.03732342645525932,0.03498517721891403,0.07944713532924652,0.03732342645525932,0.03498517721891403,0.07944713532924652,0.03732342645525932,0.03498517721891403,0.07944713532924652,0.03732342645525932,0.03498517721891403
R1128_33,G,33,0.06824605911970139,0.06935929507017136,0.029169118031859398,0.06824605911970139,0.06935929507017136,0.029169118031859398,0.06824605911970139,0.06935929507017136,0.029169118031859398,0.06824605911970139,0.06935929507017136,0.029169118031859398,0.06824605911970139,0.06935929507017136,0.029169118031859398
R1128_34,C,34,0.05620967596769333,0.055882133543491364,0.04304441809654236,0.05620967596769333,0.055882133543491364,0.04304441809654236,0.05620967596769333,0.055882133543491364,0.04304441809654236,0.05620967596769333,0.055882133543491364,0.04304441809654236,0.05620967596769333,0.055882133543491364,0.04304441809654236
R1128_35,U,35,0.06204373762011528,0.06156294792890549,0.03778911381959915,0.06204373762011528,0.06156294792890549,0.03778911381959915,0.06204373762011528,0.06156294792890549,0.03778911381959915,0.06204373762011528,0.06156294792890549,0.03778911381959915,0.06204373762011528,0.06156294792890549,0.03778911381959915
R1128_36,A,36,0.03643811121582985,-0.02829149179160595,0.08100245893001556,0.03643811121582985,-0.02829149179160595,0.08100245893001556,0.03643811121582985,-0.02829149179160595,0.08100245893001556,0.03643811121582985,-0.02829149179160595,0.08100245893001556,0.03643811121582985,-0.02829149179160595,0.08100245893001556
R1128_37,G,37,0.05137954279780388,0.0396341048181057,0.03432968258857727,0.05137954279780388,0.0396341048181057,0.03432968258857727,0.05137954279780388,0.0396341048181057,0.03432968258857727,0.05137954279780388,0.0396341048181057,0.03432968258857727,0.05137954279780388,0.0396341048181057,0.03432968258857727
R1128_38,A,38,0.007080255541950464,0.023277446627616882,0.039663165807724,0.007080255541950464,0.023277446627616882,0.039663165807724,0.007080255541950464,0.023277446627616882,0.039663165807724,0.007080255541950464,0.023277446627616882,0.039663165807724,0.007080255541950464,0.023277446627616882,0.039663165807724
R1128_39,U,39,0.045176148414611816,0.09978818148374557,0.029508238658308983,0.045176148414611816,0.09978818148374557,0.029508238658308983,0.045176148414611816,0.09978818148374557,0.029508238658308983,0.045176148414611816,0.09978818148374557,0.029508238658308983,0.045176148414611816,0.09978818148374557,0.029508238658308983
R1128_40,C,40,0.024769466370344162,0.11833459883928299,0.02567082829773426,0.024769466370344162,0.11833459883928299,0.02567082829773426,0.024769466370344162,0.11833459883928299,0.02567082829773426,0.024769466370344162,0.11833459883928299,0.02567082829773426,0.024769466370344162,0.11833459883928299,0.02567082829773426
R1128_41,U,41,0.04653332009911537,0.10273204743862152,0.03421396762132645,0.04653332009911537,0.10273204743862152,0.03421396762132645,0.04653332009911537,0.10273204743862152,0.03421396762132645,0.04653332009911537,0.10273204743862152,0.03421396762132645,0.04653332009911537,0.10273204743862152,0.03421396762132645
R1128_42,C,42,0.05541840195655823,0.07095746695995331,0.034507542848587036,0.05541840195655823,0.07095746695995331,0.034507542848587036,0.05541840195655823,0.07095746695995331,0.034507542848587036,0.05541840195655823,0.07095746695995331,0.034507542848587036,0.05541840195655823,0.07095746695995331,0.034507542848587036
R1128_43,A,43,0.06041073799133301,0.06394092738628387,0.02480882965028286,0.06041073799133301,0.06394092738628387,0.02480882965028286,0.06041073799133301,0.06394092738628387,0.02480882965028286,0.06041073799133301,0.06394092738628387,0.02480882965028286,0.06041073799133301,0.06394092738628387,0.02480882965028286
R1128_44,U,44,0.0592927485704422,0.07777006924152374,0.03029344417154789,0.0592927485704422,0.07777006924152374,0.03029344417154789,0.0592927485704422,0.07777006924152374,0.03029344417154789,0.0592927485704422,0.07777006924152374,0.03029344417154789,0.0592927485704422,0.07777006924152374,0.03029344417154789
R1128_45,A,45,0.030419616028666496,0.07091378420591354,0.04998692870140076,0.030419616028666496,0.07091378420591354,0.04998692870140076,0.030419616028666496,0.07091378420591354,0.04998692870140076,0.030419616028666496,0.07091378420591354,0.04998692870140076,0.030419616028666496,0.07091378420591354,0.04998692870140076
R1128_46,U,46,0.0692284107208252,0.1073438972234726,0.026296982541680336,0.0692284107208252,0.1073438972234726,0.026296982541680336,0.0692284107208252,0.1073438972234726,0.026296982541680336,0.0692284107208252,0.1073438972234726,0.026296982541680336,0.0692284107208252,0.1073438972234726,0.026296982541680336
R1128_47,C,47,0.09000065177679062,0.07873094081878662,0.03134092688560486,0.09000065177679062,0.07873094081878662,0.03134092688560486,0.09000065177679062,0.07873094081878662,0.03134092688560486,0.09000065177679062,0.07873094081878662,0.03134092688560486,0.09000065177679062,0.07873094081878662,0.03134092688560486
R1128_48,U,48,0.08315136283636093,0.06599824130535126,0.025705600157380104,0.08315136283636093,0.06599824130535126,0.025705600157380104,0.08315136283636093,0.06599824130535126,0.025705600157380104,0.08315136283636093,0.06599824130535126,0.025705600157380104,0.08315136283636093,0.06599824130535126,0.025705600157380104
R1128_49,A,49,0.10757479071617126,-0.015030069276690483,0.01031612791121006,0.10757479071617126,-0.015030069276690483,0.01031612791121006,0.10757479071617126,-0.015030069276690483,0.01031612791121006,0.10757479071617126,-0.015030069276690483,0.01031612791121006,0.10757479071617126,-0.015030069276690483,0.01031612791121006
R1128_50,G,50,0.08387292921543121,0.03284110128879547,0.020129548385739326,0.08387292921543121,0.03284110128879547,0.020129548385739326,0.08387292921543121,0.03284110128879547,0.020129548385739326,0.08387292921543121,0.03284110128879547,0.020129548385739326,0.08387292921543121,0.03284110128879547,0.020129548385739326
R1128_51,C,51,0.08230596780776978,0.037355728447437286,0.01100187562406063,0.08230596780776978,0.037355728447437286,0.01100187562406063,0.08230596780776978,0.037355728447437286,0.01100187562406063,0.08230596780776978,0.037355728447437286,0.01100187562406063,0.08230596780776978,0.037355728447437286,0.01100187562406063
R1128_52,G,52,0.08286333829164505,0.07888946682214737,0.013825936242938042,0.08286333829164505,0.07888946682214737,0.013825936242938042,0.08286333829164505,0.07888946682214737,0.013825936242938042,0.08286333829164505,0.07888946682214737,0.013825936242938042,0.08286333829164505,0.07888946682214737,0.013825936242938042
R1128_53,C,53,0.11308105289936066,0.04853013530373573,0.010785119608044624,0.11308105289936066,0.04853013530373573,0.010785119608044624,0.11308105289936066,0.04853013530373573,0.010785119608044624,0.11308105289936066,0.04853013530373573,0.010785119608044624,0.11308105289936066,0.04853013530373573,0.010785119608044624
R1128_54,U,54,0.07630819082260132,0.06099376082420349,0.029029110446572304,0.07630819082260132,0.06099376082420349,0.029029110446572304,0.07630819082260132,0.06099376082420349,0.029029110446572304,0.07630819082260132,0.06099376082420349,0.029029110446572304,0.07630819082260132,0.06099376082420349,0.029029110446572304
R1128_55,U,55,0.07381386309862137,0.04432256519794464,0.028263865038752556,0.07381386309862137,0.04432256519794464,0.028263865038752556,0.07381386309862137,0.04432256519794464,0.028263865038752556,0.07381386309862137,0.04432256519794464,0.028263865038752556,0.07381386309862137,0.04432256519794464,0.028263865038752556
R1128_56,U,56,0.06983432918787003,0.042141079902648926,0.030978912487626076,0.06983432918787003,0.042141079902648926,0.030978912487626076,0.06983432918787003,0.042141079902648926,0.030978912487626076,0.06983432918787003,0.042141079902648926,0.030978912487626076,0.06983432918787003,0.042141079902648926,0.030978912487626076
R1128_57,C,57,0.07171344757080078,0.018617253750562668,0.03832269459962845,0.07171344757080078,0.018617253750562668,0.03832269459962845,0.07171344757080078,0.018617253750562668,0.03832269459962845,0.07171344757080078,0.018617253750562668,0.03832269459962845,0.07171344757080078,0.018617253750562668,0.03832269459962845
R1128_58,G,58,0.07065241038799286,0.08005641400814056,0.034874752163887024,0.07065241038799286,0.08005641400814056,0.034874752163887024,0.07065241038799286,0.08005641400814056,0.034874752163887024,0.07065241038799286,0.08005641400814056,0.034874752163887024,0.07065241038799286,0.08005641400814056,0.034874752163887024
R1128_59,A,59,0.1447923332452774,0.025631330907344818,0.044188931584358215,0.1447923332452774,0.025631330907344818,0.044188931584358215,0.1447923332452774,0.025631330907344818,0.044188931584358215,0.1447923332452774,0.025631330907344818,0.044188931584358215,0.1447923332452774,0.025631330907344818,0.044188931584358215
R1128_60,G,60,0.07846096158027649,0.08097556233406067,0.031786419451236725,0.07846096158027649,0.08097556233406067,0.031786419451236725,0.07846096158027649,0.08097556233406067,0.031786419451236725,0.07846096158027649,0.08097556233406067,0.031786419451236725,0.07846096158027649,0.08097556233406067,0.031786419451236725
R1128_61,C,61,0.09946288913488388,0.038985755294561386,0.0317612960934639,0.09946288913488388,0.038985755294561386,0.0317612960934639,0.09946288913488388,0.038985755294561386,0.0317612960934639,0.09946288913488388,0.038985755294561386,0.0317612960934639,0.09946288913488388,0.038985755294561386,0.0317612960934639
R1128_62,G,62,0.07862122356891632,0.05602531135082245,0.030348291620612144,0.07862122356891632,0.05602531135082245,0.030348291620612144,0.07862122356891632,0.05602531135082245,0.030348291620612144,0.07862122356891632,0.05602531135082245,0.030348291620612144,0.07862122356891632,0.05602531135082245,0.030348291620612144
R1128_63,C,63,0.08375036716461182,0.04985242336988449,0.037639789283275604,0.08375036716461182,0.04985242336988449,0.037639789283275604,0.08375036716461182,0.04985242336988449,0.037639789283275604,0.08375036716461182,0.04985242336988449,0.037639789283275604,0.08375036716461182,0.04985242336988449,0.037639789283275604
R1128_64,U,64,0.08444564789533615,0.08661805838346481,0.03040091134607792,0.08444564789533615,0.08661805838346481,0.03040091134607792,0.08444564789533615,0.08661805838346481,0.03040091134607792,0.08444564789533615,0.08661805838346481,0.03040091134607792,0.08444564789533615,0.08661805838346481,0.03040091134607792
R1128_65,A,65,0.14846649765968323,0.09919081628322601,0.013293663039803505,0.14846649765968323,0.09919081628322601,0.013293663039803505,0.14846649765968323,0.09919081628322601,0.013293663039803505,0.14846649765968323,0.09919081628322601,0.013293663039803505,0.14846649765968323,0.09919081628322601,0.013293663039803505
R1128_66,G,66,0.12128062546253204,0.0778677761554718,0.02598349191248417,0.12128062546253204,0.0778677761554718,0.02598349191248417,0.12128062546253204,0.0778677761554718,0.02598349191248417,0.12128062546253204,0.0778677761554718,0.02598349191248417,0.12128062546253204,0.0778677761554718,0.02598349191248417
R1128_67,A,67,0.19858412444591522,0.006656605750322342,0.03894968330860138,0.19858412444591522,0.006656605750322342,0.03894968330860138,0.19858412444591522,0.006656605750322342,0.03894968330860138,0.19858412444591522,0.006656605750322342,0.03894968330860138,0.19858412444591522,0.006656605750322342,0.03894968330860138
R1128_68,G,68,0.1276012361049652,0.015331842005252838,0.03089134953916073,0.1276012361049652,0.015331842005252838,0.03089134953916073,0.1276012361049652,0.015331842005252838,0.03089134953916073,0.1276012361049652,0.015331842005252838,0.03089134953916073,0.1276012361049652,0.015331842005252838,0.03089134953916073
R1128_69,U,69,0.10845376551151276,0.034914061427116394,0.03549748659133911,0.10845376551151276,0.034914061427116394,0.03549748659133911,0.10845376551151276,0.034914061427116394,0.03549748659133911,0.10845376551151276,0.034914061427116394,0.03549748659133911,0.10845376551151276,0.034914061427116394,0.03549748659133911
R1128_70,C,70,0.15283675491809845,0.025811564177274704,0.02546539716422558,0.15283675491809845,0.025811564177274704,0.02546539716422558,0.15283675491809845,0.025811564177274704,0.02546539716422558,0.15283675491809845,0.025811564177274704,0.02546539716422558,0.15283675491809845,0.025811564177274704,0.02546539716422558
R1128_71,C,71,0.174407497048378,0.04954961687326431,0.011728046461939812,0.174407497048378,0.04954961687326431,0.011728046461939812,0.174407497048378,0.04954961687326431,0.011728046461939812,0.174407497048378,0.04954961687326431,0.011728046461939812,0.174407497048378,0.04954961687326431,0.011728046461939812
R1128_72,U,72,0.12306199222803116,0.06109807640314102,0.028519490733742714,0.12306199222803116,0.06109807640314102,0.028519490733742714,0.12306199222803116,0.06109807640314102,0.028519490733742714,0.12306199222803116,0.06109807640314102,0.028519490733742714,0.12306199222803116,0.06109807640314102,0.028519490733742714
R1128_73,U,73,0.11992432177066803,0.0400286540389061,0.03114747814834118,0.11992432177066803,0.0400286540389061,0.03114747814834118,0.11992432177066803,0.0400286540389061,0.03114747814834118,0.11992432177066803,0.0400286540389061,0.03114747814834118,0.11992432177066803,0.0400286540389061,0.03114747814834118
R1128_74,A,74,0.18883025646209717,-0.03657691180706024,0.08146275579929352,0.18883025646209717,-0.03657691180706024,0.08146275579929352,0.18883025646209717,-0.03657691180706024,0.08146275579929352,0.18883025646209717,-0.03657691180706024,0.08146275579929352,0.18883025646209717,-0.03657691180706024,0.08146275579929352
R1128_75,U,75,0.11064396053552628,0.03308684006333351,0.030995948240160942,0.11064396053552628,0.03308684006333351,0.030995948240160942,0.11064396053552628,0.03308684006333351,0.030995948240160942,0.11064396053552628,0.03308684006333351,0.030995948240160942,0.11064396053552628,0.03308684006333351,0.030995948240160942
R1128_76,C,76,0.13079939782619476,0.04404018074274063,0.017391784116625786,0.13079939782619476,0.04404018074274063,0.017391784116625786,0.13079939782619476,0.04404018074274063,0.017391784116625786,0.13079939782619476,0.04404018074274063,0.017391784116625786,0.13079939782619476,0.04404018074274063,0.017391784116625786
R1128_77,U,77,0.10676132142543793,0.08248652517795563,0.027078332379460335,0.10676132142543793,0.08248652517795563,0.027078332379460335,0.10676132142543793,0.08248652517795563,0.027078332379460335,0.10676132142543793,0.08248652517795563,0.027078332379460335,0.10676132142543793,0.08248652517795563,0.027078332379460335
R1128_78,A,78,0.202384814620018,0.07644743472337723,0.017199980095028877,0.202384814620018,0.07644743472337723,0.017199980095028877,0.202384814620018,0.07644743472337723,0.017199980095028877,0.202384814620018,0.07644743472337723,0.017199980095028877,0.202384814620018,0.07644743472337723,0.017199980095028877
R1128_79,G,79,0.11493856459856033,0.06940020620822906,0.02417786605656147,0.11493856459856033,0.06940020620822906,0.02417786605656147,0.11493856459856033,0.06940020620822906,0.02417786605656147,0.11493856459856033,0.06940020620822906,0.02417786605656147,0.11493856459856033,0.06940020620822906,0.02417786605656147
R1128_80,C,80,0.12974238395690918,0.030431613326072693,0.0285330880433321,0.12974238395690918,0.030431613326072693,0.0285330880433321,0.12974238395690918,0.030431613326072693,0.0285330880433321,0.12974238395690918,0.030431613326072693,0.0285330880433321,0.12974238395690918,0.030431613326072693,0.0285330880433321
R1128_81,C,81,0.12048155069351196,0.03233654797077179,0.028398027643561363,0.12048155069351196,0.03233654797077179,0.028398027643561363,0.12048155069351196,0.03233654797077179,0.028398027643561363,0.12048155069351196,0.03233654797077179,0.028398027643561363,0.12048155069351196,0.03233654797077179,0.028398027643561363
R1128_82,G,82,0.10494952648878098,0.06911347806453705,0.024893837049603462,0.10494952648878098,0.06911347806453705,0.024893837049603462,0.10494952648878098,0.06911347806453705,0.024893837049603462,0.10494952648878098,0.06911347806453705,0.024893837049603462,0.10494952648878098,0.06911347806453705,0.024893837049603462
R1128_83,G,83,0.11248207092285156,0.09597054868936539,0.014780158177018166,0.11248207092285156,0.09597054868936539,0.014780158177018166,0.11248207092285156,0.09597054868936539,0.014780158177018166,0.11248207092285156,0.09597054868936539,0.014780158177018166,0.11248207092285156,0.09597054868936539,0.014780158177018166
R1128_84,U,84,0.1110994890332222,0.10159291326999664,0.01691628433763981,0.1110994890332222,0.10159291326999664,0.01691628433763981,0.1110994890332222,0.10159291326999664,0.01691628433763981,0.1110994890332222,0.10159291326999664,0.01691628433763981,0.1110994890332222,0.10159291326999664,0.01691628433763981
R1128_85,U,85,0.11868975311517715,0.08541619032621384,0.015106404200196266,0.11868975311517715,0.08541619032621384,0.015106404200196266,0.11868975311517715,0.08541619032621384,0.015106404200196266,0.11868975311517715,0.08541619032621384,0.015106404200196266,0.11868975311517715,0.08541619032621384,0.015106404200196266
R1128_86,U,86,0.1254831701517105,0.0554032102227211,0.017065541818737984,0.1254831701517105,0.0554032102227211,0.017065541818737984,0.1254831701517105,0.0554032102227211,0.017065541818737984,0.1254831701517105,0.0554032102227211,0.017065541818737984,0.1254831701517105,0.0554032102227211,0.017065541818737984
R1128_87,A,87,0.19808411598205566,-0.026905948296189308,0.022671693935990334,0.19808411598205566,-0.026905948296189308,0.022671693935990334,0.19808411598205566,-0.026905948296189308,0.022671693935990334,0.19808411598205566,-0.026905948296189308,0.022671693935990334,0.19808411598205566,-0.026905948296189308,0.022671693935990334
R1128_88,U,88,0.11980854719877243,0.05182288587093353,0.015065954998135567,0.11980854719877243,0.05182288587093353,0.015065954998135567,0.11980854719877243,0.05182288587093353,0.015065954998135567,0.11980854719877243,0.05182288587093353,0.015065954998135567,0.11980854719877243,0.05182288587093353,0.015065954998135567
R1128_89,A,89,0.216264545917511,0.04569084197282791,-0.03539136052131653,0.216264545917511,0.04569084197282791,-0.03539136052131653,0.216264545917511,0.04569084197282791,-0.03539136052131653,0.216264545917511,0.04569084197282791,-0.03539136052131653,0.216264545917511,0.04569084197282791,-0.03539136052131653
R1128_90,C,90,0.16696412861347198,0.08729306608438492,-0.021290618926286697,0.16696412861347198,0.08729306608438492,-0.021290618926286697,0.16696412861347198,0.08729306608438492,-0.021290618926286697,0.16696412861347198,0.08729306608438492,-0.021290618926286697,0.16696412861347198,0.08729306608438492,-0.021290618926286697
R1128_91,U,91,0.12481372803449631,0.07465745508670807,0.006281621754169464,0.12481372803449631,0.07465745508670807,0.006281621754169464,0.12481372803449631,0.07465745508670807,0.006281621754169464,0.12481372803449631,0.07465745508670807,0.006281621754169464,0.12481372803449631,0.07465745508670807,0.006281621754169464
R1128_92,U,92,0.1253294199705124,0.04951181262731552,0.009335475042462349,0.1253294199705124,0.04951181262731552,0.009335475042462349,0.1253294199705124,0.04951181262731552,0.009335475042462349,0.1253294199705124,0.04951181262731552,0.009335475042462349,0.1253294199705124,0.04951181262731552,0.009335475042462349
R1128_93,U,93,0.11602792143821716,0.0387081652879715,0.012099457904696465,0.11602792143821716,0.0387081652879715,0.012099457904696465,0.11602792143821716,0.0387081652879715,0.012099457904696465,0.11602792143821716,0.0387081652879715,0.012099457904696465,0.11602792143821716,0.0387081652879715,0.012099457904696465
R1128_94,C,94,0.11932629346847534,0.026529908180236816,-0.004356233403086662,0.11932629346847534,0.026529908180236816,-0.004356233403086662,0.11932629346847534,0.026529908180236816,-0.004356233403086662,0.11932629346847534,0.026529908180236816,-0.004356233403086662,0.11932629346847534,0.026529908180236816,-0.004356233403086662
R1128_95,G,95,0.1031157448887825,0.08469220250844955,-0.007420090958476067,0.1031157448887825,0.08469220250844955,-0.007420090958476067,0.1031157448887825,0.08469220250844955,-0.007420090958476067,0.1031157448887825,0.08469220250844955,-0.007420090958476067,0.1031157448887825,0.08469220250844955,-0.007420090958476067
R1128_96,A,96,0.13471457362174988,0.11498317867517471,-0.05283048748970032,0.13471457362174988,0.11498317867517471,-0.05283048748970032,0.13471457362174988,0.11498317867517471,-0.05283048748970032,0.13471457362174988,0.11498317867517471,-0.05283048748970032,0.13471457362174988,0.11498317867517471,-0.05283048748970032
R1128_97,G,97,0.09627002477645874,0.11591874808073044,-0.0068392083048820496,0.09627002477645874,0.11591874808073044,-0.0068392083048820496,0.09627002477645874,0.11591874808073044,-0.0068392083048820496,0.09627002477645874,0.11591874808073044,-0.0068392083048820496,0.09627002477645874,0.11591874808073044,-0.0068392083048820496
R1128_98,U,98,0.08736798167228699,0.09787188470363617,0.00627870112657547,0.08736798167228699,0.09787188470363617,0.00627870112657547,0.08736798167228699,0.09787188470363617,0.00627870112657547,0.08736798167228699,0.09787188470363617,0.00627870112657547,0.08736798167228699,0.09787188470363617,0.00627870112657547
R1128_99,G,99,0.09089957922697067,0.07973474264144897,0.0012646224349737167,0.09089957922697067,0.07973474264144897,0.0012646224349737167,0.09089957922697067,0.07973474264144897,0.0012646224349737167,0.09089957922697067,0.07973474264144897,0.0012646224349737167,0.09089957922697067,0.07973474264144897,0.0012646224349737167
R1128_100,U,100,0.07724405080080032,0.08598000556230545,0.012094194069504738,0.07724405080080032,0.08598000556230545,0.012094194069504738,0.07724405080080032,0.08598000556230545,0.012094194069504738,0.07724405080080032,0.08598000556230545,0.012094194069504738,0.07724405080080032,0.08598000556230545,0.012094194069504738
R1128_101,G,101,0.07215480506420135,0.10978996008634567,0.003955410793423653,0.07215480506420135,0.10978996008634567,0.003955410793423653,0.07215480506420135,0.10978996008634567,0.003955410793423653,0.07215480506420135,0.10978996008634567,0.003955410793423653,0.07215480506420135,0.10978996008634567,0.003955410793423653
R1128_102,A,102,0.08057278394699097,0.13077403604984283,0.006353989243507385,0.08057278394699097,0.13077403604984283,0.006353989243507385,0.08057278394699097,0.13077403604984283,0.006353989243507385,0.08057278394699097,0.13077403604984283,0.006353989243507385,0.08057278394699097,0.13077403604984283,0.006353989243507385
R1128_103,A,103,0.11181720346212387,0.136575385928154,0.004267193377017975,0.11181720346212387,0.136575385928154,0.004267193377017975,0.11181720346212387,0.136575385928154,0.004267193377017975,0.11181720346212387,0.136575385928154,0.004267193377017975,0.11181720346212387,0.136575385928154,0.004267193377017975
R1128_104,C,104,0.11289224028587341,0.10442203283309937,0.005240151658654213,0.11289224028587341,0.10442203283309937,0.005240151658654213,0.11289224028587341,0.10442203283309937,0.005240151658654213,0.11289224028587341,0.10442203283309937,0.005240151658654213,0.11289224028587341,0.10442203283309937,0.005240151658654213
R1128_105,C,105,0.122430719435215,0.06438112258911133,-0.001764228567481041,0.122430719435215,0.06438112258911133,-0.001764228567481041,0.122430719435215,0.06438112258911133,-0.001764228567481041,0.122430719435215,0.06438112258911133,-0.001764228567481041,0.122430719435215,0.06438112258911133,-0.001764228567481041
R1128_106,C,106,0.1135653406381607,0.052832819521427155,-0.005752239376306534,0.1135653406381607,0.052832819521427155,-0.005752239376306534,0.1135653406381607,0.052832819521427155,-0.005752239376306534,0.1135653406381607,0.052832819521427155,-0.005752239376306534,0.1135653406381607,0.052832819521427155,-0.005752239376306534
R1128_107,G,107,0.09750678390264511,0.08551354706287384,-0.007837388664484024,0.09750678390264511,0.08551354706287384,-0.007837388664484024,0.09750678390264511,0.08551354706287384,-0.007837388664484024,0.09750678390264511,0.08551354706287384,-0.007837388664484024,0.09750678390264511,0.08551354706287384,-0.007837388664484024
R1128_108,A,108,0.12765322625637054,0.06931257992982864,-0.018047211691737175,0.12765322625637054,0.06931257992982864,-0.018047211691737175,0.12765322625637054,0.06931257992982864,-0.018047211691737175,0.12765322625637054,0.06931257992982864,-0.018047211691737175,0.12765322625637054,0.06931257992982864,-0.018047211691737175
R1128_109,U,109,0.09734388440847397,0.11068848520517349,-0.009085549972951412,0.09734388440847397,0.11068848520517349,-0.009085549972951412,0.09734388440847397,0.11068848520517349,-0.009085549972951412,0.09734388440847397,0.11068848520517349,-0.009085549972951412,0.09734388440847397,0.11068848520517349,-0.009085549972951412
R1128_110,A,110,0.1691727489233017,0.0012803450226783752,-0.006384233012795448,0.1691727489233017,0.0012803450226783752,-0.006384233012795448,0.1691727489233017,0.0012803450226783752,-0.006384233012795448,0.1691727489233017,0.0012803450226783752,-0.006384233012795448,0.1691727489233017,0.0012803450226783752,-0.006384233012795448
R1128_111,U,111,0.10293211787939072,0.060861773788928986,-0.004752893000841141,0.10293211787939072,0.060861773788928986,-0.004752893000841141,0.10293211787939072,0.060861773788928986,-0.004752893000841141,0.10293211787939072,0.060861773788928986,-0.004752893000841141,0.10293211787939072,0.060861773788928986,-0.004752893000841141
R1128_112,U,112,0.09500204026699066,0.05304063856601715,-0.002043822780251503,0.09500204026699066,0.05304063856601715,-0.002043822780251503,0.09500204026699066,0.05304063856601715,-0.002043822780251503,0.09500204026699066,0.05304063856601715,-0.002043822780251503,0.09500204026699066,0.05304063856601715,-0.002043822780251503
R1128_113,C,113,0.10385791957378387,0.022503463551402092,-0.00786125473678112,0.10385791957378387,0.022503463551402092,-0.00786125473678112,0.10385791957378387,0.022503463551402092,-0.00786125473678112,0.10385791957378387,0.022503463551402092,-0.00786125473678112,0.10385791957378387,0.022503463551402092,-0.00786125473678112
R1128_114,C,114,0.1088462695479393,0.0587436705827713,-0.01783107966184616,0.1088462695479393,0.0587436705827713,-0.01783107966184616,0.1088462695479393,0.0587436705827713,-0.01783107966184616,0.1088462695479393,0.0587436705827713,-0.01783107966184616,0.1088462695479393,0.0587436705827713,-0.01783107966184616
R1128_115,G,115,0.09260459989309311,0.09187733381986618,-0.004585741087794304,0.09260459989309311,0.09187733381986618,-0.004585741087794304,0.09260459989309311,0.09187733381986618,-0.004585741087794304,0.09260459989309311,0.09187733381986618,-0.004585741087794304,0.09260459989309311,0.09187733381986618,-0.004585741087794304
R1128_116,C,116,0.12208263576030731,0.07233794778585434,-0.010841693729162216,0.12208263576030731,0.07233794778585434,-0.010841693729162216,0.12208263576030731,0.07233794778585434,-0.010841693729162216,0.12208263576030731,0.07233794778585434,-0.010841693729162216,0.12208263576030731,0.07233794778585434,-0.010841693729162216
R1128_117,G,117,0.09112711250782013,0.07018759846687317,0.00551384873688221,0.09112711250782013,0.07018759846687317,0.00551384873688221,0.09112711250782013,0.07018759846687317,0.00551384873688221,0.09112711250782013,0.07018759846687317,0.00551384873688221,0.09112711250782013,0.07018759846687317,0.00551384873688221
R1128_118,G,118,0.08183716237545013,0.05625643581151962,0.0087739247828722,0.08183716237545013,0.05625643581151962,0.0087739247828722,0.08183716237545013,0.05625643581151962,0.0087739247828722,0.08183716237545013,0.05625643581151962,0.0087739247828722,0.08183716237545013,0.05625643581151962,0.0087739247828722
R1128_119,A,119,0.07366304099559784,0.016621869057416916,0.04665205627679825,0.07366304099559784,0.016621869057416916,0.04665205627679825,0.07366304099559784,0.016621869057416916,0.04665205627679825,0.07366304099559784,0.016621869057416916,0.04665205627679825,0.07366304099559784,0.016621869057416916,0.04665205627679825
R1128_120,U,120,0.07060816138982773,0.085568867623806,0.01856188289821148,0.07060816138982773,0.085568867623806,0.01856188289821148,0.07060816138982773,0.085568867623806,0.01856188289821148,0.07060816138982773,0.085568867623806,0.01856188289821148,0.07060816138982773,0.085568867623806,0.01856188289821148
R1128_121,C,121,0.08965538442134857,0.09972412139177322,0.013701224699616432,0.08965538442134857,0.09972412139177322,0.013701224699616432,0.08965538442134857,0.09972412139177322,0.013701224699616432,0.08965538442134857,0.09972412139177322,0.013701224699616432,0.08965538442134857,0.09972412139177322,0.013701224699616432
R1128_122,A,122,0.12283316254615784,0.06345343589782715,0.018416112288832664,0.12283316254615784,0.06345343589782715,0.018416112288832664,0.12283316254615784,0.06345343589782715,0.018416112288832664,0.12283316254615784,0.06345343589782715,0.018416112288832664,0.12283316254615784,0.06345343589782715,0.018416112288832664
R1128_123,C,123,0.11670325696468353,0.0700734481215477,0.010376913473010063,0.11670325696468353,0.0700734481215477,0.010376913473010063,0.11670325696468353,0.0700734481215477,0.010376913473010063,0.11670325696468353,0.0700734481215477,0.010376913473010063,0.11670325696468353,0.0700734481215477,0.010376913473010063
R1128_124,U,124,0.09112375229597092,0.0652184784412384,0.007547348737716675,0.09112375229597092,0.0652184784412384,0.007547348737716675,0.09112375229597092,0.0652184784412384,0.007547348737716675,0.09112375229597092,0.0652184784412384,0.007547348737716675,0.09112375229597092,0.0652184784412384,0.007547348737716675
R1128_125,A,125,0.10767680406570435,0.022257989272475243,0.022297212854027748,0.10767680406570435,0.022257989272475243,0.022297212854027748,0.10767680406570435,0.022257989272475243,0.022297212854027748,0.10767680406570435,0.022257989272475243,0.022297212854027748,0.10767680406570435,0.022257989272475243,0.022297212854027748
R1128_126,U,126,0.09104614704847336,0.0680224746465683,0.010553861036896706,0.09104614704847336,0.0680224746465683,0.010553861036896706,0.09104614704847336,0.0680224746465683,0.010553861036896706,0.09104614704847336,0.0680224746465683,0.010553861036896706,0.09104614704847336,0.0680224746465683,0.010553861036896706
R1128_127,G,127,0.110008604824543,0.08165030181407928,-0.0012927539646625519,0.110008604824543,0.08165030181407928,-0.0012927539646625519,0.110008604824543,0.08165030181407928,-0.0012927539646625519,0.110008604824543,0.08165030181407928,-0.0012927539646625519,0.110008604824543,0.08165030181407928,-0.0012927539646625519
R1128_128,A,128,0.17538975179195404,0.020640309900045395,0.0021506473422050476,0.17538975179195404,0.020640309900045395,0.0021506473422050476,0.17538975179195404,0.020640309900045395,0.0021506473422050476,0.17538975179195404,0.020640309900045395,0.0021506473422050476,0.17538975179195404,0.020640309900045395,0.0021506473422050476
R1128_129,G,129,0.12373027205467224,0.04517051950097084,0.006444752216339111,0.12373027205467224,0.04517051950097084,0.006444752216339111,0.12373027205467224,0.04517051950097084,0.006444752216339111,0.12373027205467224,0.04517051950097084,0.006444752216339111,0.12373027205467224,0.04517051950097084,0.006444752216339111
R1128_130,U,130,0.11113052070140839,0.0333428792655468,0.0146652702242136,0.11113052070140839,0.0333428792655468,0.0146652702242136,0.11113052070140839,0.0333428792655468,0.0146652702242136,0.11113052070140839,0.0333428792655468,0.0146652702242136,0.11113052070140839,0.0333428792655468,0.0146652702242136
R1128_131,C,131,0.13777659833431244,-0.027651214972138405,0.02485196478664875,0.13777659833431244,-0.027651214972138405,0.02485196478664875,0.13777659833431244,-0.027651214972138405,0.02485196478664875,0.13777659833431244,-0.027651214972138405,0.02485196478664875,0.13777659833431244,-0.027651214972138405,0.02485196478664875
R1128_132,G,132,0.11180392652750015,0.0346585251390934,0.010982366278767586,0.11180392652750015,0.0346585251390934,0.010982366278767586,0.11180392652750015,0.0346585251390934,0.010982366278767586,0.11180392652750015,0.0346585251390934,0.010982366278767586,0.11180392652750015,0.0346585251390934,0.010982366278767586
R1128_133,U,133,0.1072828397154808,0.06474293768405914,0.01201070286333561,0.1072828397154808,0.06474293768405914,0.01201070286333561,0.1072828397154808,0.06474293768405914,0.01201070286333561,0.1072828397154808,0.06474293768405914,0.01201070286333561,0.1072828397154808,0.06474293768405914,0.01201070286333561
R1128_134,U,134,0.10675004124641418,0.07798008620738983,0.01225757785141468,0.10675004124641418,0.07798008620738983,0.01225757785141468,0.10675004124641418,0.07798008620738983,0.01225757785141468,0.10675004124641418,0.07798008620738983,0.01225757785141468,0.10675004124641418,0.07798008620738983,0.01225757785141468
R1128_135,C,135,0.13850565254688263,0.0637199655175209,0.00045964308083057404,0.13850565254688263,0.0637199655175209,0.00045964308083057404,0.13850565254688263,0.0637199655175209,0.00045964308083057404,0.13850565254688263,0.0637199655175209,0.00045964308083057404,0.13850565254688263,0.0637199655175209,0.00045964308083057404
R1128_136,G,136,0.10648059844970703,0.04767262935638428,0.018352670595049858,0.10648059844970703,0.04767262935638428,0.018352670595049858,0.10648059844970703,0.04767262935638428,0.018352670595049858,0.10648059844970703,0.04767262935638428,0.018352670595049858,0.10648059844970703,0.04767262935638428,0.018352670595049858
R1128_137,C,137,0.1035950779914856,0.01197480596601963,0.031970880925655365,0.1035950779914856,0.01197480596601963,0.031970880925655365,0.1035950779914856,0.01197480596601963,0.031970880925655365,0.1035950779914856,0.01197480596601963,0.031970880925655365,0.1035950779914856,0.01197480596601963,0.031970880925655365
R1128_138,G,138,0.08773186057806015,0.0421888642013073,0.0257111843675375,0.08773186057806015,0.0421888642013073,0.0257111843675375,0.08773186057806015,0.0421888642013073,0.0257111843675375,0.08773186057806015,0.0421888642013073,0.0257111843675375,0.08773186057806015,0.0421888642013073,0.0257111843675375
R1128_139,G,139,0.0893426313996315,0.06746985763311386,0.020585568621754646,0.0893426313996315,0.06746985763311386,0.020585568621754646,0.0893426313996315,0.06746985763311386,0.020585568621754646,0.0893426313996315,0.06746985763311386,0.020585568621754646,0.0893426313996315,0.06746985763311386,0.020585568621754646
R1128_140,C,140,0.09744641184806824,0.09672984480857849,0.006805315613746643,0.09744641184806824,0.09672984480857849,0.006805315613746643,0.09744641184806824,0.09672984480857849,0.006805315613746643,0.09744641184806824,0.09672984480857849,0.006805315613746643,0.09744641184806824,0.09672984480857849,0.006805315613746643
R1128_141,U,141,0.08811962604522705,0.09101740270853043,0.018635684624314308,0.08811962604522705,0.09101740270853043,0.018635684624314308,0.08811962604522705,0.09101740270853043,0.018635684624314308,0.08811962604522705,0.09101740270853043,0.018635684624314308,0.08811962604522705,0.09101740270853043,0.018635684624314308
R1128_142,C,142,0.10744944959878922,0.057568036019802094,0.01275920681655407,0.10744944959878922,0.057568036019802094,0.01275920681655407,0.10744944959878922,0.057568036019802094,0.01275920681655407,0.10744944959878922,0.057568036019802094,0.01275920681655407,0.10744944959878922,0.057568036019802094,0.01275920681655407
R1128_143,A,143,0.11550765484571457,-0.0040398407727479935,0.032381728291511536,0.11550765484571457,-0.0040398407727479935,0.032381728291511536,0.11550765484571457,-0.0040398407727479935,0.032381728291511536,0.11550765484571457,-0.0040398407727479935,0.032381728291511536,0.11550765484571457,-0.0040398407727479935,0.032381728291511536
R1128_144,U,144,0.09364712238311768,0.04726508632302284,0.011223046109080315,0.09364712238311768,0.04726508632302284,0.011223046109080315,0.09364712238311768,0.04726508632302284,0.011223046109080315,0.09364712238311768,0.04726508632302284,0.011223046109080315,0.09364712238311768,0.04726508632302284,0.011223046109080315
R1128_145,A,145,0.11524757742881775,0.02688603289425373,0.0008773151785135269,0.11524757742881775,0.02688603289425373,0.0008773151785135269,0.11524757742881775,0.02688603289425373,0.0008773151785135269,0.11524757742881775,0.02688603289425373,0.0008773151785135269,0.11524757742881775,0.02688603289425373,0.0008773151785135269
R1128_146,G,146,0.10844476521015167,0.07780975848436356,-0.0012501683086156845,0.10844476521015167,0.07780975848436356,-0.0012501683086156845,0.10844476521015167,0.07780975848436356,-0.0012501683086156845,0.10844476521015167,0.07780975848436356,-0.0012501683086156845,0.10844476521015167,0.07780975848436356,-0.0012501683086156845
R1128_147,U,147,0.10314233601093292,0.0771496593952179,0.005089800804853439,0.10314233601093292,0.0771496593952179,0.005089800804853439,0.10314233601093292,0.0771496593952179,0.005089800804853439,0.10314233601093292,0.0771496593952179,0.005089800804853439,0.10314233601093292,0.0771496593952179,0.005089800804853439
R1128_148,C,148,0.1343950629234314,0.008794489316642284,0.00596463680267334,0.1343950629234314,0.008794489316642284,0.00596463680267334,0.1343950629234314,0.008794489316642284,0.00596463680267334,0.1343950629234314,0.008794489316642284,0.00596463680267334,0.1343950629234314,0.008794489316642284,0.00596463680267334
R1128_149,C,149,0.12724930047988892,-0.03080531395971775,0.0213205236941576,0.12724930047988892,-0.03080531395971775,0.0213205236941576,0.12724930047988892,-0.03080531395971775,0.0213205236941576,0.12724930047988892,-0.03080531395971775,0.0213205236941576,0.12724930047988892,-0.03080531395971775,0.0213205236941576
R1128_150,G,150,0.11108376830816269,-0.0014027971774339676,0.008149860426783562,0.11108376830816269,-0.0014027971774339676,0.008149860426783562,0.11108376830816269,-0.0014027971774339676,0.008149860426783562,0.11108376830816269,-0.0014027971774339676,0.008149860426783562,0.11108376830816269,-0.0014027971774339676,0.008149860426783562
R1128_151,G,151,0.10183662921190262,0.03503762185573578,0.0001980867236852646,0.10183662921190262,0.03503762185573578,0.0001980867236852646,0.10183662921190262,0.03503762185573578,0.0001980867236852646,0.10183662921190262,0.03503762185573578,0.0001980867236852646,0.10183662921190262,0.03503762185573578,0.0001980867236852646
R1128_152,C,152,0.1015622615814209,0.0721629187464714,-0.020938631147146225,0.1015622615814209,0.0721629187464714,-0.020938631147146225,0.1015622615814209,0.0721629187464714,-0.020938631147146225,0.1015622615814209,0.0721629187464714,-0.020938631147146225,0.1015622615814209,0.0721629187464714,-0.020938631147146225
R1128_153,U,153,0.08613760769367218,0.08278654515743256,0.00858919508755207,0.08613760769367218,0.08278654515743256,0.00858919508755207,0.08613760769367218,0.08278654515743256,0.00858919508755207,0.08613760769367218,0.08278654515743256,0.00858919508755207,0.08613760769367218,0.08278654515743256,0.00858919508755207
R1128_154,C,154,0.07929918169975281,0.06187836825847626,0.0023131072521209717,0.07929918169975281,0.06187836825847626,0.0023131072521209717,0.07929918169975281,0.06187836825847626,0.0023131072521209717,0.07929918169975281,0.06187836825847626,0.0023131072521209717,0.07929918169975281,0.06187836825847626,0.0023131072521209717
R1128_155,A,155,0.04462476074695587,0.009994200430810452,0.0686853677034378,0.04462476074695587,0.009994200430810452,0.0686853677034378,0.04462476074695587,0.009994200430810452,0.0686853677034378,0.04462476074695587,0.009994200430810452,0.0686853677034378,0.04462476074695587,0.009994200430810452,0.0686853677034378
R1128_156,A,156,0.02271990478038788,0.017500082030892372,0.0546070858836174,0.02271990478038788,0.017500082030892372,0.0546070858836174,0.02271990478038788,0.017500082030892372,0.0546070858836174,0.02271990478038788,0.017500082030892372,0.0546070858836174,0.02271990478038788,0.017500082030892372,0.0546070858836174
R1128_157,A,157,0.010523910634219646,0.0485089048743248,0.02640082873404026,0.010523910634219646,0.0485089048743248,0.02640082873404026,0.010523910634219646,0.0485089048743248,0.02640082873404026,0.010523910634219646,0.0485089048743248,0.02640082873404026,0.010523910634219646,0.0485089048743248,0.02640082873404026
R1128_158,G,158,0.05675709620118141,0.0978875383734703,0.0036670491099357605,0.05675709620118141,0.0978875383734703,0.0036670491099357605,0.05675709620118141,0.0978875383734703,0.0036670491099357605,0.05675709620118141,0.0978875383734703,0.0036670491099357605,0.05675709620118141,0.0978875383734703,0.0036670491099357605
R1128_159,G,159,0.05032667890191078,0.12433605641126633,0.005535701289772987,0.05032667890191078,0.12433605641126633,0.005535701289772987,0.05032667890191078,0.12433605641126633,0.005535701289772987,0.05032667890191078,0.12433605641126633,0.005535701289772987,0.05032667890191078,0.12433605641126633,0.005535701289772987
R1128_160,A,160,0.025152897462248802,0.13467583060264587,0.0019670482724905014,0.025152897462248802,0.13467583060264587,0.0019670482724905014,0.025152897462248802,0.13467583060264587,0.0019670482724905014,0.025152897462248802,0.13467583060264587,0.0019670482724905014,0.025152897462248802,0.13467583060264587,0.0019670482724905014
R1128_161,C,161,0.05102153122425079,0.09426145255565643,0.010391416028141975,0.05102153122425079,0.09426145255565643,0.010391416028141975,0.05102153122425079,0.09426145255565643,0.010391416028141975,0.05102153122425079,0.09426145255565643,0.010391416028141975,0.05102153122425079,0.09426145255565643,0.010391416028141975
R1128_162,A,162,0.034226685762405396,0.07517001777887344,0.007062431424856186,0.034226685762405396,0.07517001777887344,0.007062431424856186,0.034226685762405396,0.07517001777887344,0.007062431424856186,0.034226685762405396,0.07517001777887344,0.007062431424856186,0.034226685762405396,0.07517001777887344,0.007062431424856186
R1128_163,U,163,0.05868924409151077,0.07656916975975037,0.008424067869782448,0.05868924409151077,0.07656916975975037,0.008424067869782448,0.05868924409151077,0.07656916975975037,0.008424067869782448,0.05868924409151077,0.07656916975975037,0.008424067869782448,0.05868924409151077,0.07656916975975037,0.008424067869782448
R1128_164,C,164,0.04909248650074005,0.09486008435487747,-0.010506954975426197,0.04909248650074005,0.09486008435487747,-0.010506954975426197,0.04909248650074005,0.09486008435487747,-0.010506954975426197,0.04909248650074005,0.09486008435487747,-0.010506954975426197,0.04909248650074005,0.09486008435487747,-0.010506954975426197
R1128_165,A,165,0.044511739164590836,0.08160429447889328,-0.00821380503475666,0.044511739164590836,0.08160429447889328,-0.00821380503475666,0.044511739164590836,0.08160429447889328,-0.00821380503475666,0.044511739164590836,0.08160429447889328,-0.00821380503475666,0.044511739164590836,0.08160429447889328,-0.00821380503475666
R1128_166,U,166,0.06149612367153168,0.10656245797872543,0.006653403863310814,0.06149612367153168,0.10656245797872543,0.006653403863310814,0.06149612367153168,0.10656245797872543,0.006653403863310814,0.06149612367153168,0.10656245797872543,0.006653403863310814,0.06149612367153168,0.10656245797872543,0.006653403863310814
R1128_167,G,167,0.06713104248046875,0.06538670510053635,0.00021958723664283752,0.06713104248046875,0.06538670510053635,0.00021958723664283752,0.06713104248046875,0.06538670510053635,0.00021958723664283752,0.06713104248046875,0.06538670510053635,0.00021958723664283752,0.06713104248046875,0.06538670510053635,0.00021958723664283752
R1128_168,G,168,0.07166730612516403,0.03578707203269005,0.0009867828339338303,0.07166730612516403,0.03578707203269005,0.0009867828339338303,0.07166730612516403,0.03578707203269005,0.0009867828339338303,0.07166730612516403,0.03578707203269005,0.0009867828339338303,0.07166730612516403,0.03578707203269005,0.0009867828339338303
R1128_169,C,169,0.053690824657678604,0.013914085924625397,0.0045867133885622025,0.053690824657678604,0.013914085924625397,0.0045867133885622025,0.053690824657678604,0.013914085924625397,0.0045867133885622025,0.053690824657678604,0.013914085924625397,0.0045867133885622025,0.053690824657678604,0.013914085924625397,0.0045867133885622025
R1128_170,C,170,0.04509039968252182,0.04459492862224579,-0.0010874439030885696,0.04509039968252182,0.04459492862224579,-0.0010874439030885696,0.04509039968252182,0.04459492862224579,-0.0010874439030885696,0.04509039968252182,0.04459492862224579,-0.0010874439030885696,0.04509039968252182,0.04459492862224579,-0.0010874439030885696
R1128_171,U,171,0.060297537595033646,0.09329421073198318,0.006861476227641106,0.060297537595033646,0.09329421073198318,0.006861476227641106,0.060297537595033646,0.09329421073198318,0.006861476227641106,0.060297537595033646,0.09329421073198318,0.006861476227641106,0.060297537595033646,0.09329421073198318,0.006861476227641106
R1128_172,G,172,0.0471121184527874,0.09606365859508514,0.007916232571005821,0.0471121184527874,0.09606365859508514,0.007916232571005821,0.0471121184527874,0.09606365859508514,0.007916232571005821,0.0471121184527874,0.09606365859508514,0.007916232571005821,0.0471121184527874,0.09606365859508514,0.007916232571005821
R1128_173,U,173,0.04814927652478218,0.08078031986951828,0.019927149638533592,0.04814927652478218,0.08078031986951828,0.019927149638533592,0.04814927652478218,0.08078031986951828,0.019927149638533592,0.04814927652478218,0.08078031986951828,0.019927149638533592,0.04814927652478218,0.08078031986951828,0.019927149638533592
R1128_174,U,174,0.04595732316374779,0.05927054584026337,0.024109872058033943,0.04595732316374779,0.05927054584026337,0.024109872058033943,0.04595732316374779,0.05927054584026337,0.024109872058033943,0.04595732316374779,0.05927054584026337,0.024109872058033943,0.04595732316374779,0.05927054584026337,0.024109872058033943
R1128_175,C,175,0.01674824394285679,0.016597526147961617,0.045139528810977936,0.01674824394285679,0.016597526147961617,0.045139528810977936,0.01674824394285679,0.016597526147961617,0.045139528810977936,0.01674824394285679,0.016597526147961617,0.045139528810977936,0.01674824394285679,0.016597526147961617,0.045139528810977936
R1128_176,G,176,0.03267785534262657,0.048392944037914276,0.030370453372597694,0.03267785534262657,0.048392944037914276,0.030370453372597694,0.03267785534262657,0.048392944037914276,0.030370453372597694,0.03267785534262657,0.048392944037914276,0.030370453372597694,0.03267785534262657,0.048392944037914276,0.030370453372597694
R1128_177,C,177,0.02084720879793167,0.06582454591989517,0.04311605542898178,0.02084720879793167,0.06582454591989517,0.04311605542898178,0.02084720879793167,0.06582454591989517,0.04311605542898178,0.02084720879793167,0.06582454591989517,0.04311605542898178,0.02084720879793167,0.06582454591989517,0.04311605542898178
R1128_178,A,178,0.0021825814619660378,0.06017114967107773,0.060523636639118195,0.0021825814619660378,0.06017114967107773,0.060523636639118195,0.0021825814619660378,0.06017114967107773,0.060523636639118195,0.0021825814619660378,0.06017114967107773,0.060523636639118195,0.0021825814619660378,0.06017114967107773,0.060523636639118195
R1128_179,G,179,0.028437448665499687,0.1043180450797081,0.03301478177309036,0.028437448665499687,0.1043180450797081,0.03301478177309036,0.028437448665499687,0.1043180450797081,0.03301478177309036,0.028437448665499687,0.1043180450797081,0.03301478177309036,0.028437448665499687,0.1043180450797081,0.03301478177309036
R1128_180,G,180,0.03026295080780983,0.0812402293086052,0.03478144854307175,0.03026295080780983,0.0812402293086052,0.03478144854307175,0.03026295080780983,0.0812402293086052,0.03478144854307175,0.03026295080780983,0.0812402293086052,0.03478144854307175,0.03026295080780983,0.0812402293086052,0.03478144854307175
R1128_181,U,181,0.039084892719984055,0.069756418466568,0.028956765308976173,0.039084892719984055,0.069756418466568,0.028956765308976173,0.039084892719984055,0.069756418466568,0.028956765308976173,0.039084892719984055,0.069756418466568,0.028956765308976173,0.039084892719984055,0.069756418466568,0.028956765308976173
R1128_182,U,182,0.04357846826314926,0.06940572708845139,0.02877637930214405,0.04357846826314926,0.06940572708845139,0.02877637930214405,0.04357846826314926,0.06940572708845139,0.02877637930214405,0.04357846826314926,0.06940572708845139,0.02877637930214405,0.04357846826314926,0.06940572708845139,0.02877637930214405
R1128_183,G,183,0.04625396803021431,0.08457919955253601,0.025431053712964058,0.04625396803021431,0.08457919955253601,0.025431053712964058,0.04625396803021431,0.08457919955253601,0.025431053712964058,0.04625396803021431,0.08457919955253601,0.025431053712964058,0.04625396803021431,0.08457919955253601,0.025431053712964058
R1128_184,U,184,0.055030349642038345,0.10348503291606903,0.025210464373230934,0.055030349642038345,0.10348503291606903,0.025210464373230934,0.055030349642038345,0.10348503291606903,0.025210464373230934,0.055030349642038345,0.10348503291606903,0.025210464373230934,0.055030349642038345,0.10348503291606903,0.025210464373230934
R1128_185,G,185,0.05668191239237785,0.08979054540395737,0.023406023159623146,0.05668191239237785,0.08979054540395737,0.023406023159623146,0.05668191239237785,0.08979054540395737,0.023406023159623146,0.05668191239237785,0.08979054540395737,0.023406023159623146,0.05668191239237785,0.08979054540395737,0.023406023159623146
R1128_186,A,186,0.09728693217039108,0.0021194815635681152,0.04433721303939819,0.09728693217039108,0.0021194815635681152,0.04433721303939819,0.09728693217039108,0.0021194815635681152,0.04433721303939819,0.09728693217039108,0.0021194815635681152,0.04433721303939819,0.09728693217039108,0.0021194815635681152,0.04433721303939819
R1128_187,U,187,0.07372718304395676,0.0315617099404335,0.028971074149012566,0.07372718304395676,0.0315617099404335,0.028971074149012566,0.07372718304395676,0.0315617099404335,0.028971074149012566,0.07372718304395676,0.0315617099404335,0.028971074149012566,0.07372718304395676,0.0315617099404335,0.028971074149012566
R1128_188,U,188,0.07423526048660278,0.027586519718170166,0.030933963134884834,0.07423526048660278,0.027586519718170166,0.030933963134884834,0.07423526048660278,0.027586519718170166,0.030933963134884834,0.07423526048660278,0.027586519718170166,0.030933963134884834,0.07423526048660278,0.027586519718170166,0.030933963134884834
R1128_189,A,189,0.07775039225816727,-0.03564660996198654,0.07360892742872238,0.07775039225816727,-0.03564660996198654,0.07360892742872238,0.07775039225816727,-0.03564660996198654,0.07360892742872238,0.07775039225816727,-0.03564660996198654,0.07360892742872238,0.07775039225816727,-0.03564660996198654,0.07360892742872238
R1128_190,U,190,0.07372195273637772,0.0678621381521225,0.030783409252762794,0.07372195273637772,0.0678621381521225,0.030783409252762794,0.07372195273637772,0.0678621381521225,0.030783409252762794,0.07372195273637772,0.0678621381521225,0.030783409252762794,0.07372195273637772,0.0678621381521225,0.030783409252762794
R1128_191,G,191,0.06919543445110321,0.0593179389834404,0.036325082182884216,0.06919543445110321,0.0593179389834404,0.036325082182884216,0.06919543445110321,0.0593179389834404,0.036325082182884216,0.06919543445110321,0.0593179389834404,0.036325082182884216,0.06919543445110321,0.0593179389834404,0.036325082182884216
R1128_192,A,192,0.06245456263422966,0.0009783711284399033,0.10220039635896683,0.06245456263422966,0.0009783711284399033,0.10220039635896683,0.06245456263422966,0.0009783711284399033,0.10220039635896683,0.06245456263422966,0.0009783711284399033,0.10220039635896683,0.06245456263422966,0.0009783711284399033,0.10220039635896683
R1128_193,G,193,0.06398314237594604,0.016824765130877495,0.05579691380262375,0.06398314237594604,0.016824765130877495,0.05579691380262375,0.06398314237594604,0.016824765130877495,0.05579691380262375,0.06398314237594604,0.016824765130877495,0.05579691380262375,0.06398314237594604,0.016824765130877495,0.05579691380262375
R1128_194,U,194,0.06645287573337555,0.027754880487918854,0.04676029831171036,0.06645287573337555,0.027754880487918854,0.04676029831171036,0.06645287573337555,0.027754880487918854,0.04676029831171036,0.06645287573337555,0.027754880487918854,0.04676029831171036,0.06645287573337555,0.027754880487918854,0.04676029831171036
R1128_195,G,195,0.06032682582736015,0.04061148315668106,0.04411066323518753,0.06032682582736015,0.04061148315668106,0.04411066323518753,0.06032682582736015,0.04061148315668106,0.04411066323518753,0.06032682582736015,0.04061148315668106,0.04411066323518753,0.06032682582736015,0.04061148315668106,0.04411066323518753
R1128_196,A,196,0.03073311783373356,0.04430607706308365,0.09188230335712433,0.03073311783373356,0.04430607706308365,0.09188230335712433,0.03073311783373356,0.04430607706308365,0.09188230335712433,0.03073311783373356,0.04430607706308365,0.09188230335712433,0.03073311783373356,0.04430607706308365,0.09188230335712433
R1128_197,G,197,0.05515221878886223,0.08518345654010773,0.05144491046667099,0.05515221878886223,0.08518345654010773,0.05144491046667099,0.05515221878886223,0.08518345654010773,0.05144491046667099,0.05515221878886223,0.08518345654010773,0.05144491046667099,0.05515221878886223,0.08518345654010773,0.05144491046667099
R1128_198,C,198,0.04901818931102753,0.06931618601083755,0.0668240487575531,0.04901818931102753,0.06931618601083755,0.0668240487575531,0.04901818931102753,0.06931618601083755,0.0668240487575531,0.04901818931102753,0.06931618601083755,0.0668240487575531,0.04901818931102753,0.06931618601083755,0.0668240487575531
R1128_199,C,199,0.05000043660402298,0.030219057574868202,0.07689905166625977,0.05000043660402298,0.030219057574868202,0.07689905166625977,0.05000043660402298,0.030219057574868202,0.07689905166625977,0.05000043660402298,0.030219057574868202,0.07689905166625977,0.05000043660402298,0.030219057574868202,0.07689905166625977
R1128_200,G,200,0.06366704404354095,0.02486790157854557,0.052664563059806824,0.06366704404354095,0.02486790157854557,0.052664563059806824,0.06366704404354095,0.02486790157854557,0.052664563059806824,0.06366704404354095,0.02486790157854557,0.052664563059806824,0.06366704404354095,0.02486790157854557,0.052664563059806824
R1128_201,G,201,0.07065936923027039,0.03446581959724426,0.04740840196609497,0.07065936923027039,0.03446581959724426,0.04740840196609497,0.07065936923027039,0.03446581959724426,0.04740840196609497,0.07065936923027039,0.03446581959724426,0.04740840196609497,0.07065936923027039,0.03446581959724426,0.04740840196609497
R1128_202,G,202,0.0752672627568245,0.06234028935432434,0.04297976940870285,0.0752672627568245,0.06234028935432434,0.04297976940870285,0.0752672627568245,0.06234028935432434,0.04297976940870285,0.0752672627568245,0.06234028935432434,0.04297976940870285,0.0752672627568245,0.06234028935432434,0.04297976940870285
R1128_203,U,203,0.0778476893901825,0.08611966669559479,0.03994479775428772,0.0778476893901825,0.08611966669559479,0.03994479775428772,0.0778476893901825,0.08611966669559479,0.03994479775428772,0.0778476893901825,0.08611966669559479,0.03994479775428772,0.0778476893901825,0.08611966669559479,0.03994479775428772
R1128_204,A,204,0.11252515017986298,0.06533939391374588,0.0716693252325058,0.11252515017986298,0.06533939391374588,0.0716693252325058,0.11252515017986298,0.06533939391374588,0.0716693252325058,0.11252515017986298,0.06533939391374588,0.0716693252325058,0.11252515017986298,0.06533939391374588,0.0716693252325058
R1128_205,A,205,0.12595272064208984,-0.008378557860851288,0.10125884413719177,0.12595272064208984,-0.008378557860851288,0.10125884413719177,0.12595272064208984,-0.008378557860851288,0.10125884413719177,0.12595272064208984,-0.008378557860851288,0.10125884413719177,0.12595272064208984,-0.008378557860851288,0.10125884413719177
R1128_206,G,206,0.10833289474248886,-0.002774028107523918,0.0464644655585289,0.10833289474248886,-0.002774028107523918,0.0464644655585289,0.10833289474248886,-0.002774028107523918,0.0464644655585289,0.10833289474248886,-0.002774028107523918,0.0464644655585289,0.10833289474248886,-0.002774028107523918,0.0464644655585289
R1128_207,G,207,0.1089821308851242,-0.0009676069021224976,0.04161054641008377,0.1089821308851242,-0.0009676069021224976,0.04161054641008377,0.1089821308851242,-0.0009676069021224976,0.04161054641008377,0.1089821308851242,-0.0009676069021224976,0.04161054641008377,0.1089821308851242,-0.0009676069021224976,0.04161054641008377
R1128_208,C,208,0.11748004704713821,0.007271707057952881,0.04279671609401703,0.11748004704713821,0.007271707057952881,0.04279671609401703,0.11748004704713821,0.007271707057952881,0.04279671609401703,0.11748004704713821,0.007271707057952881,0.04279671609401703,0.11748004704713821,0.007271707057952881,0.04279671609401703
R1128_209,A,209,0.12157176434993744,0.02954770252108574,0.06884073466062546,0.12157176434993744,0.02954770252108574,0.06884073466062546,0.12157176434993744,0.02954770252108574,0.06884073466062546,0.12157176434993744,0.02954770252108574,0.06884073466062546,0.12157176434993744,0.02954770252108574,0.06884073466062546
R1128_210,U,210,0.08758623152971268,0.06946729123592377,0.03812211751937866,0.08758623152971268,0.06946729123592377,0.03812211751937866,0.08758623152971268,0.06946729123592377,0.03812211751937866,0.08758623152971268,0.06946729123592377,0.03812211751937866,0.08758623152971268,0.06946729123592377,0.03812211751937866
R1128_211,A,211,0.08700738102197647,-0.0033436082303524017,0.1506190448999405,0.08700738102197647,-0.0033436082303524017,0.1506190448999405,0.08700738102197647,-0.0033436082303524017,0.1506190448999405,0.08700738102197647,-0.0033436082303524017,0.1506190448999405,0.08700738102197647,-0.0033436082303524017,0.1506190448999405
R1128_212,C,212,0.08222389221191406,-0.03288249671459198,0.08630823343992233,0.08222389221191406,-0.03288249671459198,0.08630823343992233,0.08222389221191406,-0.03288249671459198,0.08630823343992233,0.08222389221191406,-0.03288249671459198,0.08630823343992233,0.08222389221191406,-0.03288249671459198,0.08630823343992233
R1128_213,C,213,0.08031191676855087,-0.01838875748217106,0.06809549033641815,0.08031191676855087,-0.01838875748217106,0.06809549033641815,0.08031191676855087,-0.01838875748217106,0.06809549033641815,0.08031191676855087,-0.01838875748217106,0.06809549033641815,0.08031191676855087,-0.01838875748217106,0.06809549033641815
R1128_214,G,214,0.08137334883213043,0.04483265429735184,0.032834120094776154,0.08137334883213043,0.04483265429735184,0.032834120094776154,0.08137334883213043,0.04483265429735184,0.032834120094776154,0.08137334883213043,0.04483265429735184,0.032834120094776154,0.08137334883213043,0.04483265429735184,0.032834120094776154
R1128_215,U,215,0.06824252754449844,0.07978858053684235,0.03637022525072098,0.06824252754449844,0.07978858053684235,0.03637022525072098,0.06824252754449844,0.07978858053684235,0.03637022525072098,0.06824252754449844,0.07978858053684235,0.03637022525072098,0.06824252754449844,0.07978858053684235,0.03637022525072098
R1128_216,U,216,0.06207174062728882,0.09390900284051895,0.04212605208158493,0.06207174062728882,0.09390900284051895,0.04212605208158493,0.06207174062728882,0.09390900284051895,0.04212605208158493,0.06207174062728882,0.09390900284051895,0.04212605208158493,0.06207174062728882,0.09390900284051895,0.04212605208158493
R1128_217,C,217,0.0409163162112236,0.08659358322620392,0.0654940977692604,0.0409163162112236,0.08659358322620392,0.0654940977692604,0.0409163162112236,0.08659358322620392,0.0654940977692604,0.0409163162112236,0.08659358322620392,0.0654940977692604,0.0409163162112236,0.08659358322620392,0.0654940977692604
R1128_218,G,218,0.06038400158286095,0.05209566652774811,0.05241154134273529,0.06038400158286095,0.05209566652774811,0.05241154134273529,0.06038400158286095,0.05209566652774811,0.05241154134273529,0.06038400158286095,0.05209566652774811,0.05241154134273529,0.06038400158286095,0.05209566652774811,0.05241154134273529
R1128_219,C,219,0.04975295439362526,0.027714921161532402,0.05734807997941971,0.04975295439362526,0.027714921161532402,0.05734807997941971,0.04975295439362526,0.027714921161532402,0.05734807997941971,0.04975295439362526,0.027714921161532402,0.05734807997941971,0.04975295439362526,0.027714921161532402,0.05734807997941971
R1128_220,G,220,0.058377545326948166,0.07024769484996796,0.03630609065294266,0.058377545326948166,0.07024769484996796,0.03630609065294266,0.058377545326948166,0.07024769484996796,0.03630609065294266,0.058377545326948166,0.07024769484996796,0.03630609065294266,0.058377545326948166,0.07024769484996796,0.03630609065294266
R1128_221,G,221,0.05734056979417801,0.10492709279060364,0.03440658003091812,0.05734056979417801,0.10492709279060364,0.03440658003091812,0.05734056979417801,0.10492709279060364,0.03440658003091812,0.05734056979417801,0.10492709279060364,0.03440658003091812,0.05734056979417801,0.10492709279060364,0.03440658003091812
R1128_222,U,222,0.06089599430561066,0.11941008269786835,0.036356568336486816,0.06089599430561066,0.11941008269786835,0.036356568336486816,0.06089599430561066,0.11941008269786835,0.036356568336486816,0.06089599430561066,0.11941008269786835,0.036356568336486816,0.06089599430561066,0.11941008269786835,0.036356568336486816
R1128_223,A,223,0.05278753489255905,0.09607112407684326,0.09946541488170624,0.05278753489255905,0.09607112407684326,0.09946541488170624,0.05278753489255905,0.09607112407684326,0.09946541488170624,0.05278753489255905,0.09607112407684326,0.09946541488170624,0.05278753489255905,0.09607112407684326,0.09946541488170624
R1128_224,U,224,0.07690774649381638,0.0761733427643776,0.034507088363170624,0.07690774649381638,0.0761733427643776,0.034507088363170624,0.07690774649381638,0.0761733427643776,0.034507088363170624,0.07690774649381638,0.0761733427643776,0.034507088363170624,0.07690774649381638,0.0761733427643776,0.034507088363170624
R1128_225,G,225,0.09286673367023468,0.04011383652687073,0.029941825196146965,0.09286673367023468,0.04011383652687073,0.029941825196146965,0.09286673367023468,0.04011383652687073,0.029941825196146965,0.09286673367023468,0.04011383652687073,0.029941825196146965,0.09286673367023468,0.04011383652687073,0.029941825196146965
R1128_226,U,226,0.08311903476715088,0.05914774537086487,0.025652972981333733,0.08311903476715088,0.05914774537086487,0.025652972981333733,0.08311903476715088,0.05914774537086487,0.025652972981333733,0.08311903476715088,0.05914774537086487,0.025652972981333733,0.08311903476715088,0.05914774537086487,0.025652972981333733
R1128_227,C,227,0.08821768313646317,0.06791596114635468,0.036861635744571686,0.08821768313646317,0.06791596114635468,0.036861635744571686,0.08821768313646317,0.06791596114635468,0.036861635744571686,0.08821768313646317,0.06791596114635468,0.036861635744571686,0.08821768313646317,0.06791596114635468,0.036861635744571686
R1128_228,U,228,0.07640214264392853,0.1049920842051506,0.02722419984638691,0.07640214264392853,0.1049920842051506,0.02722419984638691,0.07640214264392853,0.1049920842051506,0.02722419984638691,0.07640214264392853,0.1049920842051506,0.02722419984638691,0.07640214264392853,0.1049920842051506,0.02722419984638691
R1128_229,U,229,0.07536622881889343,0.09517904371023178,0.03207311034202576,0.07536622881889343,0.09517904371023178,0.03207311034202576,0.07536622881889343,0.09517904371023178,0.03207311034202576,0.07536622881889343,0.09517904371023178,0.03207311034202576,0.07536622881889343,0.09517904371023178,0.03207311034202576
R1128_230,A,230,0.04985614866018295,-0.005707954987883568,0.15676817297935486,0.04985614866018295,-0.005707954987883568,0.15676817297935486,0.04985614866018295,-0.005707954987883568,0.15676817297935486,0.04985614866018295,-0.005707954987883568,0.15676817297935486,0.04985614866018295,-0.005707954987883568,0.15676817297935486
R1128_231,C,231,0.06667876243591309,0.0019707102328538895,0.07116519659757614,0.06667876243591309,0.0019707102328538895,0.07116519659757614,0.06667876243591309,0.0019707102328538895,0.07116519659757614,0.06667876243591309,0.0019707102328538895,0.07116519659757614,0.06667876243591309,0.0019707102328538895,0.07116519659757614
R1128_232,G,232,0.07267385721206665,0.0379226878285408,0.03651052713394165,0.07267385721206665,0.0379226878285408,0.03651052713394165,0.07267385721206665,0.0379226878285408,0.03651052713394165,0.07267385721206665,0.0379226878285408,0.03651052713394165,0.07267385721206665,0.0379226878285408,0.03651052713394165
R1128_233,A,233,-0.009465169161558151,-0.02107018418610096,0.10415362566709518,-0.009465169161558151,-0.02107018418610096,0.10415362566709518,-0.009465169161558151,-0.02107018418610096,0.10415362566709518,-0.009465169161558151,-0.02107018418610096,0.10415362566709518,-0.009465169161558151,-0.02107018418610096,0.10415362566709518
R1128_234,U,234,0.05441702902317047,0.10164642333984375,0.03667327016592026,0.05441702902317047,0.10164642333984375,0.03667327016592026,0.05441702902317047,0.10164642333984375,0.03667327016592026,0.05441702902317047,0.10164642333984375,0.03667327016592026,0.05441702902317047,0.10164642333984375,0.03667327016592026
R1128_235,C,235,0.041547488421201706,0.11323585361242294,0.04929409176111221,0.041547488421201706,0.11323585361242294,0.04929409176111221,0.041547488421201706,0.11323585361242294,0.04929409176111221,0.041547488421201706,0.11323585361242294,0.04929409176111221,0.041547488421201706,0.11323585361242294,0.04929409176111221
R1128_236,C,236,0.035477250814437866,0.0886228010058403,0.07015381008386612,0.035477250814437866,0.0886228010058403,0.07015381008386612,0.035477250814437866,0.0886228010058403,0.07015381008386612,0.035477250814437866,0.0886228010058403,0.07015381008386612,0.035477250814437866,0.0886228010058403,0.07015381008386612
R1128_237,G,237,0.03805669769644737,0.06948848068714142,0.05260942131280899,0.03805669769644737,0.06948848068714142,0.05260942131280899,0.03805669769644737,0.06948848068714142,0.05260942131280899,0.03805669769644737,0.06948848068714142,0.05260942131280899,0.03805669769644737,0.06948848068714142,0.05260942131280899
R1128_238,C,238,0.024815529584884644,0.03381284326314926,0.07806031405925751,0.024815529584884644,0.03381284326314926,0.07806031405925751,0.024815529584884644,0.03381284326314926,0.07806031405925751,0.024815529584884644,0.03381284326314926,0.07806031405925751,0.024815529584884644,0.03381284326314926,0.07806031405925751
R1136_1,G,1,0.03463709354400635,0.0576765313744545,0.044351428747177124,0.03463709354400635,0.0576765313744545,0.044351428747177124,0.03463709354400635,0.0576765313744545,0.044351428747177124,0.03463709354400635,0.0576765313744545,0.044351428747177124,0.03463709354400635,0.0576765313744545,0.044351428747177124
R1136_2,G,2,0.03746742010116577,0.0745914950966835,0.04264397174119949,0.03746742010116577,0.0745914950966835,0.04264397174119949,0.03746742010116577,0.0745914950966835,0.04264397174119949,0.03746742010116577,0.0745914950966835,0.04264397174119949,0.03746742010116577,0.0745914950966835,0.04264397174119949
R1136_3,A,3,0.06291741877794266,0.01836506463587284,0.0427931472659111,0.06291741877794266,0.01836506463587284,0.0427931472659111,0.06291741877794266,0.01836506463587284,0.0427931472659111,0.06291741877794266,0.01836506463587284,0.0427931472659111,0.06291741877794266,0.01836506463587284,0.0427931472659111
R1136_4,U,4,0.05585756525397301,0.053544871509075165,0.0444839745759964,0.05585756525397301,0.053544871509075165,0.0444839745759964,0.05585756525397301,0.053544871509075165,0.0444839745759964,0.05585756525397301,0.053544871509075165,0.0444839745759964,0.05585756525397301,0.053544871509075165,0.0444839745759964
R1136_5,A,5,0.0938890352845192,-0.0022827833890914917,0.030068984255194664,0.0938890352845192,-0.0022827833890914917,0.030068984255194664,0.0938890352845192,-0.0022827833890914917,0.030068984255194664,0.0938890352845192,-0.0022827833890914917,0.030068984255194664,0.0938890352845192,-0.0022827833890914917,0.030068984255194664
R1136_6,C,6,0.0650191381573677,-0.010884253308176994,0.052509114146232605,0.0650191381573677,-0.010884253308176994,0.052509114146232605,0.0650191381573677,-0.010884253308176994,0.052509114146232605,0.0650191381573677,-0.010884253308176994,0.052509114146232605,0.0650191381573677,-0.010884253308176994,0.052509114146232605
R1136_7,G,7,0.06702567636966705,0.027785737067461014,0.05067595839500427,0.06702567636966705,0.027785737067461014,0.05067595839500427,0.06702567636966705,0.027785737067461014,0.05067595839500427,0.06702567636966705,0.027785737067461014,0.05067595839500427,0.06702567636966705,0.027785737067461014,0.05067595839500427
R1136_8,U,8,0.07359322160482407,0.05223768949508667,0.04606330394744873,0.07359322160482407,0.05223768949508667,0.04606330394744873,0.07359322160482407,0.05223768949508667,0.04606330394744873,0.07359322160482407,0.05223768949508667,0.04606330394744873,0.07359322160482407,0.05223768949508667,0.04606330394744873
R1136_9,C,9,0.08897139132022858,0.0016855895519256592,0.06663058698177338,0.08897139132022858,0.0016855895519256592,0.06663058698177338,0.08897139132022858,0.0016855895519256592,0.06663058698177338,0.08897139132022858,0.0016855895519256592,0.06663058698177338,0.08897139132022858,0.0016855895519256592,0.06663058698177338
R1136_10,U,10,0.08115604519844055,0.028595030307769775,0.0469372421503067,0.08115604519844055,0.028595030307769775,0.0469372421503067,0.08115604519844055,0.028595030307769775,0.0469372421503067,0.08115604519844055,0.028595030307769775,0.0469372421503067,0.08115604519844055,0.028595030307769775,0.0469372421503067
R1136_11,A,11,0.12541529536247253,-0.0785747841000557,0.12950199842453003,0.12541529536247253,-0.0785747841000557,0.12950199842453003,0.12541529536247253,-0.0785747841000557,0.12950199842453003,0.12541529536247253,-0.0785747841000557,0.12950199842453003,0.12541529536247253,-0.0785747841000557,0.12950199842453003
R1136_12,C,12,0.09116030484437943,-0.04613932967185974,0.0774347111582756,0.09116030484437943,-0.04613932967185974,0.0774347111582756,0.09116030484437943,-0.04613932967185974,0.0774347111582756,0.09116030484437943,-0.04613932967185974,0.0774347111582756,0.09116030484437943,-0.04613932967185974,0.0774347111582756
R1136_13,G,13,0.07741358876228333,0.0043139029294252396,0.05718546360731125,0.07741358876228333,0.0043139029294252396,0.05718546360731125,0.07741358876228333,0.0043139029294252396,0.05718546360731125,0.07741358876228333,0.0043139029294252396,0.05718546360731125,0.07741358876228333,0.0043139029294252396,0.05718546360731125
R1136_14,C,14,0.07404166460037231,0.025022095069289207,0.05499047785997391,0.07404166460037231,0.025022095069289207,0.05499047785997391,0.07404166460037231,0.025022095069289207,0.05499047785997391,0.07404166460037231,0.025022095069289207,0.05499047785997391,0.07404166460037231,0.025022095069289207,0.05499047785997391
R1136_15,U,15,0.06899867206811905,0.05735360085964203,0.05205259472131729,0.06899867206811905,0.05735360085964203,0.05205259472131729,0.06899867206811905,0.05735360085964203,0.05205259472131729,0.06899867206811905,0.05735360085964203,0.05205259472131729,0.06899867206811905,0.05735360085964203,0.05205259472131729
R1136_16,C,16,0.06597910821437836,0.014171771705150604,0.07470571994781494,0.06597910821437836,0.014171771705150604,0.07470571994781494,0.06597910821437836,0.014171771705150604,0.07470571994781494,0.06597910821437836,0.014171771705150604,0.07470571994781494,0.06597910821437836,0.014171771705150604,0.07470571994781494
R1136_17,A,17,0.047031693160533905,-0.034125521779060364,0.13378947973251343,0.047031693160533905,-0.034125521779060364,0.13378947973251343,0.047031693160533905,-0.034125521779060364,0.13378947973251343,0.047031693160533905,-0.034125521779060364,0.13378947973251343,0.047031693160533905,-0.034125521779060364,0.13378947973251343
R1136_18,G,18,0.06471902877092361,0.005003233440220356,0.053560227155685425,0.06471902877092361,0.005003233440220356,0.053560227155685425,0.06471902877092361,0.005003233440220356,0.053560227155685425,0.06471902877092361,0.005003233440220356,0.053560227155685425,0.06471902877092361,0.005003233440220356,0.053560227155685425
R1136_19,U,19,0.06289781630039215,0.035972513258457184,0.048629552125930786,0.06289781630039215,0.035972513258457184,0.048629552125930786,0.06289781630039215,0.035972513258457184,0.048629552125930786,0.06289781630039215,0.035972513258457184,0.048629552125930786,0.06289781630039215,0.035972513258457184,0.048629552125930786
R1136_20,G,20,0.058545567095279694,0.053858183324337006,0.04738326370716095,0.058545567095279694,0.053858183324337006,0.04738326370716095,0.058545567095279694,0.053858183324337006,0.04738326370716095,0.058545567095279694,0.053858183324337006,0.04738326370716095,0.058545567095279694,0.053858183324337006,0.04738326370716095
R1136_21,A,21,0.03624182567000389,0.05693965405225754,0.06759894639253616,0.03624182567000389,0.05693965405225754,0.06759894639253616,0.03624182567000389,0.05693965405225754,0.06759894639253616,0.03624182567000389,0.05693965405225754,0.06759894639253616,0.03624182567000389,0.05693965405225754,0.06759894639253616
R1136_22,C,22,0.06211954355239868,0.05918511748313904,0.05164366960525513,0.06211954355239868,0.05918511748313904,0.05164366960525513,0.06211954355239868,0.05918511748313904,0.05164366960525513,0.06211954355239868,0.05918511748313904,0.05164366960525513,0.06211954355239868,0.05918511748313904,0.05164366960525513
R1136_23,G,23,0.07436183094978333,0.03883863985538483,0.0474623367190361,0.07436183094978333,0.03883863985538483,0.0474623367190361,0.07436183094978333,0.03883863985538483,0.0474623367190361,0.07436183094978333,0.03883863985538483,0.0474623367190361,0.07436183094978333,0.03883863985538483,0.0474623367190361
R1136_24,G,24,0.08190372586250305,0.01692504808306694,0.03982152044773102,0.08190372586250305,0.01692504808306694,0.03982152044773102,0.08190372586250305,0.01692504808306694,0.03982152044773102,0.08190372586250305,0.01692504808306694,0.03982152044773102,0.08190372586250305,0.01692504808306694,0.03982152044773102
R1136_25,A,25,0.09772422909736633,2.390146255493164e-05,0.03813821077346802,0.09772422909736633,2.390146255493164e-05,0.03813821077346802,0.09772422909736633,2.390146255493164e-05,0.03813821077346802,0.09772422909736633,2.390146255493164e-05,0.03813821077346802,0.09772422909736633,2.390146255493164e-05,0.03813821077346802
R1136_26,C,26,0.08782121539115906,0.04120982438325882,0.04050785303115845,0.08782121539115906,0.04120982438325882,0.04050785303115845,0.08782121539115906,0.04120982438325882,0.04050785303115845,0.08782121539115906,0.04120982438325882,0.04050785303115845,0.08782121539115906,0.04120982438325882,0.04050785303115845
R1136_27,U,27,0.0791635736823082,0.07571525126695633,0.036836907267570496,0.0791635736823082,0.07571525126695633,0.036836907267570496,0.0791635736823082,0.07571525126695633,0.036836907267570496,0.0791635736823082,0.07571525126695633,0.036836907267570496,0.0791635736823082,0.07571525126695633,0.036836907267570496
R1136_28,C,28,0.1063990518450737,0.04278069734573364,0.041785985231399536,0.1063990518450737,0.04278069734573364,0.041785985231399536,0.1063990518450737,0.04278069734573364,0.041785985231399536,0.1063990518450737,0.04278069734573364,0.041785985231399536,0.1063990518450737,0.04278069734573364,0.041785985231399536
R1136_29,U,29,0.09315542131662369,0.03626282885670662,0.036725692451000214,0.09315542131662369,0.03626282885670662,0.036725692451000214,0.09315542131662369,0.03626282885670662,0.036725692451000214,0.09315542131662369,0.03626282885670662,0.036725692451000214,0.09315542131662369,0.03626282885670662,0.036725692451000214
R1136_30,C,30,0.10415992140769958,-0.03546275943517685,0.06253928691148758,0.10415992140769958,-0.03546275943517685,0.06253928691148758,0.10415992140769958,-0.03546275943517685,0.06253928691148758,0.10415992140769958,-0.03546275943517685,0.06253928691148758,0.10415992140769958,-0.03546275943517685,0.06253928691148758
R1136_31,U,31,0.08890662342309952,0.02060621604323387,0.03844483196735382,0.08890662342309952,0.02060621604323387,0.03844483196735382,0.08890662342309952,0.02060621604323387,0.03844483196735382,0.08890662342309952,0.02060621604323387,0.03844483196735382,0.08890662342309952,0.02060621604323387,0.03844483196735382
R1136_32,U,32,0.07704940438270569,0.048451267182826996,0.03384919464588165,0.07704940438270569,0.048451267182826996,0.03384919464588165,0.07704940438270569,0.048451267182826996,0.03384919464588165,0.07704940438270569,0.048451267182826996,0.03384919464588165,0.07704940438270569,0.048451267182826996,0.03384919464588165
R1136_33,C,33,0.06299053132534027,0.060572266578674316,0.032616399228572845,0.06299053132534027,0.060572266578674316,0.032616399228572845,0.06299053132534027,0.060572266578674316,0.032616399228572845,0.06299053132534027,0.060572266578674316,0.032616399228572845,0.06299053132534027,0.060572266578674316,0.032616399228572845
R1136_34,G,34,0.06393364816904068,0.07220152020454407,0.03416676074266434,0.06393364816904068,0.07220152020454407,0.03416676074266434,0.06393364816904068,0.07220152020454407,0.03416676074266434,0.06393364816904068,0.07220152020454407,0.03416676074266434,0.06393364816904068,0.07220152020454407,0.03416676074266434
R1136_35,G,35,0.061582405120134354,0.049952954053878784,0.039004646241664886,0.061582405120134354,0.049952954053878784,0.039004646241664886,0.061582405120134354,0.049952954053878784,0.039004646241664886,0.061582405120134354,0.049952954053878784,0.039004646241664886,0.061582405120134354,0.049952954053878784,0.039004646241664886
R1136_36,A,36,0.03643811121582985,-0.02829149179160595,0.08100245893001556,0.03643811121582985,-0.02829149179160595,0.08100245893001556,0.03643811121582985,-0.02829149179160595,0.08100245893001556,0.03643811121582985,-0.02829149179160595,0.08100245893001556,0.03643811121582985,-0.02829149179160595,0.08100245893001556
R1136_37,G,37,0.05137954279780388,0.0396341048181057,0.03432968258857727,0.05137954279780388,0.0396341048181057,0.03432968258857727,0.05137954279780388,0.0396341048181057,0.03432968258857727,0.05137954279780388,0.0396341048181057,0.03432968258857727,0.05137954279780388,0.0396341048181057,0.03432968258857727
R1136_38,A,38,0.007080255541950464,0.023277446627616882,0.039663165807724,0.007080255541950464,0.023277446627616882,0.039663165807724,0.007080255541950464,0.023277446627616882,0.039663165807724,0.007080255541950464,0.023277446627616882,0.039663165807724,0.007080255541950464,0.023277446627616882,0.039663165807724
R1136_39,G,39,0.0387866236269474,0.09862367808818817,0.02664349041879177,0.0387866236269474,0.09862367808818817,0.02664349041879177,0.0387866236269474,0.09862367808818817,0.02664349041879177,0.0387866236269474,0.09862367808818817,0.02664349041879177,0.0387866236269474,0.09862367808818817,0.02664349041879177
R1136_40,U,40,0.042420294135808945,0.11430680751800537,0.03218577802181244,0.042420294135808945,0.11430680751800537,0.03218577802181244,0.042420294135808945,0.11430680751800537,0.03218577802181244,0.042420294135808945,0.11430680751800537,0.03218577802181244,0.042420294135808945,0.11430680751800537,0.03218577802181244
R1136_41,C,41,0.03821823373436928,0.1004795953631401,0.03541024774312973,0.03821823373436928,0.1004795953631401,0.03541024774312973,0.03821823373436928,0.1004795953631401,0.03541024774312973,0.03821823373436928,0.1004795953631401,0.03541024774312973,0.03821823373436928,0.1004795953631401,0.03541024774312973
R1136_42,U,42,0.052695710211992264,0.08554499596357346,0.03162448853254318,0.052695710211992264,0.08554499596357346,0.03162448853254318,0.052695710211992264,0.08554499596357346,0.03162448853254318,0.052695710211992264,0.08554499596357346,0.03162448853254318,0.052695710211992264,0.08554499596357346,0.03162448853254318
R1136_43,G,43,0.0598505400121212,0.06483181565999985,0.027135731652379036,0.0598505400121212,0.06483181565999985,0.027135731652379036,0.0598505400121212,0.06483181565999985,0.027135731652379036,0.0598505400121212,0.06483181565999985,0.027135731652379036,0.0598505400121212,0.06483181565999985,0.027135731652379036
R1136_44,A,44,0.046102359890937805,0.053445860743522644,0.023774439468979836,0.046102359890937805,0.053445860743522644,0.023774439468979836,0.046102359890937805,0.053445860743522644,0.023774439468979836,0.046102359890937805,0.053445860743522644,0.023774439468979836,0.046102359890937805,0.053445860743522644,0.023774439468979836
R1136_45,C,45,0.05511290580034256,0.08457919955253601,0.03915208578109741,0.05511290580034256,0.08457919955253601,0.03915208578109741,0.05511290580034256,0.08457919955253601,0.03915208578109741,0.05511290580034256,0.08457919955253601,0.03915208578109741,0.05511290580034256,0.08457919955253601,0.03915208578109741
R1136_46,A,46,0.049653347581624985,0.09170549362897873,0.059753380715847015,0.049653347581624985,0.09170549362897873,0.059753380715847015,0.049653347581624985,0.09170549362897873,0.059753380715847015,0.049653347581624985,0.09170549362897873,0.059753380715847015,0.049653347581624985,0.09170549362897873,0.059753380715847015
R1136_47,U,47,0.07684120535850525,0.09390243142843246,0.027347570285201073,0.07684120535850525,0.09390243142843246,0.027347570285201073,0.07684120535850525,0.09390243142843246,0.027347570285201073,0.07684120535850525,0.09390243142843246,0.027347570285201073,0.07684120535850525,0.09390243142843246,0.027347570285201073
R1136_48,C,48,0.10581018030643463,0.024165000766515732,0.02905433066189289,0.10581018030643463,0.024165000766515732,0.02905433066189289,0.10581018030643463,0.024165000766515732,0.02905433066189289,0.10581018030643463,0.024165000766515732,0.02905433066189289,0.10581018030643463,0.024165000766515732,0.02905433066189289
R1136_49,C,49,0.10168837010860443,-0.000157257542014122,0.02434469945728779,0.10168837010860443,-0.000157257542014122,0.02434469945728779,0.10168837010860443,-0.000157257542014122,0.02434469945728779,0.10168837010860443,-0.000157257542014122,0.02434469945728779,0.10168837010860443,-0.000157257542014122,0.02434469945728779
R1136_50,G,50,0.08387292921543121,0.03284110128879547,0.020129548385739326,0.08387292921543121,0.03284110128879547,0.020129548385739326,0.08387292921543121,0.03284110128879547,0.020129548385739326,0.08387292921543121,0.03284110128879547,0.020129548385739326,0.08387292921543121,0.03284110128879547,0.020129548385739326
R1136_51,A,51,0.08396396785974503,-0.018647106364369392,0.006511108949780464,0.08396396785974503,-0.018647106364369392,0.006511108949780464,0.08396396785974503,-0.018647106364369392,0.006511108949780464,0.08396396785974503,-0.018647106364369392,0.006511108949780464,0.08396396785974503,-0.018647106364369392,0.006511108949780464
R1136_52,A,52,0.13297481834888458,-0.02191736362874508,-0.012158559635281563,0.13297481834888458,-0.02191736362874508,-0.012158559635281563,0.13297481834888458,-0.02191736362874508,-0.012158559635281563,0.13297481834888458,-0.02191736362874508,-0.012158559635281563,0.13297481834888458,-0.02191736362874508,-0.012158559635281563
R1136_53,C,53,0.11308105289936066,0.04853013530373573,0.010785119608044624,0.11308105289936066,0.04853013530373573,0.010785119608044624,0.11308105289936066,0.04853013530373573,0.010785119608044624,0.11308105289936066,0.04853013530373573,0.010785119608044624,0.11308105289936066,0.04853013530373573,0.010785119608044624
R1136_54,C,54,0.10560698062181473,0.013177230954170227,0.021476982161402702,0.10560698062181473,0.013177230954170227,0.021476982161402702,0.10560698062181473,0.013177230954170227,0.021476982161402702,0.10560698062181473,0.013177230954170227,0.021476982161402702,0.10560698062181473,0.013177230954170227,0.021476982161402702
R1136_55,A,55,0.1065121442079544,-0.06092012673616409,0.029870448634028435,0.1065121442079544,-0.06092012673616409,0.029870448634028435,0.1065121442079544,-0.06092012673616409,0.029870448634028435,0.1065121442079544,-0.06092012673616409,0.029870448634028435,0.1065121442079544,-0.06092012673616409,0.029870448634028435
R1136_56,U,56,0.06983432918787003,0.042141079902648926,0.030978912487626076,0.06983432918787003,0.042141079902648926,0.030978912487626076,0.06983432918787003,0.042141079902648926,0.030978912487626076,0.06983432918787003,0.042141079902648926,0.030978912487626076,0.06983432918787003,0.042141079902648926,0.030978912487626076
R1136_57,A,57,0.07783890515565872,-0.06753941625356674,0.051766663789749146,0.07783890515565872,-0.06753941625356674,0.051766663789749146,0.07783890515565872,-0.06753941625356674,0.051766663789749146,0.07783890515565872,-0.06753941625356674,0.051766663789749146,0.07783890515565872,-0.06753941625356674,0.051766663789749146
R1136_58,C,58,0.08121950924396515,0.059102863073349,0.040593042969703674,0.08121950924396515,0.059102863073349,0.040593042969703674,0.08121950924396515,0.059102863073349,0.040593042969703674,0.08121950924396515,0.059102863073349,0.040593042969703674,0.08121950924396515,0.059102863073349,0.040593042969703674
R1136_59,A,59,0.1447923332452774,0.025631330907344818,0.044188931584358215,0.1447923332452774,0.025631330907344818,0.044188931584358215,0.1447923332452774,0.025631330907344818,0.044188931584358215,0.1447923332452774,0.025631330907344818,0.044188931584358215,0.1447923332452774,0.025631330907344818,0.044188931584358215
R1136_60,C,60,0.10368095338344574,0.06026119738817215,0.03252566605806351,0.10368095338344574,0.06026119738817215,0.03252566605806351,0.10368095338344574,0.06026119738817215,0.03252566605806351,0.10368095338344574,0.06026119738817215,0.03252566605806351,0.10368095338344574,0.06026119738817215,0.03252566605806351
R1136_61,G,61,0.08329446613788605,0.06332992762327194,0.0278864074498415,0.08329446613788605,0.06332992762327194,0.0278864074498415,0.08329446613788605,0.06332992762327194,0.0278864074498415,0.08329446613788605,0.06332992762327194,0.0278864074498415,0.08329446613788605,0.06332992762327194,0.0278864074498415
R1136_62,G,62,0.07862122356891632,0.05602531135082245,0.030348291620612144,0.07862122356891632,0.05602531135082245,0.030348291620612144,0.07862122356891632,0.05602531135082245,0.030348291620612144,0.07862122356891632,0.05602531135082245,0.030348291620612144,0.07862122356891632,0.05602531135082245,0.030348291620612144
R1136_63,A,63,0.0842832401394844,-0.0005613863468170166,0.06608166545629501,0.0842832401394844,-0.0005613863468170166,0.06608166545629501,0.0842832401394844,-0.0005613863468170166,0.06608166545629501,0.0842832401394844,-0.0005613863468170166,0.06608166545629501,0.0842832401394844,-0.0005613863468170166,0.06608166545629501
R1136_64,U,64,0.08444564789533615,0.08661805838346481,0.03040091134607792,0.08444564789533615,0.08661805838346481,0.03040091134607792,0.08444564789533615,0.08661805838346481,0.03040091134607792,0.08444564789533615,0.08661805838346481,0.03040091134607792,0.08444564789533615,0.08661805838346481,0.03040091134607792
R1136_65,G,65,0.10627371817827225,0.09608876705169678,0.024185320362448692,0.10627371817827225,0.09608876705169678,0.024185320362448692,0.10627371817827225,0.09608876705169678,0.024185320362448692,0.10627371817827225,0.09608876705169678,0.024185320362448692,0.10627371817827225,0.09608876705169678,0.024185320362448692
R1136_66,U,66,0.10731130093336105,0.07831115275621414,0.029598889872431755,0.10731130093336105,0.07831115275621414,0.029598889872431755,0.10731130093336105,0.07831115275621414,0.029598889872431755,0.10731130093336105,0.07831115275621414,0.029598889872431755,0.10731130093336105,0.07831115275621414,0.029598889872431755
R1136_67,G,67,0.13151036202907562,0.039999812841415405,0.0280699972063303,0.13151036202907562,0.039999812841415405,0.0280699972063303,0.13151036202907562,0.039999812841415405,0.0280699972063303,0.13151036202907562,0.039999812841415405,0.0280699972063303,0.13151036202907562,0.039999812841415405,0.0280699972063303
R1136_68,C,68,0.1510133445262909,-0.010720614343881607,0.028379278257489204,0.1510133445262909,-0.010720614343881607,0.028379278257489204,0.1510133445262909,-0.010720614343881607,0.028379278257489204,0.1510133445262909,-0.010720614343881607,0.028379278257489204,0.1510133445262909,-0.010720614343881607,0.028379278257489204
R1136_69,C,69,0.13986295461654663,-0.0038400087505578995,0.03430561721324921,0.13986295461654663,-0.0038400087505578995,0.03430561721324921,0.13986295461654663,-0.0038400087505578995,0.03430561721324921,0.13986295461654663,-0.0038400087505578995,0.03430561721324921,0.13986295461654663,-0.0038400087505578995,0.03430561721324921
R1136_70,U,70,0.11291749775409698,0.05294962227344513,0.027308935299515724,0.11291749775409698,0.05294962227344513,0.027308935299515724,0.11291749775409698,0.05294962227344513,0.027308935299515724,0.11291749775409698,0.05294962227344513,0.027308935299515724,0.11291749775409698,0.05294962227344513,0.027308935299515724
R1136_71,C,71,0.174407497048378,0.04954961687326431,0.011728046461939812,0.174407497048378,0.04954961687326431,0.011728046461939812,0.174407497048378,0.04954961687326431,0.011728046461939812,0.174407497048378,0.04954961687326431,0.011728046461939812,0.174407497048378,0.04954961687326431,0.011728046461939812
R1136_72,G,72,0.1435711681842804,0.05620311200618744,0.02304111234843731,0.1435711681842804,0.05620311200618744,0.02304111234843731,0.1435711681842804,0.05620311200618744,0.02304111234843731,0.1435711681842804,0.05620311200618744,0.02304111234843731,0.1435711681842804,0.05620311200618744,0.02304111234843731
R1136_73,C,73,0.17726494371891022,0.012268304824829102,0.028126059100031853,0.17726494371891022,0.012268304824829102,0.028126059100031853,0.17726494371891022,0.012268304824829102,0.028126059100031853,0.17726494371891022,0.012268304824829102,0.028126059100031853,0.17726494371891022,0.012268304824829102,0.028126059100031853
R1136_74,C,74,0.15632835030555725,-0.015500998124480247,0.037304364144802094,0.15632835030555725,-0.015500998124480247,0.037304364144802094,0.15632835030555725,-0.015500998124480247,0.037304364144802094,0.15632835030555725,-0.015500998124480247,0.037304364144802094,0.15632835030555725,-0.015500998124480247,0.037304364144802094
R1136_75,G,75,0.12168138474225998,0.01974274218082428,0.029503824189305305,0.12168138474225998,0.01974274218082428,0.029503824189305305,0.12168138474225998,0.01974274218082428,0.029503824189305305,0.12168138474225998,0.01974274218082428,0.029503824189305305,0.12168138474225998,0.01974274218082428,0.029503824189305305
R1136_76,A,76,0.16091415286064148,0.010424647480249405,0.030066469684243202,0.16091415286064148,0.010424647480249405,0.030066469684243202,0.16091415286064148,0.010424647480249405,0.030066469684243202,0.16091415286064148,0.010424647480249405,0.030066469684243202,0.16091415286064148,0.010424647480249405,0.030066469684243202
R1136_77,A,77,0.18481935560703278,0.06704549491405487,0.012140927836298943,0.18481935560703278,0.06704549491405487,0.012140927836298943,0.18481935560703278,0.06704549491405487,0.012140927836298943,0.18481935560703278,0.06704549491405487,0.012140927836298943,0.18481935560703278,0.06704549491405487,0.012140927836298943
R1136_78,C,78,0.13774172961711884,0.09050436317920685,0.016985109075903893,0.13774172961711884,0.09050436317920685,0.016985109075903893,0.13774172961711884,0.09050436317920685,0.016985109075903893,0.13774172961711884,0.09050436317920685,0.016985109075903893,0.13774172961711884,0.09050436317920685,0.016985109075903893
R1136_79,A,79,0.19041894376277924,0.03592599555850029,0.037652745842933655,0.19041894376277924,0.03592599555850029,0.037652745842933655,0.19041894376277924,0.03592599555850029,0.037652745842933655,0.19041894376277924,0.03592599555850029,0.037652745842933655,0.19041894376277924,0.03592599555850029,0.037652745842933655
R1136_80,G,80,0.1140010878443718,0.04956737533211708,0.025335537269711494,0.1140010878443718,0.04956737533211708,0.025335537269711494,0.1140010878443718,0.04956737533211708,0.025335537269711494,0.1140010878443718,0.04956737533211708,0.025335537269711494,0.1140010878443718,0.04956737533211708,0.025335537269711494
R1136_81,U,81,0.10118276625871658,0.05678197741508484,0.029480235651135445,0.10118276625871658,0.05678197741508484,0.029480235651135445,0.10118276625871658,0.05678197741508484,0.029480235651135445,0.10118276625871658,0.05678197741508484,0.029480235651135445,0.10118276625871658,0.05678197741508484,0.029480235651135445
R1136_82,C,82,0.11455105990171432,0.06254283338785172,0.020843369886279106,0.11455105990171432,0.06254283338785172,0.020843369886279106,0.11455105990171432,0.06254283338785172,0.020843369886279106,0.11455105990171432,0.06254283338785172,0.020843369886279106,0.11455105990171432,0.06254283338785172,0.020843369886279106
R1136_83,U,83,0.1030731350183487,0.09406054019927979,0.020377421751618385,0.1030731350183487,0.09406054019927979,0.020377421751618385,0.1030731350183487,0.09406054019927979,0.020377421751618385,0.1030731350183487,0.09406054019927979,0.020377421751618385,0.1030731350183487,0.09406054019927979,0.020377421751618385
R1136_84,A,84,0.18655842542648315,0.12079647183418274,-0.007872499525547028,0.18655842542648315,0.12079647183418274,-0.007872499525547028,0.18655842542648315,0.12079647183418274,-0.007872499525547028,0.18655842542648315,0.12079647183418274,-0.007872499525547028,0.18655842542648315,0.12079647183418274,-0.007872499525547028
R1136_85,C,85,0.16417920589447021,0.07439875602722168,0.0038470961153507233,0.16417920589447021,0.07439875602722168,0.0038470961153507233,0.16417920589447021,0.07439875602722168,0.0038470961153507233,0.16417920589447021,0.07439875602722168,0.0038470961153507233,0.16417920589447021,0.07439875602722168,0.0038470961153507233
R1136_86,G,86,0.14587700366973877,0.042853325605392456,0.011206211522221565,0.14587700366973877,0.042853325605392456,0.011206211522221565,0.14587700366973877,0.042853325605392456,0.011206211522221565,0.14587700366973877,0.042853325605392456,0.011206211522221565,0.14587700366973877,0.042853325605392456,0.011206211522221565
R1136_87,G,87,0.13920924067497253,0.024784674867987633,0.00996481440961361,0.13920924067497253,0.024784674867987633,0.00996481440961361,0.13920924067497253,0.024784674867987633,0.00996481440961361,0.13920924067497253,0.024784674867987633,0.00996481440961361,0.13920924067497253,0.024784674867987633,0.00996481440961361
R1136_88,C,88,0.1560952514410019,0.01226569339632988,0.00639217346906662,0.1560952514410019,0.01226569339632988,0.00639217346906662,0.1560952514410019,0.01226569339632988,0.00639217346906662,0.1560952514410019,0.01226569339632988,0.00639217346906662,0.1560952514410019,0.01226569339632988,0.00639217346906662
R1136_89,G,89,0.13286525011062622,0.07342361658811569,0.0015190597623586655,0.13286525011062622,0.07342361658811569,0.0015190597623586655,0.13286525011062622,0.07342361658811569,0.0015190597623586655,0.13286525011062622,0.07342361658811569,0.0015190597623586655,0.13286525011062622,0.07342361658811569,0.0015190597623586655
R1136_90,A,90,0.22188331186771393,0.05535602569580078,-0.045552510768175125,0.22188331186771393,0.05535602569580078,-0.045552510768175125,0.22188331186771393,0.05535602569580078,-0.045552510768175125,0.22188331186771393,0.05535602569580078,-0.045552510768175125,0.22188331186771393,0.05535602569580078,-0.045552510768175125
R1136_91,G,91,0.14259792864322662,0.06712938100099564,-0.004391251131892204,0.14259792864322662,0.06712938100099564,-0.004391251131892204,0.14259792864322662,0.06712938100099564,-0.004391251131892204,0.14259792864322662,0.06712938100099564,-0.004391251131892204,0.14259792864322662,0.06712938100099564,-0.004391251131892204
R1136_92,C,92,0.16359660029411316,0.007800017483532429,0.0055411458015441895,0.16359660029411316,0.007800017483532429,0.0055411458015441895,0.16359660029411316,0.007800017483532429,0.0055411458015441895,0.16359660029411316,0.007800017483532429,0.0055411458015441895,0.16359660029411316,0.007800017483532429,0.0055411458015441895
R1136_93,U,93,0.11602792143821716,0.0387081652879715,0.012099457904696465,0.11602792143821716,0.0387081652879715,0.012099457904696465,0.11602792143821716,0.0387081652879715,0.012099457904696465,0.11602792143821716,0.0387081652879715,0.012099457904696465,0.11602792143821716,0.0387081652879715,0.012099457904696465
R1136_94,U,94,0.10315033048391342,0.05651622265577316,0.009327312931418419,0.10315033048391342,0.05651622265577316,0.009327312931418419,0.10315033048391342,0.05651622265577316,0.009327312931418419,0.10315033048391342,0.05651622265577316,0.009327312931418419,0.10315033048391342,0.05651622265577316,0.009327312931418419
R1136_95,A,95,0.12621340155601501,0.0739818811416626,-0.04796800762414932,0.12621340155601501,0.0739818811416626,-0.04796800762414932,0.12621340155601501,0.0739818811416626,-0.04796800762414932,0.12621340155601501,0.0739818811416626,-0.04796800762414932,0.12621340155601501,0.0739818811416626,-0.04796800762414932
R1136_96,A,96,0.13471457362174988,0.11498317867517471,-0.05283048748970032,0.13471457362174988,0.11498317867517471,-0.05283048748970032,0.13471457362174988,0.11498317867517471,-0.05283048748970032,0.13471457362174988,0.11498317867517471,-0.05283048748970032,0.13471457362174988,0.11498317867517471,-0.05283048748970032
R1136_97,G,97,0.09627002477645874,0.11591874808073044,-0.0068392083048820496,0.09627002477645874,0.11591874808073044,-0.0068392083048820496,0.09627002477645874,0.11591874808073044,-0.0068392083048820496,0.09627002477645874,0.11591874808073044,-0.0068392083048820496,0.09627002477645874,0.11591874808073044,-0.0068392083048820496
R1136_98,C,98,0.1074618548154831,0.08645562082529068,-0.0018230453133583069,0.1074618548154831,0.08645562082529068,-0.0018230453133583069,0.1074618548154831,0.08645562082529068,-0.0018230453133583069,0.1074618548154831,0.08645562082529068,-0.0018230453133583069,0.1074618548154831,0.08645562082529068,-0.0018230453133583069
R1136_99,G,99,0.09089957922697067,0.07973474264144897,0.0012646224349737167,0.09089957922697067,0.07973474264144897,0.0012646224349737167,0.09089957922697067,0.07973474264144897,0.0012646224349737167,0.09089957922697067,0.07973474264144897,0.0012646224349737167,0.09089957922697067,0.07973474264144897,0.0012646224349737167
R1136_100,C,100,0.07914140820503235,0.07734767347574234,0.0011005252599716187,0.07914140820503235,0.07734767347574234,0.0011005252599716187,0.07914140820503235,0.07734767347574234,0.0011005252599716187,0.07914140820503235,0.07734767347574234,0.0011005252599716187,0.07914140820503235,0.07734767347574234,0.0011005252599716187
R1136_101,U,101,0.0726490169763565,0.10621665418148041,0.010906046256422997,0.0726490169763565,0.10621665418148041,0.010906046256422997,0.0726490169763565,0.10621665418148041,0.010906046256422997,0.0726490169763565,0.10621665418148041,0.010906046256422997,0.0726490169763565,0.10621665418148041,0.010906046256422997
R1136_102,G,102,0.07697753608226776,0.1376866102218628,-0.0011708121746778488,0.07697753608226776,0.1376866102218628,-0.0011708121746778488,0.07697753608226776,0.1376866102218628,-0.0011708121746778488,0.07697753608226776,0.1376866102218628,-0.0011708121746778488,0.07697753608226776,0.1376866102218628,-0.0011708121746778488
R1136_103,G,103,0.08674144744873047,0.14394298195838928,-0.003828231245279312,0.08674144744873047,0.14394298195838928,-0.003828231245279312,0.08674144744873047,0.14394298195838928,-0.003828231245279312,0.08674144744873047,0.14394298195838928,-0.003828231245279312,0.08674144744873047,0.14394298195838928,-0.003828231245279312
R1136_104,G,104,0.09634044766426086,0.11359058320522308,-0.0009745098650455475,0.09634044766426086,0.11359058320522308,-0.0009745098650455475,0.09634044766426086,0.11359058320522308,-0.0009745098650455475,0.09634044766426086,0.11359058320522308,-0.0009745098650455475,0.09634044766426086,0.11359058320522308,-0.0009745098650455475
R1136_105,G,105,0.1066712960600853,0.08263041079044342,-0.007916172035038471,0.1066712960600853,0.08263041079044342,-0.007916172035038471,0.1066712960600853,0.08263041079044342,-0.007916172035038471,0.1066712960600853,0.08263041079044342,-0.007916172035038471,0.1066712960600853,0.08263041079044342,-0.007916172035038471
R1136_106,A,106,0.11997262388467789,0.04090777039527893,0.011946307495236397,0.11997262388467789,0.04090777039527893,0.011946307495236397,0.11997262388467789,0.04090777039527893,0.011946307495236397,0.11997262388467789,0.04090777039527893,0.011946307495236397,0.11997262388467789,0.04090777039527893,0.011946307495236397
R1136_107,C,107,0.11120825260877609,0.0704648569226265,-0.008976252749562263,0.11120825260877609,0.0704648569226265,-0.008976252749562263,0.11120825260877609,0.0704648569226265,-0.008976252749562263,0.11120825260877609,0.0704648569226265,-0.008976252749562263,0.11120825260877609,0.0704648569226265,-0.008976252749562263
R1136_108,G,108,0.10175783187150955,0.11205767840147018,-0.016417980194091797,0.10175783187150955,0.11205767840147018,-0.016417980194091797,0.10175783187150955,0.11205767840147018,-0.016417980194091797,0.10175783187150955,0.11205767840147018,-0.016417980194091797,0.10175783187150955,0.11205767840147018,-0.016417980194091797
R1136_109,C,109,0.12948961555957794,0.10271117091178894,-0.030590355396270752,0.12948961555957794,0.10271117091178894,-0.030590355396270752,0.12948961555957794,0.10271117091178894,-0.030590355396270752,0.12948961555957794,0.10271117091178894,-0.030590355396270752,0.12948961555957794,0.10271117091178894,-0.030590355396270752
R1136_110,C,110,0.14028576016426086,0.053656645119190216,-0.026412243023514748,0.14028576016426086,0.053656645119190216,-0.026412243023514748,0.14028576016426086,0.053656645119190216,-0.026412243023514748,0.14028576016426086,0.053656645119190216,-0.026412243023514748,0.14028576016426086,0.053656645119190216,-0.026412243023514748
R1136_111,C,111,0.1307828575372696,0.014934721402823925,-0.014209424145519733,0.1307828575372696,0.014934721402823925,-0.014209424145519733,0.1307828575372696,0.014934721402823925,-0.014209424145519733,0.1307828575372696,0.014934721402823925,-0.014209424145519733,0.1307828575372696,0.014934721402823925,-0.014209424145519733
R1136_112,A,112,0.14983390271663666,-0.026133308187127113,-0.0009580682963132858,0.14983390271663666,-0.026133308187127113,-0.0009580682963132858,0.14983390271663666,-0.026133308187127113,-0.0009580682963132858,0.14983390271663666,-0.026133308187127113,-0.0009580682963132858,0.14983390271663666,-0.026133308187127113,-0.0009580682963132858
R1136_113,A,113,0.1275063455104828,-0.02551024593412876,-0.0070145633071660995,0.1275063455104828,-0.02551024593412876,-0.0070145633071660995,0.1275063455104828,-0.02551024593412876,-0.0070145633071660995,0.1275063455104828,-0.02551024593412876,-0.0070145633071660995,0.1275063455104828,-0.02551024593412876,-0.0070145633071660995
R1136_114,C,114,0.1088462695479393,0.0587436705827713,-0.01783107966184616,0.1088462695479393,0.0587436705827713,-0.01783107966184616,0.1088462695479393,0.0587436705827713,-0.01783107966184616,0.1088462695479393,0.0587436705827713,-0.01783107966184616,0.1088462695479393,0.0587436705827713,-0.01783107966184616
R1136_115,G,115,0.09260459989309311,0.09187733381986618,-0.004585741087794304,0.09260459989309311,0.09187733381986618,-0.004585741087794304,0.09260459989309311,0.09187733381986618,-0.004585741087794304,0.09260459989309311,0.09187733381986618,-0.004585741087794304,0.09260459989309311,0.09187733381986618,-0.004585741087794304
R1136_116,C,116,0.12208263576030731,0.07233794778585434,-0.010841693729162216,0.12208263576030731,0.07233794778585434,-0.010841693729162216,0.12208263576030731,0.07233794778585434,-0.010841693729162216,0.12208263576030731,0.07233794778585434,-0.010841693729162216,0.12208263576030731,0.07233794778585434,-0.010841693729162216
R1136_117,A,117,0.13573968410491943,0.013193193823099136,0.010165730491280556,0.13573968410491943,0.013193193823099136,0.010165730491280556,0.13573968410491943,0.013193193823099136,0.010165730491280556,0.13573968410491943,0.013193193823099136,0.010165730491280556,0.13573968410491943,0.013193193823099136,0.010165730491280556
R1136_118,U,118,0.0780242308974266,0.06716953217983246,0.012494338676333427,0.0780242308974266,0.06716953217983246,0.012494338676333427,0.0780242308974266,0.06716953217983246,0.012494338676333427,0.0780242308974266,0.06716953217983246,0.012494338676333427,0.0780242308974266,0.06716953217983246,0.012494338676333427
R1136_119,C,119,0.0786217525601387,0.041571445763111115,0.018857045099139214,0.0786217525601387,0.041571445763111115,0.018857045099139214,0.0786217525601387,0.041571445763111115,0.018857045099139214,0.0786217525601387,0.041571445763111115,0.018857045099139214,0.0786217525601387,0.041571445763111115,0.018857045099139214
R1136_120,A,120,0.07915079593658447,0.03291298821568489,0.04178496450185776,0.07915079593658447,0.03291298821568489,0.04178496450185776,0.07915079593658447,0.03291298821568489,0.04178496450185776,0.07915079593658447,0.03291298821568489,0.04178496450185776,0.07915079593658447,0.03291298821568489,0.04178496450185776
R1136_121,C,121,0.08965538442134857,0.09972412139177322,0.013701224699616432,0.08965538442134857,0.09972412139177322,0.013701224699616432,0.08965538442134857,0.09972412139177322,0.013701224699616432,0.08965538442134857,0.09972412139177322,0.013701224699616432,0.08965538442134857,0.09972412139177322,0.013701224699616432
R1136_122,A,122,0.12283316254615784,0.06345343589782715,0.018416112288832664,0.12283316254615784,0.06345343589782715,0.018416112288832664,0.12283316254615784,0.06345343589782715,0.018416112288832664,0.12283316254615784,0.06345343589782715,0.018416112288832664,0.12283316254615784,0.06345343589782715,0.018416112288832664
R1136_123,A,123,0.13231757283210754,0.0354161262512207,0.02234218828380108,0.13231757283210754,0.0354161262512207,0.02234218828380108,0.13231757283210754,0.0354161262512207,0.02234218828380108,0.13231757283210754,0.0354161262512207,0.02234218828380108,0.13231757283210754,0.0354161262512207,0.02234218828380108
R1136_124,A,124,0.12122005969285965,0.021639330312609673,0.026024041697382927,0.12122005969285965,0.021639330312609673,0.026024041697382927,0.12122005969285965,0.021639330312609673,0.026024041697382927,0.12122005969285965,0.021639330312609673,0.026024041697382927,0.12122005969285965,0.021639330312609673,0.026024041697382927
R1136_125,G,125,0.09602627903223038,0.048767298460006714,0.005327135324478149,0.09602627903223038,0.048767298460006714,0.005327135324478149,0.09602627903223038,0.048767298460006714,0.005327135324478149,0.09602627903223038,0.048767298460006714,0.005327135324478149,0.09602627903223038,0.048767298460006714,0.005327135324478149
R1136_126,A,126,0.10585309565067291,0.03495291620492935,0.019683128222823143,0.10585309565067291,0.03495291620492935,0.019683128222823143,0.10585309565067291,0.03495291620492935,0.019683128222823143,0.10585309565067291,0.03495291620492935,0.019683128222823143,0.10585309565067291,0.03495291620492935,0.019683128222823143
R1136_127,C,127,0.12537182867527008,0.07152294367551804,-0.00395566038787365,0.12537182867527008,0.07152294367551804,-0.00395566038787365,0.12537182867527008,0.07152294367551804,-0.00395566038787365,0.12537182867527008,0.07152294367551804,-0.00395566038787365,0.12537182867527008,0.07152294367551804,-0.00395566038787365
R1136_128,U,128,0.1085548922419548,0.08008962124586105,0.004254261031746864,0.1085548922419548,0.08008962124586105,0.004254261031746864,0.1085548922419548,0.08008962124586105,0.004254261031746864,0.1085548922419548,0.08008962124586105,0.004254261031746864,0.1085548922419548,0.08008962124586105,0.004254261031746864
R1136_129,G,129,0.12373027205467224,0.04517051950097084,0.006444752216339111,0.12373027205467224,0.04517051950097084,0.006444752216339111,0.12373027205467224,0.04517051950097084,0.006444752216339111,0.12373027205467224,0.04517051950097084,0.006444752216339111,0.12373027205467224,0.04517051950097084,0.006444752216339111
R1136_130,A,130,0.18209335207939148,-0.041961364448070526,0.06628020852804184,0.18209335207939148,-0.041961364448070526,0.06628020852804184,0.18209335207939148,-0.041961364448070526,0.06628020852804184,0.18209335207939148,-0.041961364448070526,0.06628020852804184,0.18209335207939148,-0.041961364448070526,0.06628020852804184
R1136_131,G,131,0.11724470555782318,0.006545404903590679,0.016888709738850594,0.11724470555782318,0.006545404903590679,0.016888709738850594,0.11724470555782318,0.006545404903590679,0.016888709738850594,0.11724470555782318,0.006545404903590679,0.016888709738850594,0.11724470555782318,0.006545404903590679,0.016888709738850594
R1136_132,U,132,0.10525759309530258,0.04084126651287079,0.017943112179636955,0.10525759309530258,0.04084126651287079,0.017943112179636955,0.10525759309530258,0.04084126651287079,0.017943112179636955,0.10525759309530258,0.04084126651287079,0.017943112179636955,0.10525759309530258,0.04084126651287079,0.017943112179636955
R1136_133,G,133,0.11647767573595047,0.06531339138746262,0.004593828693032265,0.11647767573595047,0.06531339138746262,0.004593828693032265,0.11647767573595047,0.06531339138746262,0.004593828693032265,0.11647767573595047,0.06531339138746262,0.004593828693032265,0.11647767573595047,0.06531339138746262,0.004593828693032265
R1136_134,A,134,0.19133397936820984,0.06512869894504547,-0.016610704362392426,0.19133397936820984,0.06512869894504547,-0.016610704362392426,0.19133397936820984,0.06512869894504547,-0.016610704362392426,0.19133397936820984,0.06512869894504547,-0.016610704362392426,0.19133397936820984,0.06512869894504547,-0.016610704362392426
R1136_135,U,135,0.10380728542804718,0.07135505974292755,0.016623737290501595,0.10380728542804718,0.07135505974292755,0.016623737290501595,0.10380728542804718,0.07135505974292755,0.016623737290501595,0.10380728542804718,0.07135505974292755,0.016623737290501595,0.10380728542804718,0.07135505974292755,0.016623737290501595
R1136_136,G,136,0.10648059844970703,0.04767262935638428,0.018352670595049858,0.10648059844970703,0.04767262935638428,0.018352670595049858,0.10648059844970703,0.04767262935638428,0.018352670595049858,0.10648059844970703,0.04767262935638428,0.018352670595049858,0.10648059844970703,0.04767262935638428,0.018352670595049858
R1136_137,A,137,0.1115850955247879,-0.003583112731575966,0.06279470026493073,0.1115850955247879,-0.003583112731575966,0.06279470026493073,0.1115850955247879,-0.003583112731575966,0.06279470026493073,0.1115850955247879,-0.003583112731575966,0.06279470026493073,0.1115850955247879,-0.003583112731575966,0.06279470026493073
R1136_138,A,138,0.09498803317546844,0.005603824742138386,0.04835920035839081,0.09498803317546844,0.005603824742138386,0.04835920035839081,0.09498803317546844,0.005603824742138386,0.04835920035839081,0.09498803317546844,0.005603824742138386,0.04835920035839081,0.09498803317546844,0.005603824742138386,0.04835920035839081
R1136_139,C,139,0.09284958243370056,0.0638437420129776,0.019391903653740883,0.09284958243370056,0.0638437420129776,0.019391903653740883,0.09284958243370056,0.0638437420129776,0.019391903653740883,0.09284958243370056,0.0638437420129776,0.019391903653740883,0.09284958243370056,0.0638437420129776,0.019391903653740883
R1136_140,C,140,0.09744641184806824,0.09672984480857849,0.006805315613746643,0.09744641184806824,0.09672984480857849,0.006805315613746643,0.09744641184806824,0.09672984480857849,0.006805315613746643,0.09744641184806824,0.09672984480857849,0.006805315613746643,0.09744641184806824,0.09672984480857849,0.006805315613746643
R1136_141,A,141,0.1220201626420021,0.09554501622915268,0.01222342811524868,0.1220201626420021,0.09554501622915268,0.01222342811524868,0.1220201626420021,0.09554501622915268,0.01222342811524868,0.1220201626420021,0.09554501622915268,0.01222342811524868,0.1220201626420021,0.09554501622915268,0.01222342811524868
R1136_142,G,142,0.09884188324213028,0.06474603712558746,0.011061659082770348,0.09884188324213028,0.06474603712558746,0.011061659082770348,0.09884188324213028,0.06474603712558746,0.011061659082770348,0.09884188324213028,0.06474603712558746,0.011061659082770348,0.09884188324213028,0.06474603712558746,0.011061659082770348
R1136_143,A,143,0.11550765484571457,-0.0040398407727479935,0.032381728291511536,0.11550765484571457,-0.0040398407727479935,0.032381728291511536,0.11550765484571457,-0.0040398407727479935,0.032381728291511536,0.11550765484571457,-0.0040398407727479935,0.032381728291511536,0.11550765484571457,-0.0040398407727479935,0.032381728291511536
R1136_144,A,144,0.10931715369224548,-0.008418593555688858,0.022238044068217278,0.10931715369224548,-0.008418593555688858,0.022238044068217278,0.10931715369224548,-0.008418593555688858,0.022238044068217278,0.10931715369224548,-0.008418593555688858,0.022238044068217278,0.10931715369224548,-0.008418593555688858,0.022238044068217278
R1136_145,G,145,0.1024506539106369,0.05668746680021286,0.004878532141447067,0.1024506539106369,0.05668746680021286,0.004878532141447067,0.1024506539106369,0.05668746680021286,0.004878532141447067,0.1024506539106369,0.05668746680021286,0.004878532141447067,0.1024506539106369,0.05668746680021286,0.004878532141447067
R1136_146,U,146,0.09880343079566956,0.0833224207162857,0.00704161636531353,0.09880343079566956,0.0833224207162857,0.00704161636531353,0.09880343079566956,0.0833224207162857,0.00704161636531353,0.09880343079566956,0.0833224207162857,0.00704161636531353,0.09880343079566956,0.0833224207162857,0.00704161636531353
R1136_147,A,147,0.13923083245754242,0.027001891285181046,-0.004612589254975319,0.13923083245754242,0.027001891285181046,-0.004612589254975319,0.13923083245754242,0.027001891285181046,-0.004612589254975319,0.13923083245754242,0.027001891285181046,-0.004612589254975319,0.13923083245754242,0.027001891285181046,-0.004612589254975319
R1136_148,U,148,0.10722331702709198,0.050600565969944,0.005788445472717285,0.10722331702709198,0.050600565969944,0.005788445472717285,0.10722331702709198,0.050600565969944,0.005788445472717285,0.10722331702709198,0.050600565969944,0.005788445472717285,0.10722331702709198,0.050600565969944,0.005788445472717285
R1136_149,G,149,0.11889254301786423,-0.0014515314251184464,0.008860429748892784,0.11889254301786423,-0.0014515314251184464,0.008860429748892784,0.11889254301786423,-0.0014515314251184464,0.008860429748892784,0.11889254301786423,-0.0014515314251184464,0.008860429748892784,0.11889254301786423,-0.0014515314251184464,0.008860429748892784
R1136_150,G,150,0.11108376830816269,-0.0014027971774339676,0.008149860426783562,0.11108376830816269,-0.0014027971774339676,0.008149860426783562,0.11108376830816269,-0.0014027971774339676,0.008149860426783562,0.11108376830816269,-0.0014027971774339676,0.008149860426783562,0.11108376830816269,-0.0014027971774339676,0.008149860426783562
R1136_151,A,151,0.09090031683444977,-0.008836723864078522,0.005701620131731033,0.09090031683444977,-0.008836723864078522,0.005701620131731033,0.09090031683444977,-0.008836723864078522,0.005701620131731033,0.09090031683444977,-0.008836723864078522,0.005701620131731033,0.09090031683444977,-0.008836723864078522,0.005701620131731033
R1136_152,C,152,0.1015622615814209,0.0721629187464714,-0.020938631147146225,0.1015622615814209,0.0721629187464714,-0.020938631147146225,0.1015622615814209,0.0721629187464714,-0.020938631147146225,0.1015622615814209,0.0721629187464714,-0.020938631147146225,0.1015622615814209,0.0721629187464714,-0.020938631147146225
R1136_153,U,153,0.08613760769367218,0.08278654515743256,0.00858919508755207,0.08613760769367218,0.08278654515743256,0.00858919508755207,0.08613760769367218,0.08278654515743256,0.00858919508755207,0.08613760769367218,0.08278654515743256,0.00858919508755207,0.08613760769367218,0.08278654515743256,0.00858919508755207
R1136_154,G,154,0.08249389380216599,0.06598187983036041,0.006799200549721718,0.08249389380216599,0.06598187983036041,0.006799200549721718,0.08249389380216599,0.06598187983036041,0.006799200549721718,0.08249389380216599,0.06598187983036041,0.006799200549721718,0.08249389380216599,0.06598187983036041,0.006799200549721718
R1136_155,G,155,0.07522758841514587,0.04685652256011963,0.016269026324152946,0.07522758841514587,0.04685652256011963,0.016269026324152946,0.07522758841514587,0.04685652256011963,0.016269026324152946,0.07522758841514587,0.04685652256011963,0.016269026324152946,0.07522758841514587,0.04685652256011963,0.016269026324152946
R1136_156,U,156,0.0694674625992775,0.04916628077626228,0.016190180554986,0.0694674625992775,0.04916628077626228,0.016190180554986,0.0694674625992775,0.04916628077626228,0.016190180554986,0.0694674625992775,0.04916628077626228,0.016190180554986,0.0694674625992775,0.04916628077626228,0.016190180554986
R1136_157,U,157,0.06545186787843704,0.06588263064622879,0.013054022565484047,0.06545186787843704,0.06588263064622879,0.013054022565484047,0.06545186787843704,0.06588263064622879,0.013054022565484047,0.06545186787843704,0.06588263064622879,0.013054022565484047,0.06545186787843704,0.06588263064622879,0.013054022565484047
R1136_158,G,158,0.05675709620118141,0.0978875383734703,0.0036670491099357605,0.05675709620118141,0.0978875383734703,0.0036670491099357605,0.05675709620118141,0.0978875383734703,0.0036670491099357605,0.05675709620118141,0.0978875383734703,0.0036670491099357605,0.05675709620118141,0.0978875383734703,0.0036670491099357605
R1136_159,C,159,0.043425705283880234,0.134942889213562,-0.004585506394505501,0.043425705283880234,0.134942889213562,-0.004585506394505501,0.043425705283880234,0.134942889213562,-0.004585506394505501,0.043425705283880234,0.134942889213562,-0.004585506394505501,0.043425705283880234,0.134942889213562,-0.004585506394505501
R1136_160,G,160,0.048436377197504044,0.11628520488739014,0.00991777889430523,0.048436377197504044,0.11628520488739014,0.00991777889430523,0.048436377197504044,0.11628520488739014,0.00991777889430523,0.048436377197504044,0.11628520488739014,0.00991777889430523,0.048436377197504044,0.11628520488739014,0.00991777889430523
R1136_161,U,161,0.05559610575437546,0.09132106602191925,0.01558917947113514,0.05559610575437546,0.09132106602191925,0.01558917947113514,0.05559610575437546,0.09132106602191925,0.01558917947113514,0.05559610575437546,0.09132106602191925,0.01558917947113514,0.05559610575437546,0.09132106602191925,0.01558917947113514
R1136_162,U,162,0.05805292725563049,0.07772219926118851,0.009928504005074501,0.05805292725563049,0.07772219926118851,0.009928504005074501,0.05805292725563049,0.07772219926118851,0.009928504005074501,0.05805292725563049,0.07772219926118851,0.009928504005074501,0.05805292725563049,0.07772219926118851,0.009928504005074501
R1136_163,G,163,0.056107718497514725,0.0726429894566536,-0.001702951267361641,0.056107718497514725,0.0726429894566536,-0.001702951267361641,0.056107718497514725,0.0726429894566536,-0.001702951267361641,0.056107718497514725,0.0726429894566536,-0.001702951267361641,0.056107718497514725,0.0726429894566536,-0.001702951267361641
R1136_164,G,164,0.055729202926158905,0.09610946476459503,0.0008694268763065338,0.055729202926158905,0.09610946476459503,0.0008694268763065338,0.055729202926158905,0.09610946476459503,0.0008694268763065338,0.055729202926158905,0.09610946476459503,0.0008694268763065338,0.055729202926158905,0.09610946476459503,0.0008694268763065338
R1136_165,U,165,0.05982924997806549,0.11338017880916595,0.008067993447184563,0.05982924997806549,0.11338017880916595,0.008067993447184563,0.05982924997806549,0.11338017880916595,0.008067993447184563,0.05982924997806549,0.11338017880916595,0.008067993447184563,0.05982924997806549,0.11338017880916595,0.008067993447184563
R1136_166,G,166,0.06325283646583557,0.10383179783821106,-0.0020614471286535263,0.06325283646583557,0.10383179783821106,-0.0020614471286535263,0.06325283646583557,0.10383179783821106,-0.0020614471286535263,0.06325283646583557,0.10383179783821106,-0.0020614471286535263,0.06325283646583557,0.10383179783821106,-0.0020614471286535263
R1136_167,G,167,0.06713104248046875,0.06538670510053635,0.00021958723664283752,0.06713104248046875,0.06538670510053635,0.00021958723664283752,0.06713104248046875,0.06538670510053635,0.00021958723664283752,0.06713104248046875,0.06538670510053635,0.00021958723664283752,0.06713104248046875,0.06538670510053635,0.00021958723664283752
R1136_168,A,168,0.055447131395339966,-0.038834065198898315,0.02775045670568943,0.055447131395339966,-0.038834065198898315,0.02775045670568943,0.055447131395339966,-0.038834065198898315,0.02775045670568943,0.055447131395339966,-0.038834065198898315,0.02775045670568943,0.055447131395339966,-0.038834065198898315,0.02775045670568943
R1136_169,G,169,0.06499865651130676,0.0323689803481102,0.0025452151894569397,0.06499865651130676,0.0323689803481102,0.0025452151894569397,0.06499865651130676,0.0323689803481102,0.0025452151894569397,0.06499865651130676,0.0323689803481102,0.0025452151894569397,0.06499865651130676,0.0323689803481102,0.0025452151894569397
R1136_170,A,170,0.02795308083295822,-0.00704040564596653,0.00559392012655735,0.02795308083295822,-0.00704040564596653,0.00559392012655735,0.02795308083295822,-0.00704040564596653,0.00559392012655735,0.02795308083295822,-0.00704040564596653,0.00559392012655735,0.02795308083295822,-0.00704040564596653,0.00559392012655735
R1136_171,C,171,0.045733314007520676,0.08714514225721359,-0.00404585525393486,0.045733314007520676,0.08714514225721359,-0.00404585525393486,0.045733314007520676,0.08714514225721359,-0.00404585525393486,0.045733314007520676,0.08714514225721359,-0.00404585525393486,0.045733314007520676,0.08714514225721359,-0.00404585525393486
R1136_172,G,172,0.0471121184527874,0.09606365859508514,0.007916232571005821,0.0471121184527874,0.09606365859508514,0.007916232571005821,0.0471121184527874,0.09606365859508514,0.007916232571005821,0.0471121184527874,0.09606365859508514,0.007916232571005821,0.0471121184527874,0.09606365859508514,0.007916232571005821
R1136_173,G,173,0.04423703998327255,0.07402195036411285,0.018263982608914375,0.04423703998327255,0.07402195036411285,0.018263982608914375,0.04423703998327255,0.07402195036411285,0.018263982608914375,0.04423703998327255,0.07402195036411285,0.018263982608914375,0.04423703998327255,0.07402195036411285,0.018263982608914375
R1136_174,U,174,0.04595732316374779,0.05927054584026337,0.024109872058033943,0.04595732316374779,0.05927054584026337,0.024109872058033943,0.04595732316374779,0.05927054584026337,0.024109872058033943,0.04595732316374779,0.05927054584026337,0.024109872058033943,0.04595732316374779,0.05927054584026337,0.024109872058033943
R1136_175,C,175,0.01674824394285679,0.016597526147961617,0.045139528810977936,0.01674824394285679,0.016597526147961617,0.045139528810977936,0.01674824394285679,0.016597526147961617,0.045139528810977936,0.01674824394285679,0.016597526147961617,0.045139528810977936,0.01674824394285679,0.016597526147961617,0.045139528810977936
R1136_176,G,176,0.03267785534262657,0.048392944037914276,0.030370453372597694,0.03267785534262657,0.048392944037914276,0.030370453372597694,0.03267785534262657,0.048392944037914276,0.030370453372597694,0.03267785534262657,0.048392944037914276,0.030370453372597694,0.03267785534262657,0.048392944037914276,0.030370453372597694
R1136_177,G,177,0.031124187633395195,0.08323808014392853,0.029537824913859367,0.031124187633395195,0.08323808014392853,0.029537824913859367,0.031124187633395195,0.08323808014392853,0.029537824913859367,0.031124187633395195,0.08323808014392853,0.029537824913859367,0.031124187633395195,0.08323808014392853,0.029537824913859367
R1136_178,G,178,0.027174949645996094,0.10835492610931396,0.029334193095564842,0.027174949645996094,0.10835492610931396,0.029334193095564842,0.027174949645996094,0.10835492610931396,0.029334193095564842,0.027174949645996094,0.10835492610931396,0.029334193095564842,0.027174949645996094,0.10835492610931396,0.029334193095564842
R1136_179,U,179,0.034481849521398544,0.10714785009622574,0.030575143173336983,0.034481849521398544,0.10714785009622574,0.030575143173336983,0.034481849521398544,0.10714785009622574,0.030575143173336983,0.034481849521398544,0.10714785009622574,0.030575143173336983,0.034481849521398544,0.10714785009622574,0.030575143173336983
R1136_180,C,180,0.023445503786206245,0.06987166404724121,0.045897476375103,0.023445503786206245,0.06987166404724121,0.045897476375103,0.023445503786206245,0.06987166404724121,0.045897476375103,0.023445503786206245,0.06987166404724121,0.045897476375103,0.023445503786206245,0.06987166404724121,0.045897476375103
R1136_181,C,181,0.019465161487460136,0.04917345196008682,0.03131316602230072,0.019465161487460136,0.04917345196008682,0.03131316602230072,0.019465161487460136,0.04917345196008682,0.03131316602230072,0.019465161487460136,0.04917345196008682,0.03131316602230072,0.019465161487460136,0.04917345196008682,0.03131316602230072
R1136_182,A,182,-0.000609035138040781,0.025174513459205627,0.048646196722984314,-0.000609035138040781,0.025174513459205627,0.048646196722984314,-0.000609035138040781,0.025174513459205627,0.048646196722984314,-0.000609035138040781,0.025174513459205627,0.048646196722984314,-0.000609035138040781,0.025174513459205627,0.048646196722984314
R1136_183,G,183,0.04625396803021431,0.08457919955253601,0.025431053712964058,0.04625396803021431,0.08457919955253601,0.025431053712964058,0.04625396803021431,0.08457919955253601,0.025431053712964058,0.04625396803021431,0.08457919955253601,0.025431053712964058,0.04625396803021431,0.08457919955253601,0.025431053712964058
R1136_184,U,184,0.055030349642038345,0.10348503291606903,0.025210464373230934,0.055030349642038345,0.10348503291606903,0.025210464373230934,0.055030349642038345,0.10348503291606903,0.025210464373230934,0.055030349642038345,0.10348503291606903,0.025210464373230934,0.055030349642038345,0.10348503291606903,0.025210464373230934
R1136_185,U,185,0.05840594321489334,0.09304657578468323,0.02682274766266346,0.05840594321489334,0.09304657578468323,0.02682274766266346,0.05840594321489334,0.09304657578468323,0.02682274766266346,0.05840594321489334,0.09304657578468323,0.02682274766266346,0.05840594321489334,0.09304657578468323,0.02682274766266346
R1136_186,C,186,0.0740007609128952,0.025322889909148216,0.03139512240886688,0.0740007609128952,0.025322889909148216,0.03139512240886688,0.0740007609128952,0.025322889909148216,0.03139512240886688,0.0740007609128952,0.025322889909148216,0.03139512240886688,0.0740007609128952,0.025322889909148216,0.03139512240886688
R1136_187,G,187,0.07449060678482056,0.012755045667290688,0.027795901522040367,0.07449060678482056,0.012755045667290688,0.027795901522040367,0.07449060678482056,0.012755045667290688,0.027795901522040367,0.07449060678482056,0.012755045667290688,0.027795901522040367,0.07449060678482056,0.012755045667290688,0.027795901522040367
R1136_188,C,188,0.07932630926370621,-0.014715207740664482,0.040050894021987915,0.07932630926370621,-0.014715207740664482,0.040050894021987915,0.07932630926370621,-0.014715207740664482,0.040050894021987915,0.07932630926370621,-0.014715207740664482,0.040050894021987915,0.07932630926370621,-0.014715207740664482,0.040050894021987915
R1136_189,U,189,0.07587824761867523,0.0458516851067543,0.0317540168762207,0.07587824761867523,0.0458516851067543,0.0317540168762207,0.07587824761867523,0.0458516851067543,0.0317540168762207,0.07587824761867523,0.0458516851067543,0.0317540168762207,0.07587824761867523,0.0458516851067543,0.0317540168762207
R1136_190,G,190,0.07410181313753128,0.06351970881223679,0.029546843841671944,0.07410181313753128,0.06351970881223679,0.029546843841671944,0.07410181313753128,0.06351970881223679,0.029546843841671944,0.07410181313753128,0.06351970881223679,0.029546843841671944,0.07410181313753128,0.06351970881223679,0.029546843841671944
R1136_191,U,191,0.07104914635419846,0.06802892684936523,0.0363609716296196,0.07104914635419846,0.06802892684936523,0.0363609716296196,0.07104914635419846,0.06802892684936523,0.0363609716296196,0.07104914635419846,0.06802892684936523,0.0363609716296196,0.07104914635419846,0.06802892684936523,0.0363609716296196
R1136_192,C,192,0.07218798249959946,0.02425668202340603,0.054974064230918884,0.07218798249959946,0.02425668202340603,0.054974064230918884,0.07218798249959946,0.02425668202340603,0.054974064230918884,0.07218798249959946,0.02425668202340603,0.054974064230918884,0.07218798249959946,0.02425668202340603,0.054974064230918884
R1136_193,G,193,0.06398314237594604,0.016824765130877495,0.05579691380262375,0.06398314237594604,0.016824765130877495,0.05579691380262375,0.06398314237594604,0.016824765130877495,0.05579691380262375,0.06398314237594604,0.016824765130877495,0.05579691380262375,0.06398314237594604,0.016824765130877495,0.05579691380262375
R1136_194,A,194,0.028721051290631294,-0.055921368300914764,0.1527472287416458,0.028721051290631294,-0.055921368300914764,0.1527472287416458,0.028721051290631294,-0.055921368300914764,0.1527472287416458,0.028721051290631294,-0.055921368300914764,0.1527472287416458,0.028721051290631294,-0.055921368300914764,0.1527472287416458
R1136_195,G,195,0.06032682582736015,0.04061148315668106,0.04411066323518753,0.06032682582736015,0.04061148315668106,0.04411066323518753,0.06032682582736015,0.04061148315668106,0.04411066323518753,0.06032682582736015,0.04061148315668106,0.04411066323518753,0.06032682582736015,0.04061148315668106,0.04411066323518753
R1136_196,U,196,0.0636013001203537,0.07278688251972198,0.042586229741573334,0.0636013001203537,0.07278688251972198,0.042586229741573334,0.0636013001203537,0.07278688251972198,0.042586229741573334,0.0636013001203537,0.07278688251972198,0.042586229741573334,0.0636013001203537,0.07278688251972198,0.042586229741573334
R1136_197,A,197,0.04347910359501839,0.09097106009721756,0.0835975855588913,0.04347910359501839,0.09097106009721756,0.0835975855588913,0.04347910359501839,0.09097106009721756,0.0835975855588913,0.04347910359501839,0.09097106009721756,0.0835975855588913,0.04347910359501839,0.09097106009721756,0.0835975855588913
R1136_198,G,198,0.053844600915908813,0.07463178783655167,0.05487263947725296,0.053844600915908813,0.07463178783655167,0.05487263947725296,0.053844600915908813,0.07463178783655167,0.05487263947725296,0.053844600915908813,0.07463178783655167,0.05487263947725296,0.053844600915908813,0.07463178783655167,0.05487263947725296
R1136_199,A,199,0.048648152500391006,0.015544558875262737,0.1377144604921341,0.048648152500391006,0.015544558875262737,0.1377144604921341,0.048648152500391006,0.015544558875262737,0.1377144604921341,0.048648152500391006,0.015544558875262737,0.1377144604921341,0.048648152500391006,0.015544558875262737,0.1377144604921341
R1136_200,G,200,0.06366704404354095,0.02486790157854557,0.052664563059806824,0.06366704404354095,0.02486790157854557,0.052664563059806824,0.06366704404354095,0.02486790157854557,0.052664563059806824,0.06366704404354095,0.02486790157854557,0.052664563059806824,0.06366704404354095,0.02486790157854557,0.052664563059806824
R1136_201,U,201,0.07079852372407913,0.04529184103012085,0.04559687525033951,0.07079852372407913,0.04529184103012085,0.04559687525033951,0.07079852372407913,0.04529184103012085,0.04559687525033951,0.07079852372407913,0.04529184103012085,0.04559687525033951,0.07079852372407913,0.04529184103012085,0.04559687525033951
R1136_202,G,202,0.0752672627568245,0.06234028935432434,0.04297976940870285,0.0752672627568245,0.06234028935432434,0.04297976940870285,0.0752672627568245,0.06234028935432434,0.04297976940870285,0.0752672627568245,0.06234028935432434,0.04297976940870285,0.0752672627568245,0.06234028935432434,0.04297976940870285
R1136_203,U,203,0.0778476893901825,0.08611966669559479,0.03994479775428772,0.0778476893901825,0.08611966669559479,0.03994479775428772,0.0778476893901825,0.08611966669559479,0.03994479775428772,0.0778476893901825,0.08611966669559479,0.03994479775428772,0.0778476893901825,0.08611966669559479,0.03994479775428772
R1136_204,G,204,0.08880390226840973,0.07243718951940536,0.037737004458904266,0.08880390226840973,0.07243718951940536,0.037737004458904266,0.08880390226840973,0.07243718951940536,0.037737004458904266,0.08880390226840973,0.07243718951940536,0.037737004458904266,0.08880390226840973,0.07243718951940536,0.037737004458904266
R1136_205,G,205,0.10059843212366104,0.029039820656180382,0.043498627841472626,0.10059843212366104,0.029039820656180382,0.043498627841472626,0.10059843212366104,0.029039820656180382,0.043498627841472626,0.10059843212366104,0.029039820656180382,0.043498627841472626,0.10059843212366104,0.029039820656180382,0.043498627841472626
R1136_206,G,206,0.10833289474248886,-0.002774028107523918,0.0464644655585289,0.10833289474248886,-0.002774028107523918,0.0464644655585289,0.10833289474248886,-0.002774028107523918,0.0464644655585289,0.10833289474248886,-0.002774028107523918,0.0464644655585289,0.10833289474248886,-0.002774028107523918,0.0464644655585289
R1136_207,C,207,0.11978793889284134,-0.03750130534172058,0.05606270581483841,0.11978793889284134,-0.03750130534172058,0.05606270581483841,0.11978793889284134,-0.03750130534172058,0.05606270581483841,0.11978793889284134,-0.03750130534172058,0.05606270581483841,0.11978793889284134,-0.03750130534172058,0.05606270581483841
R1136_208,U,208,0.09701583534479141,0.04348647594451904,0.035067617893218994,0.09701583534479141,0.04348647594451904,0.035067617893218994,0.09701583534479141,0.04348647594451904,0.035067617893218994,0.09701583534479141,0.04348647594451904,0.035067617893218994,0.09701583534479141,0.04348647594451904,0.035067617893218994
R1136_209,C,209,0.11639393866062164,0.053225092589855194,0.03389820456504822,0.11639393866062164,0.053225092589855194,0.03389820456504822,0.11639393866062164,0.053225092589855194,0.03389820456504822,0.11639393866062164,0.053225092589855194,0.03389820456504822,0.11639393866062164,0.053225092589855194,0.03389820456504822
R1136_210,C,210,0.10132458060979843,0.05151858925819397,0.043392524123191833,0.10132458060979843,0.05151858925819397,0.043392524123191833,0.10132458060979843,0.05151858925819397,0.043392524123191833,0.10132458060979843,0.05151858925819397,0.043392524123191833,0.10132458060979843,0.05151858925819397,0.043392524123191833
R1136_211,A,211,0.08700738102197647,-0.0033436082303524017,0.1506190448999405,0.08700738102197647,-0.0033436082303524017,0.1506190448999405,0.08700738102197647,-0.0033436082303524017,0.1506190448999405,0.08700738102197647,-0.0033436082303524017,0.1506190448999405,0.08700738102197647,-0.0033436082303524017,0.1506190448999405
R1136_212,U,212,0.09046637266874313,0.019745880737900734,0.04656851291656494,0.09046637266874313,0.019745880737900734,0.04656851291656494,0.09046637266874313,0.019745880737900734,0.04656851291656494,0.09046637266874313,0.019745880737900734,0.04656851291656494,0.09046637266874313,0.019745880737900734,0.04656851291656494
R1136_213,C,213,0.08031191676855087,-0.01838875748217106,0.06809549033641815,0.08031191676855087,-0.01838875748217106,0.06809549033641815,0.08031191676855087,-0.01838875748217106,0.06809549033641815,0.08031191676855087,-0.01838875748217106,0.06809549033641815,0.08031191676855087,-0.01838875748217106,0.06809549033641815
R1136_214,G,214,0.08137334883213043,0.04483265429735184,0.032834120094776154,0.08137334883213043,0.04483265429735184,0.032834120094776154,0.08137334883213043,0.04483265429735184,0.032834120094776154,0.08137334883213043,0.04483265429735184,0.032834120094776154,0.08137334883213043,0.04483265429735184,0.032834120094776154
R1136_215,A,215,0.023574458435177803,0.07154107838869095,0.07639086991548538,0.023574458435177803,0.07154107838869095,0.07639086991548538,0.023574458435177803,0.07154107838869095,0.07639086991548538,0.023574458435177803,0.07154107838869095,0.07639086991548538,0.023574458435177803,0.07154107838869095,0.07639086991548538
R1136_216,C,216,0.04945497587323189,0.10626024007797241,0.048388026654720306,0.04945497587323189,0.10626024007797241,0.048388026654720306,0.04945497587323189,0.10626024007797241,0.048388026654720306,0.04945497587323189,0.10626024007797241,0.048388026654720306,0.04945497587323189,0.10626024007797241,0.048388026654720306
R1136_217,G,217,0.05432072654366493,0.08638376742601395,0.048173144459724426,0.05432072654366493,0.08638376742601395,0.048173144459724426,0.05432072654366493,0.08638376742601395,0.048173144459724426,0.05432072654366493,0.08638376742601395,0.048173144459724426,0.05432072654366493,0.08638376742601395,0.048173144459724426
R1136_218,C,218,0.044756293296813965,0.03990782052278519,0.0739860087633133,0.044756293296813965,0.03990782052278519,0.0739860087633133,0.044756293296813965,0.03990782052278519,0.0739860087633133,0.044756293296813965,0.03990782052278519,0.0739860087633133,0.044756293296813965,0.03990782052278519,0.0739860087633133
R1136_219,C,219,0.04975295439362526,0.027714921161532402,0.05734807997941971,0.04975295439362526,0.027714921161532402,0.05734807997941971,0.04975295439362526,0.027714921161532402,0.05734807997941971,0.04975295439362526,0.027714921161532402,0.05734807997941971,0.04975295439362526,0.027714921161532402,0.05734807997941971
R1136_220,G,220,0.058377545326948166,0.07024769484996796,0.03630609065294266,0.058377545326948166,0.07024769484996796,0.03630609065294266,0.058377545326948166,0.07024769484996796,0.03630609065294266,0.058377545326948166,0.07024769484996796,0.03630609065294266,0.058377545326948166,0.07024769484996796,0.03630609065294266
R1136_221,C,221,0.05298689380288124,0.10678207129240036,0.03278633952140808,0.05298689380288124,0.10678207129240036,0.03278633952140808,0.05298689380288124,0.10678207129240036,0.03278633952140808,0.05298689380288124,0.10678207129240036,0.03278633952140808,0.05298689380288124,0.10678207129240036,0.03278633952140808
R1136_222,U,222,0.06089599430561066,0.11941008269786835,0.036356568336486816,0.06089599430561066,0.11941008269786835,0.036356568336486816,0.06089599430561066,0.11941008269786835,0.036356568336486816,0.06089599430561066,0.11941008269786835,0.036356568336486816,0.06089599430561066,0.11941008269786835,0.036356568336486816
R1136_223,U,223,0.06686875224113464,0.10834779590368271,0.036142900586128235,0.06686875224113464,0.10834779590368271,0.036142900586128235,0.06686875224113464,0.10834779590368271,0.036142900586128235,0.06686875224113464,0.10834779590368271,0.036142900586128235,0.06686875224113464,0.10834779590368271,0.036142900586128235
R1136_224,U,224,0.07690774649381638,0.0761733427643776,0.034507088363170624,0.07690774649381638,0.0761733427643776,0.034507088363170624,0.07690774649381638,0.0761733427643776,0.034507088363170624,0.07690774649381638,0.0761733427643776,0.034507088363170624,0.07690774649381638,0.0761733427643776,0.034507088363170624
R1136_225,A,225,0.10084228962659836,0.018454689532518387,0.062158480286598206,0.10084228962659836,0.018454689532518387,0.062158480286598206,0.10084228962659836,0.018454689532518387,0.062158480286598206,0.10084228962659836,0.018454689532518387,0.062158480286598206,0.10084228962659836,0.018454689532518387,0.062158480286598206
R1136_226,A,226,0.09148207306861877,0.017231998965144157,0.03989073634147644,0.09148207306861877,0.017231998965144157,0.03989073634147644,0.09148207306861877,0.017231998965144157,0.03989073634147644,0.09148207306861877,0.017231998965144157,0.03989073634147644,0.09148207306861877,0.017231998965144157,0.03989073634147644
R1136_227,G,227,0.08281812816858292,0.08031469583511353,0.02729872427880764,0.08281812816858292,0.08031469583511353,0.02729872427880764,0.08281812816858292,0.08031469583511353,0.02729872427880764,0.08281812816858292,0.08031469583511353,0.02729872427880764,0.08281812816858292,0.08031469583511353,0.02729872427880764
R1136_228,G,228,0.07881498336791992,0.10932603478431702,0.026320824399590492,0.07881498336791992,0.10932603478431702,0.026320824399590492,0.07881498336791992,0.10932603478431702,0.026320824399590492,0.07881498336791992,0.10932603478431702,0.026320824399590492,0.07881498336791992,0.10932603478431702,0.026320824399590492
R1136_229,U,229,0.07536622881889343,0.09517904371023178,0.03207311034202576,0.07536622881889343,0.09517904371023178,0.03207311034202576,0.07536622881889343,0.09517904371023178,0.03207311034202576,0.07536622881889343,0.09517904371023178,0.03207311034202576,0.07536622881889343,0.09517904371023178,0.03207311034202576
R1136_230,C,230,0.0685565248131752,0.04707193374633789,0.06660955399274826,0.0685565248131752,0.04707193374633789,0.06660955399274826,0.0685565248131752,0.04707193374633789,0.06660955399274826,0.0685565248131752,0.04707193374633789,0.06660955399274826,0.0685565248131752,0.04707193374633789,0.06660955399274826
R1136_231,C,231,0.06667876243591309,0.0019707102328538895,0.07116519659757614,0.06667876243591309,0.0019707102328538895,0.07116519659757614,0.06667876243591309,0.0019707102328538895,0.07116519659757614,0.06667876243591309,0.0019707102328538895,0.07116519659757614,0.06667876243591309,0.0019707102328538895,0.07116519659757614
R1136_232,C,232,0.05552054941654205,0.010488706640899181,0.051563382148742676,0.05552054941654205,0.010488706640899181,0.051563382148742676,0.05552054941654205,0.010488706640899181,0.051563382148742676,0.05552054941654205,0.010488706640899181,0.051563382148742676,0.05552054941654205,0.010488706640899181,0.051563382148742676
R1136_233,C,233,0.04686563462018967,0.054552629590034485,0.04796235263347626,0.04686563462018967,0.054552629590034485,0.04796235263347626,0.04686563462018967,0.054552629590034485,0.04796235263347626,0.04686563462018967,0.054552629590034485,0.04796235263347626,0.04686563462018967,0.054552629590034485,0.04796235263347626
R1136_234,A,234,-0.015412773936986923,0.03678750991821289,0.11899217218160629,-0.015412773936986923,0.03678750991821289,0.11899217218160629,-0.015412773936986923,0.03678750991821289,0.11899217218160629,-0.015412773936986923,0.03678750991821289,0.11899217218160629,-0.015412773936986923,0.03678750991821289,0.11899217218160629
R1136_235,A,235,-0.019654398784041405,0.061847783625125885,0.12674620747566223,-0.019654398784041405,0.061847783625125885,0.12674620747566223,-0.019654398784041405,0.061847783625125885,0.12674620747566223,-0.019654398784041405,0.061847783625125885,0.12674620747566223,-0.019654398784041405,0.061847783625125885,0.12674620747566223
R1136_236,U,236,0.045537400990724564,0.09919440001249313,0.041353434324264526,0.045537400990724564,0.09919440001249313,0.041353434324264526,0.045537400990724564,0.09919440001249313,0.041353434324264526,0.045537400990724564,0.09919440001249313,0.041353434324264526,0.045537400990724564,0.09919440001249313,0.041353434324264526
R1136_237,C,237,0.025605065748095512,0.04673830047249794,0.08183938264846802,0.025605065748095512,0.04673830047249794,0.08183938264846802,0.025605065748095512,0.04673830047249794,0.08183938264846802,0.025605065748095512,0.04673830047249794,0.08183938264846802,0.025605065748095512,0.04673830047249794,0.08183938264846802
R1136_238,G,238,0.03749532625079155,0.060417890548706055,0.0547114834189415,0.03749532625079155,0.060417890548706055,0.0547114834189415,0.03749532625079155,0.060417890548706055,0.0547114834189415,0.03749532625079155,0.060417890548706055,0.0547114834189415,0.03749532625079155,0.060417890548706055,0.0547114834189415
R1136_239,U,239,0.04443773627281189,0.08559009432792664,0.049684666097164154,0.04443773627281189,0.08559009432792664,0.049684666097164154,0.04443773627281189,0.08559009432792664,0.049684666097164154,0.04443773627281189,0.08559009432792664,0.049684666097164154,0.04443773627281189,0.08559009432792664,0.049684666097164154
R1136_240,G,240,0.04029769077897072,0.10962457954883575,0.05505182594060898,0.04029769077897072,0.10962457954883575,0.05505182594060898,0.04029769077897072,0.10962457954883575,0.05505182594060898,0.04029769077897072,0.10962457954883575,0.05505182594060898,0.04029769077897072,0.10962457954883575,0.05505182594060898
R1136_241,G,241,0.04753076657652855,0.1308189332485199,0.050156258046627045,0.04753076657652855,0.1308189332485199,0.050156258046627045,0.04753076657652855,0.1308189332485199,0.050156258046627045,0.04753076657652855,0.1308189332485199,0.050156258046627045,0.04753076657652855,0.1308189332485199,0.050156258046627045
R1136_242,C,242,0.05872146785259247,0.1078837439417839,0.07512380927801132,0.05872146785259247,0.1078837439417839,0.07512380927801132,0.05872146785259247,0.1078837439417839,0.07512380927801132,0.05872146785259247,0.1078837439417839,0.07512380927801132,0.05872146785259247,0.1078837439417839,0.07512380927801132
R1136_243,G,243,0.07098981738090515,0.07862528413534164,0.04962623864412308,0.07098981738090515,0.07862528413534164,0.04962623864412308,0.07098981738090515,0.07862528413534164,0.04962623864412308,0.07098981738090515,0.07862528413534164,0.04962623864412308,0.07098981738090515,0.07862528413534164,0.04962623864412308
R1136_244,U,244,0.07431049644947052,0.06769295781850815,0.04341438412666321,0.07431049644947052,0.06769295781850815,0.04341438412666321,0.07431049644947052,0.06769295781850815,0.04341438412666321,0.07431049644947052,0.06769295781850815,0.04341438412666321,0.07431049644947052,0.06769295781850815,0.04341438412666321
R1136_245,G,245,0.07988319545984268,0.0633547380566597,0.04516012966632843,0.07988319545984268,0.0633547380566597,0.04516012966632843,0.07988319545984268,0.0633547380566597,0.04516012966632843,0.07988319545984268,0.0633547380566597,0.04516012966632843,0.07988319545984268,0.0633547380566597,0.04516012966632843
R1136_246,U,246,0.08149433135986328,0.08822764456272125,0.03788166493177414,0.08149433135986328,0.08822764456272125,0.03788166493177414,0.08149433135986328,0.08822764456272125,0.03788166493177414,0.08149433135986328,0.08822764456272125,0.03788166493177414,0.08149433135986328,0.08822764456272125,0.03788166493177414
R1136_247,C,247,0.11149127036333084,0.11223702877759933,0.037020325660705566,0.11149127036333084,0.11223702877759933,0.037020325660705566,0.11149127036333084,0.11223702877759933,0.037020325660705566,0.11149127036333084,0.11223702877759933,0.037020325660705566,0.11149127036333084,0.11223702877759933,0.037020325660705566
R1136_248,G,248,0.09945168346166611,0.094358429312706,0.03583650290966034,0.09945168346166611,0.094358429312706,0.03583650290966034,0.09945168346166611,0.094358429312706,0.03583650290966034,0.09945168346166611,0.094358429312706,0.03583650290966034,0.09945168346166611,0.094358429312706,0.03583650290966034
R1136_249,G,249,0.10920365154743195,0.05105007439851761,0.04176243394613266,0.10920365154743195,0.05105007439851761,0.04176243394613266,0.10920365154743195,0.05105007439851761,0.04176243394613266,0.10920365154743195,0.05105007439851761,0.04176243394613266,0.10920365154743195,0.05105007439851761,0.04176243394613266
R1136_250,C,250,0.12017719447612762,-0.01288982667028904,0.08630982786417007,0.12017719447612762,-0.01288982667028904,0.08630982786417007,0.12017719447612762,-0.01288982667028904,0.08630982786417007,0.12017719447612762,-0.01288982667028904,0.08630982786417007,0.12017719447612762,-0.01288982667028904,0.08630982786417007
R1136_251,C,251,0.11359428614377975,-0.010373929515480995,0.07096454501152039,0.11359428614377975,-0.010373929515480995,0.07096454501152039,0.11359428614377975,-0.010373929515480995,0.07096454501152039,0.11359428614377975,-0.010373929515480995,0.07096454501152039,0.11359428614377975,-0.010373929515480995,0.07096454501152039
R1136_252,U,252,0.09210377931594849,0.06696007400751114,0.03611301630735397,0.09210377931594849,0.06696007400751114,0.03611301630735397,0.09210377931594849,0.06696007400751114,0.03611301630735397,0.09210377931594849,0.06696007400751114,0.03611301630735397,0.09210377931594849,0.06696007400751114,0.03611301630735397
R1136_253,G,253,0.09671740978956223,0.09704013913869858,0.03414025902748108,0.09671740978956223,0.09704013913869858,0.03414025902748108,0.09671740978956223,0.09704013913869858,0.03414025902748108,0.09671740978956223,0.09704013913869858,0.03414025902748108,0.09671740978956223,0.09704013913869858,0.03414025902748108
R1136_254,C,254,0.1159735769033432,0.0959567278623581,0.050028495490550995,0.1159735769033432,0.0959567278623581,0.050028495490550995,0.1159735769033432,0.0959567278623581,0.050028495490550995,0.1159735769033432,0.0959567278623581,0.050028495490550995,0.1159735769033432,0.0959567278623581,0.050028495490550995
R1136_255,U,255,0.08848646283149719,0.07548858225345612,0.04392075538635254,0.08848646283149719,0.07548858225345612,0.04392075538635254,0.08848646283149719,0.07548858225345612,0.04392075538635254,0.08848646283149719,0.07548858225345612,0.04392075538635254,0.08848646283149719,0.07548858225345612,0.04392075538635254
R1136_256,U,256,0.08356859534978867,0.05441156029701233,0.04732899367809296,0.08356859534978867,0.05441156029701233,0.04732899367809296,0.08356859534978867,0.05441156029701233,0.04732899367809296,0.08356859534978867,0.05441156029701233,0.04732899367809296,0.08356859534978867,0.05441156029701233,0.04732899367809296
R1136_257,C,257,0.08951437473297119,0.00600087083876133,0.09008438885211945,0.08951437473297119,0.00600087083876133,0.09008438885211945,0.08951437473297119,0.00600087083876133,0.09008438885211945,0.08951437473297119,0.00600087083876133,0.09008438885211945,0.08951437473297119,0.00600087083876133,0.09008438885211945
R1136_258,G,258,0.08417095988988876,0.06197025626897812,0.0576859712600708,0.08417095988988876,0.06197025626897812,0.0576859712600708,0.08417095988988876,0.06197025626897812,0.0576859712600708,0.08417095988988876,0.06197025626897812,0.0576859712600708,0.08417095988988876,0.06197025626897812,0.0576859712600708
R1136_259,G,259,0.08854010701179504,0.09807004779577255,0.05094996094703674,0.08854010701179504,0.09807004779577255,0.05094996094703674,0.08854010701179504,0.09807004779577255,0.05094996094703674,0.08854010701179504,0.09807004779577255,0.05094996094703674,0.08854010701179504,0.09807004779577255,0.05094996094703674
R1136_260,C,260,0.11250556260347366,0.11218322068452835,0.05369468778371811,0.11250556260347366,0.11218322068452835,0.05369468778371811,0.11250556260347366,0.11218322068452835,0.05369468778371811,0.11250556260347366,0.11218322068452835,0.05369468778371811,0.11250556260347366,0.11218322068452835,0.05369468778371811
R1136_261,A,261,0.16782523691654205,0.06902069598436356,0.11517157405614853,0.16782523691654205,0.06902069598436356,0.11517157405614853,0.16782523691654205,0.06902069598436356,0.11517157405614853,0.16782523691654205,0.06902069598436356,0.11517157405614853,0.16782523691654205,0.06902069598436356,0.11517157405614853
R1136_262,G,262,0.1142595112323761,0.05601347237825394,0.05200127512216568,0.1142595112323761,0.05601347237825394,0.05200127512216568,0.1142595112323761,0.05601347237825394,0.05200127512216568,0.1142595112323761,0.05601347237825394,0.05200127512216568,0.1142595112323761,0.05601347237825394,0.05200127512216568
R1136_263,G,263,0.1132560595870018,0.0402524396777153,0.05509430915117264,0.1132560595870018,0.0402524396777153,0.05509430915117264,0.1132560595870018,0.0402524396777153,0.05509430915117264,0.1132560595870018,0.0402524396777153,0.05509430915117264,0.1132560595870018,0.0402524396777153,0.05509430915117264
R1136_264,C,264,0.13009503483772278,0.041731689125299454,0.05136299133300781,0.13009503483772278,0.041731689125299454,0.05136299133300781,0.13009503483772278,0.041731689125299454,0.05136299133300781,0.13009503483772278,0.041731689125299454,0.05136299133300781,0.13009503483772278,0.041731689125299454,0.05136299133300781
R1136_265,A,265,0.17552289366722107,0.06219075620174408,0.08152054995298386,0.17552289366722107,0.06219075620174408,0.08152054995298386,0.17552289366722107,0.06219075620174408,0.08152054995298386,0.17552289366722107,0.06219075620174408,0.08152054995298386,0.17552289366722107,0.06219075620174408,0.08152054995298386
R1136_266,C,266,0.16451507806777954,0.08880298584699631,0.03194815665483475,0.16451507806777954,0.08880298584699631,0.03194815665483475,0.16451507806777954,0.08880298584699631,0.03194815665483475,0.16451507806777954,0.08880298584699631,0.03194815665483475,0.16451507806777954,0.08880298584699631,0.03194815665483475
R1136_267,U,267,0.127098947763443,0.07700059562921524,0.03076447732746601,0.127098947763443,0.07700059562921524,0.03076447732746601,0.127098947763443,0.07700059562921524,0.03076447732746601,0.127098947763443,0.07700059562921524,0.03076447732746601,0.127098947763443,0.07700059562921524,0.03076447732746601
R1136_268,G,268,0.15203170478343964,0.03253442421555519,0.04386457800865173,0.15203170478343964,0.03253442421555519,0.04386457800865173,0.15203170478343964,0.03253442421555519,0.04386457800865173,0.15203170478343964,0.03253442421555519,0.04386457800865173,0.15203170478343964,0.03253442421555519,0.04386457800865173
R1136_269,G,269,0.14699548482894897,0.009379514493048191,0.04734698683023453,0.14699548482894897,0.009379514493048191,0.04734698683023453,0.14699548482894897,0.009379514493048191,0.04734698683023453,0.14699548482894897,0.009379514493048191,0.04734698683023453,0.14699548482894897,0.009379514493048191,0.04734698683023453
R1136_270,C,270,0.15344619750976562,0.009302934631705284,0.04600504785776138,0.15344619750976562,0.009302934631705284,0.04600504785776138,0.15344619750976562,0.009302934631705284,0.04600504785776138,0.15344619750976562,0.009302934631705284,0.04600504785776138,0.15344619750976562,0.009302934631705284,0.04600504785776138
R1136_271,G,271,0.1312355101108551,0.07382660359144211,0.021959597244858742,0.1312355101108551,0.07382660359144211,0.021959597244858742,0.1312355101108551,0.07382660359144211,0.021959597244858742,0.1312355101108551,0.07382660359144211,0.021959597244858742,0.1312355101108551,0.07382660359144211,0.021959597244858742
R1136_272,C,272,0.14107970893383026,0.10510215908288956,0.013318823650479317,0.14107970893383026,0.10510215908288956,0.013318823650479317,0.14107970893383026,0.10510215908288956,0.013318823650479317,0.14107970893383026,0.10510215908288956,0.013318823650479317,0.14107970893383026,0.10510215908288956,0.013318823650479317
R1136_273,C,273,0.14347419142723083,0.09753423184156418,0.026067161932587624,0.14347419142723083,0.09753423184156418,0.026067161932587624,0.14347419142723083,0.09753423184156418,0.026067161932587624,0.14347419142723083,0.09753423184156418,0.026067161932587624,0.14347419142723083,0.09753423184156418,0.026067161932587624
R1136_274,G,274,0.12385568767786026,0.06665581464767456,0.03188314288854599,0.12385568767786026,0.06665581464767456,0.03188314288854599,0.12385568767786026,0.06665581464767456,0.03188314288854599,0.12385568767786026,0.06665581464767456,0.03188314288854599,0.12385568767786026,0.06665581464767456,0.03188314288854599
R1136_275,G,275,0.11744848638772964,0.045503582805395126,0.03596341609954834,0.11744848638772964,0.045503582805395126,0.03596341609954834,0.11744848638772964,0.045503582805395126,0.03596341609954834,0.11744848638772964,0.045503582805395126,0.03596341609954834,0.11744848638772964,0.045503582805395126,0.03596341609954834
R1136_276,G,276,0.10684513300657272,0.05542463809251785,0.034957222640514374,0.10684513300657272,0.05542463809251785,0.034957222640514374,0.10684513300657272,0.05542463809251785,0.034957222640514374,0.10684513300657272,0.05542463809251785,0.034957222640514374,0.10684513300657272,0.05542463809251785,0.034957222640514374
R1136_277,A,277,0.10981159657239914,0.09163880348205566,0.04043111205101013,0.10981159657239914,0.09163880348205566,0.04043111205101013,0.10981159657239914,0.09163880348205566,0.04043111205101013,0.10981159657239914,0.09163880348205566,0.04043111205101013,0.10981159657239914,0.09163880348205566,0.04043111205101013
R1136_278,C,278,0.10671103000640869,0.13425922393798828,0.015262080356478691,0.10671103000640869,0.13425922393798828,0.015262080356478691,0.10671103000640869,0.13425922393798828,0.015262080356478691,0.10671103000640869,0.13425922393798828,0.015262080356478691,0.10671103000640869,0.13425922393798828,0.015262080356478691
R1136_279,C,279,0.11406208574771881,0.14413869380950928,0.01549115963280201,0.11406208574771881,0.14413869380950928,0.01549115963280201,0.11406208574771881,0.14413869380950928,0.01549115963280201,0.11406208574771881,0.14413869380950928,0.01549115963280201,0.11406208574771881,0.14413869380950928,0.01549115963280201
R1136_280,U,280,0.09911147505044937,0.1048499345779419,0.028370412066578865,0.09911147505044937,0.1048499345779419,0.028370412066578865,0.09911147505044937,0.1048499345779419,0.028370412066578865,0.09911147505044937,0.1048499345779419,0.028370412066578865,0.09911147505044937,0.1048499345779419,0.028370412066578865
R1136_281,U,281,0.10268642753362656,0.08145174384117126,0.02768055535852909,0.10268642753362656,0.08145174384117126,0.02768055535852909,0.10268642753362656,0.08145174384117126,0.02768055535852909,0.10268642753362656,0.08145174384117126,0.02768055535852909,0.10268642753362656,0.08145174384117126,0.02768055535852909
R1136_282,G,282,0.11174892634153366,0.06899010390043259,0.019507473334670067,0.11174892634153366,0.06899010390043259,0.019507473334670067,0.11174892634153366,0.06899010390043259,0.019507473334670067,0.11174892634153366,0.06899010390043259,0.019507473334670067,0.11174892634153366,0.06899010390043259,0.019507473334670067
R1136_283,A,283,0.1408521980047226,0.07391012459993362,0.023753566667437553,0.1408521980047226,0.07391012459993362,0.023753566667437553,0.1408521980047226,0.07391012459993362,0.023753566667437553,0.1408521980047226,0.07391012459993362,0.023753566667437553,0.1408521980047226,0.07391012459993362,0.023753566667437553
R1136_284,A,284,0.1598389893770218,0.12516240775585175,0.016165675595402718,0.1598389893770218,0.12516240775585175,0.016165675595402718,0.1598389893770218,0.12516240775585175,0.016165675595402718,0.1598389893770218,0.12516240775585175,0.016165675595402718,0.1598389893770218,0.12516240775585175,0.016165675595402718
R1136_285,G,285,0.1257731020450592,0.12074869871139526,0.006972687318921089,0.1257731020450592,0.12074869871139526,0.006972687318921089,0.1257731020450592,0.12074869871139526,0.006972687318921089,0.1257731020450592,0.12074869871139526,0.006972687318921089,0.1257731020450592,0.12074869871139526,0.006972687318921089
R1136_286,A,286,0.1857641041278839,0.06472866237163544,0.06895458698272705,0.1857641041278839,0.06472866237163544,0.06895458698272705,0.1857641041278839,0.06472866237163544,0.06895458698272705,0.1857641041278839,0.06472866237163544,0.06895458698272705,0.1857641041278839,0.06472866237163544,0.06895458698272705
R1136_287,G,287,0.14074252545833588,0.06069204956293106,0.010762998834252357,0.14074252545833588,0.06069204956293106,0.010762998834252357,0.14074252545833588,0.06069204956293106,0.010762998834252357,0.14074252545833588,0.06069204956293106,0.010762998834252357,0.14074252545833588,0.06069204956293106,0.010762998834252357
R1136_288,A,288,0.16602976620197296,0.009926235303282738,0.07853139191865921,0.16602976620197296,0.009926235303282738,0.07853139191865921,0.16602976620197296,0.009926235303282738,0.07853139191865921,0.16602976620197296,0.009926235303282738,0.07853139191865921,0.16602976620197296,0.009926235303282738,0.07853139191865921
R1136_289,U,289,0.1067146509885788,0.07245733588933945,0.007863752543926239,0.1067146509885788,0.07245733588933945,0.007863752543926239,0.1067146509885788,0.07245733588933945,0.007863752543926239,0.1067146509885788,0.07245733588933945,0.007863752543926239,0.1067146509885788,0.07245733588933945,0.007863752543926239
R1136_290,G,290,0.10832154005765915,0.10607506334781647,-0.005739733576774597,0.10832154005765915,0.10607506334781647,-0.005739733576774597,0.10832154005765915,0.10607506334781647,-0.005739733576774597,0.10832154005765915,0.10607506334781647,-0.005739733576774597,0.10832154005765915,0.10607506334781647,-0.005739733576774597
R1136_291,A,291,0.12637074291706085,0.15891997516155243,-0.02414083667099476,0.12637074291706085,0.15891997516155243,-0.02414083667099476,0.12637074291706085,0.15891997516155243,-0.02414083667099476,0.12637074291706085,0.15891997516155243,-0.02414083667099476,0.12637074291706085,0.15891997516155243,-0.02414083667099476
R1136_292,G,292,0.10307218879461288,0.11361388862133026,-0.005793143063783646,0.10307218879461288,0.11361388862133026,-0.005793143063783646,0.10307218879461288,0.11361388862133026,-0.005793143063783646,0.10307218879461288,0.11361388862133026,-0.005793143063783646,0.10307218879461288,0.11361388862133026,-0.005793143063783646
R1136_293,A,293,0.10276616364717484,0.06872999668121338,0.06053284555673599,0.10276616364717484,0.06872999668121338,0.06053284555673599,0.10276616364717484,0.06872999668121338,0.06053284555673599,0.10276616364717484,0.06872999668121338,0.06053284555673599,0.10276616364717484,0.06872999668121338,0.06053284555673599
R1136_294,U,294,0.08305876702070236,0.07028739899396896,0.015282439067959785,0.08305876702070236,0.07028739899396896,0.015282439067959785,0.08305876702070236,0.07028739899396896,0.015282439067959785,0.08305876702070236,0.07028739899396896,0.015282439067959785,0.08305876702070236,0.07028739899396896,0.015282439067959785
R1136_295,U,295,0.07273487746715546,0.07871969044208527,0.019304854795336723,0.07273487746715546,0.07871969044208527,0.019304854795336723,0.07273487746715546,0.07871969044208527,0.019304854795336723,0.07273487746715546,0.07871969044208527,0.019304854795336723,0.07273487746715546,0.07871969044208527,0.019304854795336723
R1136_296,U,296,0.06909679621458054,0.10009710490703583,0.02101048268377781,0.06909679621458054,0.10009710490703583,0.02101048268377781,0.06909679621458054,0.10009710490703583,0.02101048268377781,0.06909679621458054,0.10009710490703583,0.02101048268377781,0.06909679621458054,0.10009710490703583,0.02101048268377781
R1136_297,C,297,0.0754995197057724,0.12433367967605591,0.017396600916981697,0.0754995197057724,0.12433367967605591,0.017396600916981697,0.0754995197057724,0.12433367967605591,0.017396600916981697,0.0754995197057724,0.12433367967605591,0.017396600916981697,0.0754995197057724,0.12433367967605591,0.017396600916981697
R1136_298,G,298,0.07298822700977325,0.12351466715335846,0.017083508893847466,0.07298822700977325,0.12351466715335846,0.017083508893847466,0.07298822700977325,0.12351466715335846,0.017083508893847466,0.07298822700977325,0.12351466715335846,0.017083508893847466,0.07298822700977325,0.12351466715335846,0.017083508893847466
R1136_299,A,299,0.09177591651678085,0.05899295210838318,0.06962945312261581,0.09177591651678085,0.05899295210838318,0.06962945312261581,0.09177591651678085,0.05899295210838318,0.06962945312261581,0.09177591651678085,0.05899295210838318,0.06962945312261581,0.09177591651678085,0.05899295210838318,0.06962945312261581
R1136_300,U,300,0.07440870255231857,0.08865780383348465,0.024090232327580452,0.07440870255231857,0.08865780383348465,0.024090232327580452,0.07440870255231857,0.08865780383348465,0.024090232327580452,0.07440870255231857,0.08865780383348465,0.024090232327580452,0.07440870255231857,0.08865780383348465,0.024090232327580452
R1136_301,C,301,0.06767380237579346,0.05781329423189163,0.0371084064245224,0.06767380237579346,0.05781329423189163,0.0371084064245224,0.06767380237579346,0.05781329423189163,0.0371084064245224,0.06767380237579346,0.05781329423189163,0.0371084064245224,0.06767380237579346,0.05781329423189163,0.0371084064245224
R1136_302,U,302,0.07041651010513306,0.09944849461317062,0.024080580100417137,0.07041651010513306,0.09944849461317062,0.024080580100417137,0.07041651010513306,0.09944849461317062,0.024080580100417137,0.07041651010513306,0.09944849461317062,0.024080580100417137,0.07041651010513306,0.09944849461317062,0.024080580100417137
R1136_303,C,303,0.09063392132520676,0.10849720984697342,0.029213430359959602,0.09063392132520676,0.10849720984697342,0.029213430359959602,0.09063392132520676,0.10849720984697342,0.029213430359959602,0.09063392132520676,0.10849720984697342,0.029213430359959602,0.09063392132520676,0.10849720984697342,0.029213430359959602
R1136_304,A,304,0.11366796493530273,0.06872053444385529,0.05503149330615997,0.11366796493530273,0.06872053444385529,0.05503149330615997,0.11366796493530273,0.06872053444385529,0.05503149330615997,0.11366796493530273,0.06872053444385529,0.05503149330615997,0.11366796493530273,0.06872053444385529,0.05503149330615997
R1136_305,U,305,0.10080772638320923,0.09607744961977005,0.009084699675440788,0.10080772638320923,0.09607744961977005,0.009084699675440788,0.10080772638320923,0.09607744961977005,0.009084699675440788,0.10080772638320923,0.09607744961977005,0.009084699675440788,0.10080772638320923,0.09607744961977005,0.009084699675440788
R1136_306,C,306,0.12395226210355759,0.03269710764288902,0.026470715180039406,0.12395226210355759,0.03269710764288902,0.026470715180039406,0.12395226210355759,0.03269710764288902,0.026470715180039406,0.12395226210355759,0.03269710764288902,0.026470715180039406,0.12395226210355759,0.03269710764288902,0.026470715180039406
R1136_307,U,307,0.09814893454313278,0.05279628932476044,0.015130074694752693,0.09814893454313278,0.05279628932476044,0.015130074694752693,0.09814893454313278,0.05279628932476044,0.015130074694752693,0.09814893454313278,0.05279628932476044,0.015130074694752693,0.09814893454313278,0.05279628932476044,0.015130074694752693
R1136_308,U,308,0.0933244600892067,0.06657279282808304,0.013207560405135155,0.0933244600892067,0.06657279282808304,0.013207560405135155,0.0933244600892067,0.06657279282808304,0.013207560405135155,0.0933244600892067,0.06657279282808304,0.013207560405135155,0.0933244600892067,0.06657279282808304,0.013207560405135155
R1136_309,U,309,0.09912972152233124,0.08782383799552917,0.0025315526872873306,0.09912972152233124,0.08782383799552917,0.0025315526872873306,0.09912972152233124,0.08782383799552917,0.0025315526872873306,0.09912972152233124,0.08782383799552917,0.0025315526872873306,0.09912972152233124,0.08782383799552917,0.0025315526872873306
R1136_310,G,310,0.11085717380046844,0.09966619312763214,-0.013425546698272228,0.11085717380046844,0.09966619312763214,-0.013425546698272228,0.11085717380046844,0.09966619312763214,-0.013425546698272228,0.11085717380046844,0.09966619312763214,-0.013425546698272228,0.11085717380046844,0.09966619312763214,-0.013425546698272228
R1136_311,G,311,0.11360953003168106,0.07494670897722244,-0.005356684327125549,0.11360953003168106,0.07494670897722244,-0.005356684327125549,0.11360953003168106,0.07494670897722244,-0.005356684327125549,0.11360953003168106,0.07494670897722244,-0.005356684327125549,0.11360953003168106,0.07494670897722244,-0.005356684327125549
R1136_312,G,312,0.10825792700052261,0.040647637099027634,0.006059860810637474,0.10825792700052261,0.040647637099027634,0.006059860810637474,0.10825792700052261,0.040647637099027634,0.006059860810637474,0.10825792700052261,0.040647637099027634,0.006059860810637474,0.10825792700052261,0.040647637099027634,0.006059860810637474
R1136_313,U,313,0.09305139631032944,0.04316411912441254,0.01950315572321415,0.09305139631032944,0.04316411912441254,0.01950315572321415,0.09305139631032944,0.04316411912441254,0.01950315572321415,0.09305139631032944,0.04316411912441254,0.01950315572321415,0.09305139631032944,0.04316411912441254,0.01950315572321415
R1136_314,G,314,0.08953580260276794,0.03921037167310715,0.022994859144091606,0.08953580260276794,0.03921037167310715,0.022994859144091606,0.08953580260276794,0.03921037167310715,0.022994859144091606,0.08953580260276794,0.03921037167310715,0.022994859144091606,0.08953580260276794,0.03921037167310715,0.022994859144091606
R1136_315,U,315,0.0847771018743515,0.07942704856395721,0.02060290239751339,0.0847771018743515,0.07942704856395721,0.02060290239751339,0.0847771018743515,0.07942704856395721,0.02060290239751339,0.0847771018743515,0.07942704856395721,0.02060290239751339,0.0847771018743515,0.07942704856395721,0.02060290239751339
R1136_316,C,316,0.09507512301206589,0.09409913420677185,0.015419302508234978,0.09507512301206589,0.09409913420677185,0.015419302508234978,0.09507512301206589,0.09409913420677185,0.015419302508234978,0.09507512301206589,0.09409913420677185,0.015419302508234978,0.09507512301206589,0.09409913420677185,0.015419302508234978
R1136_317,U,317,0.0824621319770813,0.09644438326358795,0.020799970254302025,0.0824621319770813,0.09644438326358795,0.020799970254302025,0.0824621319770813,0.09644438326358795,0.020799970254302025,0.0824621319770813,0.09644438326358795,0.020799970254302025,0.0824621319770813,0.09644438326358795,0.020799970254302025
R1136_318,C,318,0.0998724028468132,0.06375225633382797,0.020837778225541115,0.0998724028468132,0.06375225633382797,0.020837778225541115,0.0998724028468132,0.06375225633382797,0.020837778225541115,0.0998724028468132,0.06375225633382797,0.020837778225541115,0.0998724028468132,0.06375225633382797,0.020837778225541115
R1136_319,U,319,0.08446855843067169,0.05762819945812225,0.026470107957720757,0.08446855843067169,0.05762819945812225,0.026470107957720757,0.08446855843067169,0.05762819945812225,0.026470107957720757,0.08446855843067169,0.05762819945812225,0.026470107957720757,0.08446855843067169,0.05762819945812225,0.026470107957720757
R1136_320,G,320,0.0835048034787178,0.045044705271720886,0.031159115955233574,0.0835048034787178,0.045044705271720886,0.031159115955233574,0.0835048034787178,0.045044705271720886,0.031159115955233574,0.0835048034787178,0.045044705271720886,0.031159115955233574,0.0835048034787178,0.045044705271720886,0.031159115955233574
R1136_321,G,321,0.08821402490139008,0.0715431198477745,0.024829702451825142,0.08821402490139008,0.0715431198477745,0.024829702451825142,0.08821402490139008,0.0715431198477745,0.024829702451825142,0.08821402490139008,0.0715431198477745,0.024829702451825142,0.08821402490139008,0.0715431198477745,0.024829702451825142
R1136_322,U,322,0.09553039073944092,0.09292898327112198,0.019070738926529884,0.09553039073944092,0.09292898327112198,0.019070738926529884,0.09553039073944092,0.09292898327112198,0.019070738926529884,0.09553039073944092,0.09292898327112198,0.019070738926529884,0.09553039073944092,0.09292898327112198,0.019070738926529884
R1136_323,G,323,0.1092102900147438,0.08864258974790573,0.008414728567004204,0.1092102900147438,0.08864258974790573,0.008414728567004204,0.1092102900147438,0.08864258974790573,0.008414728567004204,0.1092102900147438,0.08864258974790573,0.008414728567004204,0.1092102900147438,0.08864258974790573,0.008414728567004204
R1136_324,C,324,0.12994138896465302,0.051511332392692566,0.013025438413023949,0.12994138896465302,0.051511332392692566,0.013025438413023949,0.12994138896465302,0.051511332392692566,0.013025438413023949,0.12994138896465302,0.051511332392692566,0.013025438413023949,0.12994138896465302,0.051511332392692566,0.013025438413023949
R1136_325,U,325,0.10958275198936462,0.03803732246160507,0.02188318409025669,0.10958275198936462,0.03803732246160507,0.02188318409025669,0.10958275198936462,0.03803732246160507,0.02188318409025669,0.10958275198936462,0.03803732246160507,0.02188318409025669,0.10958275198936462,0.03803732246160507,0.02188318409025669
R1136_326,U,326,0.10689093917608261,0.030066054314374924,0.021308867260813713,0.10689093917608261,0.030066054314374924,0.021308867260813713,0.10689093917608261,0.030066054314374924,0.021308867260813713,0.10689093917608261,0.030066054314374924,0.021308867260813713,0.10689093917608261,0.030066054314374924,0.021308867260813713
R1136_327,G,327,0.11294551193714142,0.03481531888246536,0.0170291755348444,0.11294551193714142,0.03481531888246536,0.0170291755348444,0.11294551193714142,0.03481531888246536,0.0170291755348444,0.11294551193714142,0.03481531888246536,0.0170291755348444,0.11294551193714142,0.03481531888246536,0.0170291755348444
R1136_328,A,328,0.13593821227550507,0.050997503101825714,0.03710876405239105,0.13593821227550507,0.050997503101825714,0.03710876405239105,0.13593821227550507,0.050997503101825714,0.03710876405239105,0.13593821227550507,0.050997503101825714,0.03710876405239105,0.13593821227550507,0.050997503101825714,0.03710876405239105
R1136_329,G,329,0.11790823191404343,0.06919588893651962,-0.0018642786890268326,0.11790823191404343,0.06919588893651962,-0.0018642786890268326,0.11790823191404343,0.06919588893651962,-0.0018642786890268326,0.11790823191404343,0.06919588893651962,-0.0018642786890268326,0.11790823191404343,0.06919588893651962,-0.0018642786890268326
R1136_330,G,330,0.11625208705663681,0.049158975481987,0.0028514936566352844,0.11625208705663681,0.049158975481987,0.0028514936566352844,0.11625208705663681,0.049158975481987,0.0028514936566352844,0.11625208705663681,0.049158975481987,0.0028514936566352844,0.11625208705663681,0.049158975481987,0.0028514936566352844
R1136_331,G,331,0.11372499912977219,0.02323281392455101,0.016886869445443153,0.11372499912977219,0.02323281392455101,0.016886869445443153,0.11372499912977219,0.02323281392455101,0.016886869445443153,0.11372499912977219,0.02323281392455101,0.016886869445443153,0.11372499912977219,0.02323281392455101,0.016886869445443153
R1136_332,C,332,0.10836977511644363,0.008149995468556881,0.023977575823664665,0.10836977511644363,0.008149995468556881,0.023977575823664665,0.10836977511644363,0.008149995468556881,0.023977575823664665,0.10836977511644363,0.008149995468556881,0.023977575823664665,0.10836977511644363,0.008149995468556881,0.023977575823664665
R1136_333,C,333,0.09717797487974167,0.04152952507138252,0.01054326631128788,0.09717797487974167,0.04152952507138252,0.01054326631128788,0.09717797487974167,0.04152952507138252,0.01054326631128788,0.09717797487974167,0.04152952507138252,0.01054326631128788,0.09717797487974167,0.04152952507138252,0.01054326631128788
R1136_334,C,334,0.09068119525909424,0.08571544289588928,-0.0069132838398218155,0.09068119525909424,0.08571544289588928,-0.0069132838398218155,0.09068119525909424,0.08571544289588928,-0.0069132838398218155,0.09068119525909424,0.08571544289588928,-0.0069132838398218155,0.09068119525909424,0.08571544289588928,-0.0069132838398218155
R1136_335,U,335,0.08511539548635483,0.0982234925031662,0.011906737461686134,0.08511539548635483,0.0982234925031662,0.011906737461686134,0.08511539548635483,0.0982234925031662,0.011906737461686134,0.08511539548635483,0.0982234925031662,0.011906737461686134,0.08511539548635483,0.0982234925031662,0.011906737461686134
R1136_336,G,336,0.08412313461303711,0.09136218577623367,0.005656002089381218,0.08412313461303711,0.09136218577623367,0.005656002089381218,0.08412313461303711,0.09136218577623367,0.005656002089381218,0.08412313461303711,0.09136218577623367,0.005656002089381218,0.08412313461303711,0.09136218577623367,0.005656002089381218
R1136_337,U,337,0.07977588474750519,0.07208530604839325,0.01958569325506687,0.07977588474750519,0.07208530604839325,0.01958569325506687,0.07977588474750519,0.07208530604839325,0.01958569325506687,0.07977588474750519,0.07208530604839325,0.01958569325506687,0.07977588474750519,0.07208530604839325,0.01958569325506687
R1136_338,G,338,0.07993393391370773,0.05201173573732376,0.019053610041737556,0.07993393391370773,0.05201173573732376,0.019053610041737556,0.07993393391370773,0.05201173573732376,0.019053610041737556,0.07993393391370773,0.05201173573732376,0.019053610041737556,0.07993393391370773,0.05201173573732376,0.019053610041737556
R1136_339,U,339,0.07496292889118195,0.06888816505670547,0.017670245841145515,0.07496292889118195,0.06888816505670547,0.017670245841145515,0.07496292889118195,0.06888816505670547,0.017670245841145515,0.07496292889118195,0.06888816505670547,0.017670245841145515,0.07496292889118195,0.06888816505670547,0.017670245841145515
R1136_340,U,340,0.07351227849721909,0.08978968858718872,0.016428450122475624,0.07351227849721909,0.08978968858718872,0.016428450122475624,0.07351227849721909,0.08978968858718872,0.016428450122475624,0.07351227849721909,0.08978968858718872,0.016428450122475624,0.07351227849721909,0.08978968858718872,0.016428450122475624
R1136_341,C,341,0.08642982691526413,0.1050119623541832,-0.004015527665615082,0.08642982691526413,0.1050119623541832,-0.004015527665615082,0.08642982691526413,0.1050119623541832,-0.004015527665615082,0.08642982691526413,0.1050119623541832,-0.004015527665615082,0.08642982691526413,0.1050119623541832,-0.004015527665615082
R1136_342,G,342,0.08448917418718338,0.09589764475822449,0.002582976594567299,0.08448917418718338,0.09589764475822449,0.002582976594567299,0.08448917418718338,0.09589764475822449,0.002582976594567299,0.08448917418718338,0.09589764475822449,0.002582976594567299,0.08448917418718338,0.09589764475822449,0.002582976594567299
R1136_343,C,343,0.09098458290100098,0.05803760886192322,0.003045199438929558,0.09098458290100098,0.05803760886192322,0.003045199438929558,0.09098458290100098,0.05803760886192322,0.003045199438929558,0.09098458290100098,0.05803760886192322,0.003045199438929558,0.09098458290100098,0.05803760886192322,0.003045199438929558
R1136_344,A,344,0.10687915235757828,-0.0037041548639535904,0.04775965213775635,0.10687915235757828,-0.0037041548639535904,0.04775965213775635,0.10687915235757828,-0.0037041548639535904,0.04775965213775635,0.10687915235757828,-0.0037041548639535904,0.04775965213775635,0.10687915235757828,-0.0037041548639535904,0.04775965213775635
R1136_345,C,345,0.09791349619626999,0.01858607865869999,0.013532662764191628,0.09791349619626999,0.01858607865869999,0.013532662764191628,0.09791349619626999,0.01858607865869999,0.013532662764191628,0.09791349619626999,0.01858607865869999,0.013532662764191628,0.09791349619626999,0.01858607865869999,0.013532662764191628
R1136_346,A,346,0.10808209329843521,0.027170658111572266,0.025358816608786583,0.10808209329843521,0.027170658111572266,0.025358816608786583,0.10808209329843521,0.027170658111572266,0.025358816608786583,0.10808209329843521,0.027170658111572266,0.025358816608786583,0.10808209329843521,0.027170658111572266,0.025358816608786583
R1136_347,G,347,0.08159924298524857,0.08874297142028809,0.002355264499783516,0.08159924298524857,0.08874297142028809,0.002355264499783516,0.08159924298524857,0.08874297142028809,0.002355264499783516,0.08159924298524857,0.08874297142028809,0.002355264499783516,0.08159924298524857,0.08874297142028809,0.002355264499783516
R1136_348,G,348,0.07847573608160019,0.0874374732375145,-0.001872517168521881,0.07847573608160019,0.0874374732375145,-0.001872517168521881,0.07847573608160019,0.0874374732375145,-0.001872517168521881,0.07847573608160019,0.0874374732375145,-0.001872517168521881,0.07847573608160019,0.0874374732375145,-0.001872517168521881
R1136_349,G,349,0.07450243085622787,0.06510557234287262,0.00035644322633743286,0.07450243085622787,0.06510557234287262,0.00035644322633743286,0.07450243085622787,0.06510557234287262,0.00035644322633743286,0.07450243085622787,0.06510557234287262,0.00035644322633743286,0.07450243085622787,0.06510557234287262,0.00035644322633743286
R1136_350,C,350,0.058742132037878036,0.013917466625571251,0.02245285175740719,0.058742132037878036,0.013917466625571251,0.02245285175740719,0.058742132037878036,0.013917466625571251,0.02245285175740719,0.058742132037878036,0.013917466625571251,0.02245285175740719,0.058742132037878036,0.013917466625571251,0.02245285175740719
R1136_351,C,351,0.04848723113536835,0.01423015259206295,0.020240457728505135,0.04848723113536835,0.01423015259206295,0.020240457728505135,0.04848723113536835,0.01423015259206295,0.020240457728505135,0.04848723113536835,0.01423015259206295,0.020240457728505135,0.04848723113536835,0.01423015259206295,0.020240457728505135
R1136_352,G,352,0.056411560624837875,0.06013175845146179,0.0029456857591867447,0.056411560624837875,0.06013175845146179,0.0029456857591867447,0.056411560624837875,0.06013175845146179,0.0029456857591867447,0.056411560624837875,0.06013175845146179,0.0029456857591867447,0.056411560624837875,0.06013175845146179,0.0029456857591867447
R1136_353,C,353,0.0383702777326107,0.09338583052158356,0.0006278511136770248,0.0383702777326107,0.09338583052158356,0.0006278511136770248,0.0383702777326107,0.09338583052158356,0.0006278511136770248,0.0383702777326107,0.09338583052158356,0.0006278511136770248,0.0383702777326107,0.09338583052158356,0.0006278511136770248
R1136_354,U,354,0.0449775829911232,0.10900583118200302,0.011127373203635216,0.0449775829911232,0.10900583118200302,0.011127373203635216,0.0449775829911232,0.10900583118200302,0.011127373203635216,0.0449775829911232,0.10900583118200302,0.011127373203635216,0.0449775829911232,0.10900583118200302,0.011127373203635216
R1136_355,C,355,0.013562972657382488,0.09479963034391403,0.017709294334053993,0.013562972657382488,0.09479963034391403,0.017709294334053993,0.013562972657382488,0.09479963034391403,0.017709294334053993,0.013562972657382488,0.09479963034391403,0.017709294334053993,0.013562972657382488,0.09479963034391403,0.017709294334053993
R1136_356,A,356,-0.012548571452498436,0.05213700234889984,0.07946190237998962,-0.012548571452498436,0.05213700234889984,0.07946190237998962,-0.012548571452498436,0.05213700234889984,0.07946190237998962,-0.012548571452498436,0.05213700234889984,0.07946190237998962,-0.012548571452498436,0.05213700234889984,0.07946190237998962
R1136_357,C,357,0.008585105650126934,0.04863279312849045,0.036341145634651184,0.008585105650126934,0.04863279312849045,0.036341145634651184,0.008585105650126934,0.04863279312849045,0.036341145634651184,0.008585105650126934,0.04863279312849045,0.036341145634651184,0.008585105650126934,0.04863279312849045,0.036341145634651184
R1136_358,U,358,0.030622156336903572,0.07759584486484528,0.021235642954707146,0.030622156336903572,0.07759584486484528,0.021235642954707146,0.030622156336903572,0.07759584486484528,0.021235642954707146,0.030622156336903572,0.07759584486484528,0.021235642954707146,0.030622156336903572,0.07759584486484528,0.021235642954707146
R1136_359,G,359,0.019270483404397964,0.09780486673116684,0.022140098735690117,0.019270483404397964,0.09780486673116684,0.022140098735690117,0.019270483404397964,0.09780486673116684,0.022140098735690117,0.019270483404397964,0.09780486673116684,0.022140098735690117,0.019270483404397964,0.09780486673116684,0.022140098735690117
R1136_360,G,360,0.019935809075832367,0.11815527826547623,0.018641838803887367,0.019935809075832367,0.11815527826547623,0.018641838803887367,0.019935809075832367,0.11815527826547623,0.018641838803887367,0.019935809075832367,0.11815527826547623,0.018641838803887367,0.019935809075832367,0.11815527826547623,0.018641838803887367
R1136_361,G,361,0.027203554287552834,0.10719969123601913,0.014612188562750816,0.027203554287552834,0.10719969123601913,0.014612188562750816,0.027203554287552834,0.10719969123601913,0.014612188562750816,0.027203554287552834,0.10719969123601913,0.014612188562750816,0.027203554287552834,0.10719969123601913,0.014612188562750816
R1136_362,U,362,0.041208624839782715,0.08900991827249527,0.013848954811692238,0.041208624839782715,0.08900991827249527,0.013848954811692238,0.041208624839782715,0.08900991827249527,0.013848954811692238,0.041208624839782715,0.08900991827249527,0.013848954811692238,0.041208624839782715,0.08900991827249527,0.013848954811692238
R1136_363,G,363,0.03508240729570389,0.05542120337486267,0.009769344702363014,0.03508240729570389,0.05542120337486267,0.009769344702363014,0.03508240729570389,0.05542120337486267,0.009769344702363014,0.03508240729570389,0.05542120337486267,0.009769344702363014,0.03508240729570389,0.05542120337486267,0.009769344702363014
R1136_364,U,364,0.044072993099689484,0.06305788457393646,0.014124056324362755,0.044072993099689484,0.06305788457393646,0.014124056324362755,0.044072993099689484,0.06305788457393646,0.014124056324362755,0.044072993099689484,0.06305788457393646,0.014124056324362755,0.044072993099689484,0.06305788457393646,0.014124056324362755
R1136_365,G,365,0.041096534579992294,0.06967630982398987,0.014309035614132881,0.041096534579992294,0.06967630982398987,0.014309035614132881,0.041096534579992294,0.06967630982398987,0.014309035614132881,0.041096534579992294,0.06967630982398987,0.014309035614132881,0.041096534579992294,0.06967630982398987,0.014309035614132881
R1136_366,G,366,0.04250221699476242,0.09190690517425537,0.012822551652789116,0.04250221699476242,0.09190690517425537,0.012822551652789116,0.04250221699476242,0.09190690517425537,0.012822551652789116,0.04250221699476242,0.09190690517425537,0.012822551652789116,0.04250221699476242,0.09190690517425537,0.012822551652789116
R1136_367,A,367,0.02037130296230316,0.030876222997903824,0.022032203152775764,0.02037130296230316,0.030876222997903824,0.022032203152775764,0.02037130296230316,0.030876222997903824,0.022032203152775764,0.02037130296230316,0.030876222997903824,0.022032203152775764,0.02037130296230316,0.030876222997903824,0.022032203152775764
R1136_368,C,368,0.024552756920456886,0.03169524297118187,0.011226123198866844,0.024552756920456886,0.03169524297118187,0.011226123198866844,0.024552756920456886,0.03169524297118187,0.011226123198866844,0.024552756920456886,0.03169524297118187,0.011226123198866844,0.024552756920456886,0.03169524297118187,0.011226123198866844
R1136_369,G,369,0.04046554118394852,0.018668191507458687,0.020167725160717964,0.04046554118394852,0.018668191507458687,0.020167725160717964,0.04046554118394852,0.018668191507458687,0.020167725160717964,0.04046554118394852,0.018668191507458687,0.020167725160717964,0.04046554118394852,0.018668191507458687,0.020167725160717964
R1136_370,U,370,0.04640926048159599,0.03165889531373978,0.022803230211138725,0.04640926048159599,0.03165889531373978,0.022803230211138725,0.04640926048159599,0.03165889531373978,0.022803230211138725,0.04640926048159599,0.03165889531373978,0.022803230211138725,0.04640926048159599,0.03165889531373978,0.022803230211138725
R1136_371,A,371,-0.012946825474500656,0.005858520977199078,0.09653142839670181,-0.012946825474500656,0.005858520977199078,0.09653142839670181,-0.012946825474500656,0.005858520977199078,0.09653142839670181,-0.012946825474500656,0.005858520977199078,0.09653142839670181,-0.012946825474500656,0.005858520977199078,0.09653142839670181
R1136_372,U,372,0.04344085976481438,0.0797262042760849,0.018902575597167015,0.04344085976481438,0.0797262042760849,0.018902575597167015,0.04344085976481438,0.0797262042760849,0.018902575597167015,0.04344085976481438,0.0797262042760849,0.018902575597167015,0.04344085976481438,0.0797262042760849,0.018902575597167015
R1136_373,C,373,0.02016388438642025,0.08887065947055817,0.012368062511086464,0.02016388438642025,0.08887065947055817,0.012368062511086464,0.02016388438642025,0.08887065947055817,0.012368062511086464,0.02016388438642025,0.08887065947055817,0.012368062511086464,0.02016388438642025,0.08887065947055817,0.012368062511086464
R1136_374,C,374,0.01981515623629093,0.06512659043073654,0.02366187609732151,0.01981515623629093,0.06512659043073654,0.02366187609732151,0.01981515623629093,0.06512659043073654,0.02366187609732151,0.01981515623629093,0.06512659043073654,0.02366187609732151,0.01981515623629093,0.06512659043073654,0.02366187609732151
R1138_1,G,1,0.03463709354400635,0.0576765313744545,0.044351428747177124,0.03463709354400635,0.0576765313744545,0.044351428747177124,0.03463709354400635,0.0576765313744545,0.044351428747177124,0.03463709354400635,0.0576765313744545,0.044351428747177124,0.03463709354400635,0.0576765313744545,0.044351428747177124
R1138_2,G,2,0.03746742010116577,0.0745914950966835,0.04264397174119949,0.03746742010116577,0.0745914950966835,0.04264397174119949,0.03746742010116577,0.0745914950966835,0.04264397174119949,0.03746742010116577,0.0745914950966835,0.04264397174119949,0.03746742010116577,0.0745914950966835,0.04264397174119949
R1138_3,G,3,0.04166511818766594,0.07159401476383209,0.04597914218902588,0.04166511818766594,0.07159401476383209,0.04597914218902588,0.04166511818766594,0.07159401476383209,0.04597914218902588,0.04166511818766594,0.07159401476383209,0.04597914218902588,0.04166511818766594,0.07159401476383209,0.04597914218902588
R1138_4,A,4,0.08561104536056519,0.007718703709542751,0.0385575070977211,0.08561104536056519,0.007718703709542751,0.0385575070977211,0.08561104536056519,0.007718703709542751,0.0385575070977211,0.08561104536056519,0.007718703709542751,0.0385575070977211,0.08561104536056519,0.007718703709542751,0.0385575070977211
R1138_5,G,5,0.06505671888589859,0.015573736280202866,0.04152212291955948,0.06505671888589859,0.015573736280202866,0.04152212291955948,0.06505671888589859,0.015573736280202866,0.04152212291955948,0.06505671888589859,0.015573736280202866,0.04152212291955948,0.06505671888589859,0.015573736280202866,0.04152212291955948
R1138_6,A,6,0.09097326546907425,-0.016407405957579613,0.03626498579978943,0.09097326546907425,-0.016407405957579613,0.03626498579978943,0.09097326546907425,-0.016407405957579613,0.03626498579978943,0.09097326546907425,-0.016407405957579613,0.03626498579978943,0.09097326546907425,-0.016407405957579613,0.03626498579978943
R1138_7,G,7,0.06702567636966705,0.027785737067461014,0.05067595839500427,0.06702567636966705,0.027785737067461014,0.05067595839500427,0.06702567636966705,0.027785737067461014,0.05067595839500427,0.06702567636966705,0.027785737067461014,0.05067595839500427,0.06702567636966705,0.027785737067461014,0.05067595839500427
R1138_8,U,8,0.07359322160482407,0.05223768949508667,0.04606330394744873,0.07359322160482407,0.05223768949508667,0.04606330394744873,0.07359322160482407,0.05223768949508667,0.04606330394744873,0.07359322160482407,0.05223768949508667,0.04606330394744873,0.07359322160482407,0.05223768949508667,0.04606330394744873
R1138_9,A,9,0.1348365694284439,-0.0656728595495224,0.10304050892591476,0.1348365694284439,-0.0656728595495224,0.10304050892591476,0.1348365694284439,-0.0656728595495224,0.10304050892591476,0.1348365694284439,-0.0656728595495224,0.10304050892591476,0.1348365694284439,-0.0656728595495224,0.10304050892591476
R1138_10,C,10,0.10091794282197952,-0.027412453666329384,0.0744006559252739,0.10091794282197952,-0.027412453666329384,0.0744006559252739,0.10091794282197952,-0.027412453666329384,0.0744006559252739,0.10091794282197952,-0.027412453666329384,0.0744006559252739,0.10091794282197952,-0.027412453666329384,0.0744006559252739
R1138_11,U,11,0.08372324705123901,0.0027401242405176163,0.05108419060707092,0.08372324705123901,0.0027401242405176163,0.05108419060707092,0.08372324705123901,0.0027401242405176163,0.05108419060707092,0.08372324705123901,0.0027401242405176163,0.05108419060707092,0.08372324705123901,0.0027401242405176163,0.05108419060707092
R1138_12,A,12,0.0974046140909195,-0.08809324353933334,0.10856709629297256,0.0974046140909195,-0.08809324353933334,0.10856709629297256,0.0974046140909195,-0.08809324353933334,0.10856709629297256,0.0974046140909195,-0.08809324353933334,0.10856709629297256,0.0974046140909195,-0.08809324353933334,0.10856709629297256
R1138_13,U,13,0.07801353186368942,0.019848298281431198,0.049894049763679504,0.07801353186368942,0.019848298281431198,0.049894049763679504,0.07801353186368942,0.019848298281431198,0.049894049763679504,0.07801353186368942,0.019848298281431198,0.049894049763679504,0.07801353186368942,0.019848298281431198,0.049894049763679504
R1138_14,U,14,0.07457590103149414,0.04701715707778931,0.047004975378513336,0.07457590103149414,0.04701715707778931,0.047004975378513336,0.07457590103149414,0.04701715707778931,0.047004975378513336,0.07457590103149414,0.04701715707778931,0.047004975378513336,0.07457590103149414,0.04701715707778931,0.047004975378513336
R1138_15,C,15,0.06904691457748413,0.029260091483592987,0.06804919242858887,0.06904691457748413,0.029260091483592987,0.06804919242858887,0.06904691457748413,0.029260091483592987,0.06804919242858887,0.06904691457748413,0.029260091483592987,0.06804919242858887,0.06904691457748413,0.029260091483592987,0.06804919242858887
R1138_16,A,16,0.05974472686648369,-0.012069391086697578,0.12413323670625687,0.05974472686648369,-0.012069391086697578,0.12413323670625687,0.05974472686648369,-0.012069391086697578,0.12413323670625687,0.05974472686648369,-0.012069391086697578,0.12413323670625687,0.05974472686648369,-0.012069391086697578,0.12413323670625687
R1138_17,G,17,0.06272605061531067,0.011196114122867584,0.057211391627788544,0.06272605061531067,0.011196114122867584,0.057211391627788544,0.06272605061531067,0.011196114122867584,0.057211391627788544,0.06272605061531067,0.011196114122867584,0.057211391627788544,0.06272605061531067,0.011196114122867584,0.057211391627788544
R1138_18,A,18,0.03724605217576027,-0.05726901441812515,0.11135097593069077,0.03724605217576027,-0.05726901441812515,0.11135097593069077,0.03724605217576027,-0.05726901441812515,0.11135097593069077,0.03724605217576027,-0.05726901441812515,0.11135097593069077,0.03724605217576027,-0.05726901441812515,0.11135097593069077
R1138_19,U,19,0.06289781630039215,0.035972513258457184,0.048629552125930786,0.06289781630039215,0.035972513258457184,0.048629552125930786,0.06289781630039215,0.035972513258457184,0.048629552125930786,0.06289781630039215,0.035972513258457184,0.048629552125930786,0.06289781630039215,0.035972513258457184,0.048629552125930786
R1138_20,G,20,0.058545567095279694,0.053858183324337006,0.04738326370716095,0.058545567095279694,0.053858183324337006,0.04738326370716095,0.058545567095279694,0.053858183324337006,0.04738326370716095,0.058545567095279694,0.053858183324337006,0.04738326370716095,0.058545567095279694,0.053858183324337006,0.04738326370716095
R1138_21,C,21,0.05178738385438919,0.07057187706232071,0.05273186415433884,0.05178738385438919,0.07057187706232071,0.05273186415433884,0.05178738385438919,0.07057187706232071,0.05273186415433884,0.05178738385438919,0.07057187706232071,0.05273186415433884,0.05178738385438919,0.07057187706232071,0.05273186415433884
R1138_22,A,22,0.06288277357816696,0.0466303750872612,0.0744946300983429,0.06288277357816696,0.0466303750872612,0.0744946300983429,0.06288277357816696,0.0466303750872612,0.0744946300983429,0.06288277357816696,0.0466303750872612,0.0744946300983429,0.06288277357816696,0.0466303750872612,0.0744946300983429
R1138_23,G,23,0.07436183094978333,0.03883863985538483,0.0474623367190361,0.07436183094978333,0.03883863985538483,0.0474623367190361,0.07436183094978333,0.03883863985538483,0.0474623367190361,0.07436183094978333,0.03883863985538483,0.0474623367190361,0.07436183094978333,0.03883863985538483,0.0474623367190361
R1138_24,A,24,0.10277201980352402,-0.0036971475929021835,0.04342915862798691,0.10277201980352402,-0.0036971475929021835,0.04342915862798691,0.10277201980352402,-0.0036971475929021835,0.04342915862798691,0.10277201980352402,-0.0036971475929021835,0.04342915862798691,0.10277201980352402,-0.0036971475929021835,0.04342915862798691
R1138_25,C,25,0.08357369154691696,0.005173889920115471,0.04739593714475632,0.08357369154691696,0.005173889920115471,0.04739593714475632,0.08357369154691696,0.005173889920115471,0.04739593714475632,0.08357369154691696,0.005173889920115471,0.04739593714475632,0.08357369154691696,0.005173889920115471,0.04739593714475632
R1138_26,C,26,0.08782121539115906,0.04120982438325882,0.04050785303115845,0.08782121539115906,0.04120982438325882,0.04050785303115845,0.08782121539115906,0.04120982438325882,0.04050785303115845,0.08782121539115906,0.04120982438325882,0.04050785303115845,0.08782121539115906,0.04120982438325882,0.04050785303115845
R1138_27,G,27,0.08423396944999695,0.07392279803752899,0.03684195131063461,0.08423396944999695,0.07392279803752899,0.03684195131063461,0.08423396944999695,0.07392279803752899,0.03684195131063461,0.08423396944999695,0.07392279803752899,0.03684195131063461,0.08423396944999695,0.07392279803752899,0.03684195131063461
R1138_28,C,28,0.1063990518450737,0.04278069734573364,0.041785985231399536,0.1063990518450737,0.04278069734573364,0.041785985231399536,0.1063990518450737,0.04278069734573364,0.041785985231399536,0.1063990518450737,0.04278069734573364,0.041785985231399536,0.1063990518450737,0.04278069734573364,0.041785985231399536
R1138_29,A,29,0.12403520196676254,-0.058823369443416595,0.1058579608798027,0.12403520196676254,-0.058823369443416595,0.1058579608798027,0.12403520196676254,-0.058823369443416595,0.1058579608798027,0.12403520196676254,-0.058823369443416595,0.1058579608798027,0.12403520196676254,-0.058823369443416595,0.1058579608798027
R1138_30,A,30,0.1206718310713768,-0.06635735183954239,0.07718196511268616,0.1206718310713768,-0.06635735183954239,0.07718196511268616,0.1206718310713768,-0.06635735183954239,0.07718196511268616,0.1206718310713768,-0.06635735183954239,0.07718196511268616,0.1206718310713768,-0.06635735183954239,0.07718196511268616
R1138_31,G,31,0.09485017508268356,0.0028512142598628998,0.04174835979938507,0.09485017508268356,0.0028512142598628998,0.04174835979938507,0.09485017508268356,0.0028512142598628998,0.04174835979938507,0.09485017508268356,0.0028512142598628998,0.04174835979938507,0.09485017508268356,0.0028512142598628998,0.04174835979938507
R1138_32,U,32,0.07704940438270569,0.048451267182826996,0.03384919464588165,0.07704940438270569,0.048451267182826996,0.03384919464588165,0.07704940438270569,0.048451267182826996,0.03384919464588165,0.07704940438270569,0.048451267182826996,0.03384919464588165,0.07704940438270569,0.048451267182826996,0.03384919464588165
R1138_33,U,33,0.07023350894451141,0.07362744957208633,0.029450906440615654,0.07023350894451141,0.07362744957208633,0.029450906440615654,0.07023350894451141,0.07362744957208633,0.029450906440615654,0.07023350894451141,0.07362744957208633,0.029450906440615654,0.07023350894451141,0.07362744957208633,0.029450906440615654
R1138_34,C,34,0.05620967596769333,0.055882133543491364,0.04304441809654236,0.05620967596769333,0.055882133543491364,0.04304441809654236,0.05620967596769333,0.055882133543491364,0.04304441809654236,0.05620967596769333,0.055882133543491364,0.04304441809654236,0.05620967596769333,0.055882133543491364,0.04304441809654236
R1138_35,A,35,0.03981637582182884,-0.00812830962240696,0.093743696808815,0.03981637582182884,-0.00812830962240696,0.093743696808815,0.03981637582182884,-0.00812830962240696,0.093743696808815,0.03981637582182884,-0.00812830962240696,0.093743696808815,0.03981637582182884,-0.00812830962240696,0.093743696808815
R1138_36,G,36,0.05761806666851044,0.036918364465236664,0.03692317008972168,0.05761806666851044,0.036918364465236664,0.03692317008972168,0.05761806666851044,0.036918364465236664,0.03692317008972168,0.05761806666851044,0.036918364465236664,0.03692317008972168,0.05761806666851044,0.036918364465236664,0.03692317008972168
R1138_37,A,37,0.027733445167541504,-0.008960345759987831,0.05443476140499115,0.027733445167541504,-0.008960345759987831,0.05443476140499115,0.027733445167541504,-0.008960345759987831,0.05443476140499115,0.027733445167541504,-0.008960345759987831,0.05443476140499115,0.027733445167541504,-0.008960345759987831,0.05443476140499115
R1138_38,G,38,0.04293426126241684,0.06497487425804138,0.029665609821677208,0.04293426126241684,0.06497487425804138,0.029665609821677208,0.04293426126241684,0.06497487425804138,0.029665609821677208,0.04293426126241684,0.06497487425804138,0.029665609821677208,0.04293426126241684,0.06497487425804138,0.029665609821677208
R1138_39,C,39,0.02790858969092369,0.09866076707839966,0.023071186617016792,0.02790858969092369,0.09866076707839966,0.023071186617016792,0.02790858969092369,0.09866076707839966,0.023071186617016792,0.02790858969092369,0.09866076707839966,0.023071186617016792,0.02790858969092369,0.09866076707839966,0.023071186617016792
R1138_40,G,40,0.03458652272820473,0.11999337375164032,0.027901140972971916,0.03458652272820473,0.11999337375164032,0.027901140972971916,0.03458652272820473,0.11999337375164032,0.027901140972971916,0.03458652272820473,0.11999337375164032,0.027901140972971916,0.03458652272820473,0.11999337375164032,0.027901140972971916
R1138_41,G,41,0.04138726741075516,0.10407606512308121,0.03151322901248932,0.04138726741075516,0.10407606512308121,0.03151322901248932,0.04138726741075516,0.10407606512308121,0.03151322901248932,0.04138726741075516,0.10407606512308121,0.03151322901248932,0.04138726741075516,0.10407606512308121,0.03151322901248932
R1138_42,U,42,0.052695710211992264,0.08554499596357346,0.03162448853254318,0.052695710211992264,0.08554499596357346,0.03162448853254318,0.052695710211992264,0.08554499596357346,0.03162448853254318,0.052695710211992264,0.08554499596357346,0.03162448853254318,0.052695710211992264,0.08554499596357346,0.03162448853254318
R1138_43,U,43,0.06025635078549385,0.07050488889217377,0.030352765694260597,0.06025635078549385,0.07050488889217377,0.030352765694260597,0.06025635078549385,0.07050488889217377,0.030352765694260597,0.06025635078549385,0.07050488889217377,0.030352765694260597,0.06025635078549385,0.07050488889217377,0.030352765694260597
R1138_44,U,44,0.0592927485704422,0.07777006924152374,0.03029344417154789,0.0592927485704422,0.07777006924152374,0.03029344417154789,0.0592927485704422,0.07777006924152374,0.03029344417154789,0.0592927485704422,0.07777006924152374,0.03029344417154789,0.0592927485704422,0.07777006924152374,0.03029344417154789
R1138_45,G,45,0.061279747635126114,0.0935303121805191,0.02921369858086109,0.061279747635126114,0.0935303121805191,0.02921369858086109,0.061279747635126114,0.0935303121805191,0.02921369858086109,0.061279747635126114,0.0935303121805191,0.02921369858086109,0.061279747635126114,0.0935303121805191,0.02921369858086109
R1138_46,C,46,0.07378216087818146,0.09878016263246536,0.033764272928237915,0.07378216087818146,0.09878016263246536,0.033764272928237915,0.07378216087818146,0.09878016263246536,0.033764272928237915,0.07378216087818146,0.09878016263246536,0.033764272928237915,0.07378216087818146,0.09878016263246536,0.033764272928237915
R1138_47,A,47,0.0886896401643753,0.07397519052028656,0.03826868534088135,0.0886896401643753,0.07397519052028656,0.03826868534088135,0.0886896401643753,0.07397519052028656,0.03826868534088135,0.0886896401643753,0.07397519052028656,0.03826868534088135,0.0886896401643753,0.07397519052028656,0.03826868534088135
R1138_48,U,48,0.08315136283636093,0.06599824130535126,0.025705600157380104,0.08315136283636093,0.06599824130535126,0.025705600157380104,0.08315136283636093,0.06599824130535126,0.025705600157380104,0.08315136283636093,0.06599824130535126,0.025705600157380104,0.08315136283636093,0.06599824130535126,0.025705600157380104
R1138_49,C,49,0.10168837010860443,-0.000157257542014122,0.02434469945728779,0.10168837010860443,-0.000157257542014122,0.02434469945728779,0.10168837010860443,-0.000157257542014122,0.02434469945728779,0.10168837010860443,-0.000157257542014122,0.02434469945728779,0.10168837010860443,-0.000157257542014122,0.02434469945728779
R1138_50,U,50,0.07955848425626755,0.046846624463796616,0.024461695924401283,0.07955848425626755,0.046846624463796616,0.024461695924401283,0.07955848425626755,0.046846624463796616,0.024461695924401283,0.07955848425626755,0.046846624463796616,0.024461695924401283,0.07955848425626755,0.046846624463796616,0.024461695924401283
R1138_51,A,51,0.08396396785974503,-0.018647106364369392,0.006511108949780464,0.08396396785974503,-0.018647106364369392,0.006511108949780464,0.08396396785974503,-0.018647106364369392,0.006511108949780464,0.08396396785974503,-0.018647106364369392,0.006511108949780464,0.08396396785974503,-0.018647106364369392,0.006511108949780464
R1138_52,G,52,0.08286333829164505,0.07888946682214737,0.013825936242938042,0.08286333829164505,0.07888946682214737,0.013825936242938042,0.08286333829164505,0.07888946682214737,0.013825936242938042,0.08286333829164505,0.07888946682214737,0.013825936242938042,0.08286333829164505,0.07888946682214737,0.013825936242938042
R1138_53,G,53,0.08563349395990372,0.07081601023674011,0.020839354023337364,0.08563349395990372,0.07081601023674011,0.020839354023337364,0.08563349395990372,0.07081601023674011,0.020839354023337364,0.08563349395990372,0.07081601023674011,0.020839354023337364,0.08563349395990372,0.07081601023674011,0.020839354023337364
R1138_54,G,54,0.08381858468055725,0.04293107986450195,0.02648072876036167,0.08381858468055725,0.04293107986450195,0.02648072876036167,0.08381858468055725,0.04293107986450195,0.02648072876036167,0.08381858468055725,0.04293107986450195,0.02648072876036167,0.08381858468055725,0.04293107986450195,0.02648072876036167
R1138_55,U,55,0.07381386309862137,0.04432256519794464,0.028263865038752556,0.07381386309862137,0.04432256519794464,0.028263865038752556,0.07381386309862137,0.04432256519794464,0.028263865038752556,0.07381386309862137,0.04432256519794464,0.028263865038752556,0.07381386309862137,0.04432256519794464,0.028263865038752556
R1138_56,A,56,0.07304283231496811,-0.07634788006544113,0.05144739896059036,0.07304283231496811,-0.07634788006544113,0.05144739896059036,0.07304283231496811,-0.07634788006544113,0.05144739896059036,0.07304283231496811,-0.07634788006544113,0.05144739896059036,0.07304283231496811,-0.07634788006544113,0.05144739896059036
R1138_57,C,57,0.07171344757080078,0.018617253750562668,0.03832269459962845,0.07171344757080078,0.018617253750562668,0.03832269459962845,0.07171344757080078,0.018617253750562668,0.03832269459962845,0.07171344757080078,0.018617253750562668,0.03832269459962845,0.07171344757080078,0.018617253750562668,0.03832269459962845
R1138_58,G,58,0.07065241038799286,0.08005641400814056,0.034874752163887024,0.07065241038799286,0.08005641400814056,0.034874752163887024,0.07065241038799286,0.08005641400814056,0.034874752163887024,0.07065241038799286,0.08005641400814056,0.034874752163887024,0.07065241038799286,0.08005641400814056,0.034874752163887024
R1138_59,U,59,0.06874652951955795,0.09859437495470047,0.033421434462070465,0.06874652951955795,0.09859437495470047,0.033421434462070465,0.06874652951955795,0.09859437495470047,0.033421434462070465,0.06874652951955795,0.09859437495470047,0.033421434462070465,0.06874652951955795,0.09859437495470047,0.033421434462070465
R1138_60,U,60,0.07128821313381195,0.08837119489908218,0.033375777304172516,0.07128821313381195,0.08837119489908218,0.033375777304172516,0.07128821313381195,0.08837119489908218,0.033375777304172516,0.07128821313381195,0.08837119489908218,0.033375777304172516,0.07128821313381195,0.08837119489908218,0.033375777304172516
R1138_61,U,61,0.0752440020442009,0.07246246933937073,0.029902787879109383,0.0752440020442009,0.07246246933937073,0.029902787879109383,0.0752440020442009,0.07246246933937073,0.029902787879109383,0.0752440020442009,0.07246246933937073,0.029902787879109383,0.0752440020442009,0.07246246933937073,0.029902787879109383
R1138_62,U,62,0.07675345987081528,0.06514868140220642,0.03085928224027157,0.07675345987081528,0.06514868140220642,0.03085928224027157,0.07675345987081528,0.06514868140220642,0.03085928224027157,0.07675345987081528,0.06514868140220642,0.03085928224027157,0.07675345987081528,0.06514868140220642,0.03085928224027157
R1138_63,C,63,0.08375036716461182,0.04985242336988449,0.037639789283275604,0.08375036716461182,0.04985242336988449,0.037639789283275604,0.08375036716461182,0.04985242336988449,0.037639789283275604,0.08375036716461182,0.04985242336988449,0.037639789283275604,0.08375036716461182,0.04985242336988449,0.037639789283275604
R1138_64,G,64,0.09067371487617493,0.08644075691699982,0.026566410437226295,0.09067371487617493,0.08644075691699982,0.026566410437226295,0.09067371487617493,0.08644075691699982,0.026566410437226295,0.09067371487617493,0.08644075691699982,0.026566410437226295,0.09067371487617493,0.08644075691699982,0.026566410437226295
R1138_65,A,65,0.14846649765968323,0.09919081628322601,0.013293663039803505,0.14846649765968323,0.09919081628322601,0.013293663039803505,0.14846649765968323,0.09919081628322601,0.013293663039803505,0.14846649765968323,0.09919081628322601,0.013293663039803505,0.14846649765968323,0.09919081628322601,0.013293663039803505
R1138_66,A,66,0.1872090995311737,0.08067833632230759,0.018744545057415962,0.1872090995311737,0.08067833632230759,0.018744545057415962,0.1872090995311737,0.08067833632230759,0.018744545057415962,0.1872090995311737,0.08067833632230759,0.018744545057415962,0.1872090995311737,0.08067833632230759,0.018744545057415962
R1138_67,C,67,0.1585334986448288,0.02041965164244175,0.02302585355937481,0.1585334986448288,0.02041965164244175,0.02302585355937481,0.1585334986448288,0.02041965164244175,0.02302585355937481,0.1585334986448288,0.02041965164244175,0.02302585355937481,0.1585334986448288,0.02041965164244175,0.02302585355937481
R1138_68,G,68,0.1276012361049652,0.015331842005252838,0.03089134953916073,0.1276012361049652,0.015331842005252838,0.03089134953916073,0.1276012361049652,0.015331842005252838,0.03089134953916073,0.1276012361049652,0.015331842005252838,0.03089134953916073,0.1276012361049652,0.015331842005252838,0.03089134953916073
R1138_69,U,69,0.10845376551151276,0.034914061427116394,0.03549748659133911,0.10845376551151276,0.034914061427116394,0.03549748659133911,0.10845376551151276,0.034914061427116394,0.03549748659133911,0.10845376551151276,0.034914061427116394,0.03549748659133911,0.10845376551151276,0.034914061427116394,0.03549748659133911
R1138_70,A,70,0.1920851320028305,-0.010561695322394371,0.048921868205070496,0.1920851320028305,-0.010561695322394371,0.048921868205070496,0.1920851320028305,-0.010561695322394371,0.048921868205070496,0.1920851320028305,-0.010561695322394371,0.048921868205070496,0.1920851320028305,-0.010561695322394371,0.048921868205070496
R1138_71,U,71,0.12053946405649185,0.06771326810121536,0.025027846917510033,0.12053946405649185,0.06771326810121536,0.025027846917510033,0.12053946405649185,0.06771326810121536,0.025027846917510033,0.12053946405649185,0.06771326810121536,0.025027846917510033,0.12053946405649185,0.06771326810121536,0.025027846917510033
R1138_72,C,72,0.18528997898101807,0.043385591357946396,0.01640397496521473,0.18528997898101807,0.043385591357946396,0.01640397496521473,0.18528997898101807,0.043385591357946396,0.01640397496521473,0.18528997898101807,0.043385591357946396,0.01640397496521473,0.18528997898101807,0.043385591357946396,0.01640397496521473
R1138_73,C,73,0.17726494371891022,0.012268304824829102,0.028126059100031853,0.17726494371891022,0.012268304824829102,0.028126059100031853,0.17726494371891022,0.012268304824829102,0.028126059100031853,0.17726494371891022,0.012268304824829102,0.028126059100031853,0.17726494371891022,0.012268304824829102,0.028126059100031853
R1138_74,U,74,0.11564388126134872,0.024700142443180084,0.03201225399971008,0.11564388126134872,0.024700142443180084,0.03201225399971008,0.11564388126134872,0.024700142443180084,0.03201225399971008,0.11564388126134872,0.024700142443180084,0.03201225399971008,0.11564388126134872,0.024700142443180084,0.03201225399971008
R1138_75,C,75,0.1402398645877838,-0.0025728344917297363,0.029165929183363914,0.1402398645877838,-0.0025728344917297363,0.029165929183363914,0.1402398645877838,-0.0025728344917297363,0.029165929183363914,0.1402398645877838,-0.0025728344917297363,0.029165929183363914,0.1402398645877838,-0.0025728344917297363,0.029165929183363914
R1138_76,C,76,0.13079939782619476,0.04404018074274063,0.017391784116625786,0.13079939782619476,0.04404018074274063,0.017391784116625786,0.13079939782619476,0.04404018074274063,0.017391784116625786,0.13079939782619476,0.04404018074274063,0.017391784116625786,0.13079939782619476,0.04404018074274063,0.017391784116625786
R1138_77,G,77,0.1180885061621666,0.08234264701604843,0.021603038534522057,0.1180885061621666,0.08234264701604843,0.021603038534522057,0.1180885061621666,0.08234264701604843,0.021603038534522057,0.1180885061621666,0.08234264701604843,0.021603038534522057,0.1180885061621666,0.08234264701604843,0.021603038534522057
R1138_78,A,78,0.202384814620018,0.07644743472337723,0.017199980095028877,0.202384814620018,0.07644743472337723,0.017199980095028877,0.202384814620018,0.07644743472337723,0.017199980095028877,0.202384814620018,0.07644743472337723,0.017199980095028877,0.202384814620018,0.07644743472337723,0.017199980095028877
R1138_79,C,79,0.13514108955860138,0.06201756000518799,0.02283790148794651,0.13514108955860138,0.06201756000518799,0.02283790148794651,0.13514108955860138,0.06201756000518799,0.02283790148794651,0.13514108955860138,0.06201756000518799,0.02283790148794651,0.13514108955860138,0.06201756000518799,0.02283790148794651
R1138_80,U,80,0.10352742671966553,0.05884644389152527,0.026969468221068382,0.10352742671966553,0.05884644389152527,0.026969468221068382,0.10352742671966553,0.05884644389152527,0.026969468221068382,0.10352742671966553,0.05884644389152527,0.026969468221068382,0.10352742671966553,0.05884644389152527,0.026969468221068382
R1138_81,A,81,0.14337368309497833,0.002560773864388466,0.04224247485399246,0.14337368309497833,0.002560773864388466,0.04224247485399246,0.14337368309497833,0.002560773864388466,0.04224247485399246,0.14337368309497833,0.002560773864388466,0.04224247485399246,0.14337368309497833,0.002560773864388466,0.04224247485399246
R1138_82,A,82,0.13239753246307373,0.04920182377099991,0.018925970420241356,0.13239753246307373,0.04920182377099991,0.018925970420241356,0.13239753246307373,0.04920182377099991,0.018925970420241356,0.13239753246307373,0.04920182377099991,0.018925970420241356,0.13239753246307373,0.04920182377099991,0.018925970420241356
R1138_83,G,83,0.11248207092285156,0.09597054868936539,0.014780158177018166,0.11248207092285156,0.09597054868936539,0.014780158177018166,0.11248207092285156,0.09597054868936539,0.014780158177018166,0.11248207092285156,0.09597054868936539,0.014780158177018166,0.11248207092285156,0.09597054868936539,0.014780158177018166
R1138_84,U,84,0.1110994890332222,0.10159291326999664,0.01691628433763981,0.1110994890332222,0.10159291326999664,0.01691628433763981,0.1110994890332222,0.10159291326999664,0.01691628433763981,0.1110994890332222,0.10159291326999664,0.01691628433763981,0.1110994890332222,0.10159291326999664,0.01691628433763981
R1138_85,G,85,0.1362583488225937,0.08084706962108612,0.007848775014281273,0.1362583488225937,0.08084706962108612,0.007848775014281273,0.1362583488225937,0.08084706962108612,0.007848775014281273,0.1362583488225937,0.08084706962108612,0.007848775014281273,0.1362583488225937,0.08084706962108612,0.007848775014281273
R1138_86,U,86,0.1254831701517105,0.0554032102227211,0.017065541818737984,0.1254831701517105,0.0554032102227211,0.017065541818737984,0.1254831701517105,0.0554032102227211,0.017065541818737984,0.1254831701517105,0.0554032102227211,0.017065541818737984,0.1254831701517105,0.0554032102227211,0.017065541818737984
R1138_87,A,87,0.19808411598205566,-0.026905948296189308,0.022671693935990334,0.19808411598205566,-0.026905948296189308,0.022671693935990334,0.19808411598205566,-0.026905948296189308,0.022671693935990334,0.19808411598205566,-0.026905948296189308,0.022671693935990334,0.19808411598205566,-0.026905948296189308,0.022671693935990334
R1138_88,U,88,0.11980854719877243,0.05182288587093353,0.015065954998135567,0.11980854719877243,0.05182288587093353,0.015065954998135567,0.11980854719877243,0.05182288587093353,0.015065954998135567,0.11980854719877243,0.05182288587093353,0.015065954998135567,0.11980854719877243,0.05182288587093353,0.015065954998135567
R1138_89,U,89,0.11934706568717957,0.07893923670053482,0.005759211257100105,0.11934706568717957,0.07893923670053482,0.005759211257100105,0.11934706568717957,0.07893923670053482,0.005759211257100105,0.11934706568717957,0.07893923670053482,0.005759211257100105,0.11934706568717957,0.07893923670053482,0.005759211257100105
R1138_90,C,90,0.16696412861347198,0.08729306608438492,-0.021290618926286697,0.16696412861347198,0.08729306608438492,-0.021290618926286697,0.16696412861347198,0.08729306608438492,-0.021290618926286697,0.16696412861347198,0.08729306608438492,-0.021290618926286697,0.16696412861347198,0.08729306608438492,-0.021290618926286697
R1138_91,G,91,0.14259792864322662,0.06712938100099564,-0.004391251131892204,0.14259792864322662,0.06712938100099564,-0.004391251131892204,0.14259792864322662,0.06712938100099564,-0.004391251131892204,0.14259792864322662,0.06712938100099564,-0.004391251131892204,0.14259792864322662,0.06712938100099564,-0.004391251131892204
R1138_92,U,92,0.1253294199705124,0.04951181262731552,0.009335475042462349,0.1253294199705124,0.04951181262731552,0.009335475042462349,0.1253294199705124,0.04951181262731552,0.009335475042462349,0.1253294199705124,0.04951181262731552,0.009335475042462349,0.1253294199705124,0.04951181262731552,0.009335475042462349
R1138_93,A,93,0.1775350272655487,-0.04896251857280731,0.030961690470576286,0.1775350272655487,-0.04896251857280731,0.030961690470576286,0.1775350272655487,-0.04896251857280731,0.030961690470576286,0.1775350272655487,-0.04896251857280731,0.030961690470576286,0.1775350272655487,-0.04896251857280731,0.030961690470576286
R1138_94,U,94,0.10315033048391342,0.05651622265577316,0.009327312931418419,0.10315033048391342,0.05651622265577316,0.009327312931418419,0.10315033048391342,0.05651622265577316,0.009327312931418419,0.10315033048391342,0.05651622265577316,0.009327312931418419,0.10315033048391342,0.05651622265577316,0.009327312931418419
R1138_95,A,95,0.12621340155601501,0.0739818811416626,-0.04796800762414932,0.12621340155601501,0.0739818811416626,-0.04796800762414932,0.12621340155601501,0.0739818811416626,-0.04796800762414932,0.12621340155601501,0.0739818811416626,-0.04796800762414932,0.12621340155601501,0.0739818811416626,-0.04796800762414932
R1138_96,C,96,0.1157141625881195,0.12072239071130753,-0.02680504135787487,0.1157141625881195,0.12072239071130753,-0.02680504135787487,0.1157141625881195,0.12072239071130753,-0.02680504135787487,0.1157141625881195,0.12072239071130753,-0.02680504135787487,0.1157141625881195,0.12072239071130753,-0.02680504135787487
R1138_97,U,97,0.0903070718050003,0.10984015464782715,0.00498993881046772,0.0903070718050003,0.10984015464782715,0.00498993881046772,0.0903070718050003,0.10984015464782715,0.00498993881046772,0.0903070718050003,0.10984015464782715,0.00498993881046772,0.0903070718050003,0.10984015464782715,0.00498993881046772
R1138_98,U,98,0.08736798167228699,0.09787188470363617,0.00627870112657547,0.08736798167228699,0.09787188470363617,0.00627870112657547,0.08736798167228699,0.09787188470363617,0.00627870112657547,0.08736798167228699,0.09787188470363617,0.00627870112657547,0.08736798167228699,0.09787188470363617,0.00627870112657547
R1138_99,A,99,0.10423479974269867,0.06778199970722198,0.02184447832405567,0.10423479974269867,0.06778199970722198,0.02184447832405567,0.10423479974269867,0.06778199970722198,0.02184447832405567,0.10423479974269867,0.06778199970722198,0.02184447832405567,0.10423479974269867,0.06778199970722198,0.02184447832405567
R1138_100,G,100,0.07807564735412598,0.08180791884660721,0.004866067320108414,0.07807564735412598,0.08180791884660721,0.004866067320108414,0.07807564735412598,0.08180791884660721,0.004866067320108414,0.07807564735412598,0.08180791884660721,0.004866067320108414,0.07807564735412598,0.08180791884660721,0.004866067320108414
R1138_101,U,101,0.0726490169763565,0.10621665418148041,0.010906046256422997,0.0726490169763565,0.10621665418148041,0.010906046256422997,0.0726490169763565,0.10621665418148041,0.010906046256422997,0.0726490169763565,0.10621665418148041,0.010906046256422997,0.0726490169763565,0.10621665418148041,0.010906046256422997
R1138_102,G,102,0.07697753608226776,0.1376866102218628,-0.0011708121746778488,0.07697753608226776,0.1376866102218628,-0.0011708121746778488,0.07697753608226776,0.1376866102218628,-0.0011708121746778488,0.07697753608226776,0.1376866102218628,-0.0011708121746778488,0.07697753608226776,0.1376866102218628,-0.0011708121746778488
R1138_103,C,103,0.09400167316198349,0.1427774578332901,-0.00041201524436473846,0.09400167316198349,0.1427774578332901,-0.00041201524436473846,0.09400167316198349,0.1427774578332901,-0.00041201524436473846,0.09400167316198349,0.1427774578332901,-0.00041201524436473846,0.09400167316198349,0.1427774578332901,-0.00041201524436473846
R1138_104,C,104,0.11289224028587341,0.10442203283309937,0.005240151658654213,0.11289224028587341,0.10442203283309937,0.005240151658654213,0.11289224028587341,0.10442203283309937,0.005240151658654213,0.11289224028587341,0.10442203283309937,0.005240151658654213,0.11289224028587341,0.10442203283309937,0.005240151658654213
R1138_105,U,105,0.09608975797891617,0.08680512011051178,-0.0008035618811845779,0.09608975797891617,0.08680512011051178,-0.0008035618811845779,0.09608975797891617,0.08680512011051178,-0.0008035618811845779,0.09608975797891617,0.08680512011051178,-0.0008035618811845779,0.09608975797891617,0.08680512011051178,-0.0008035618811845779
R1138_106,U,106,0.0961248055100441,0.0743587389588356,-0.0018157958984375,0.0961248055100441,0.0743587389588356,-0.0018157958984375,0.0961248055100441,0.0743587389588356,-0.0018157958984375,0.0961248055100441,0.0743587389588356,-0.0018157958984375,0.0961248055100441,0.0743587389588356,-0.0018157958984375
R1138_107,G,107,0.09750678390264511,0.08551354706287384,-0.007837388664484024,0.09750678390264511,0.08551354706287384,-0.007837388664484024,0.09750678390264511,0.08551354706287384,-0.007837388664484024,0.09750678390264511,0.08551354706287384,-0.007837388664484024,0.09750678390264511,0.08551354706287384,-0.007837388664484024
R1138_108,U,108,0.09327364712953568,0.10765673965215683,-0.006794380024075508,0.09327364712953568,0.10765673965215683,-0.006794380024075508,0.09327364712953568,0.10765673965215683,-0.006794380024075508,0.09327364712953568,0.10765673965215683,-0.006794380024075508,0.09327364712953568,0.10765673965215683,-0.006794380024075508
R1138_109,G,109,0.10815753787755966,0.1138441413640976,-0.02241634391248226,0.10815753787755966,0.1138441413640976,-0.02241634391248226,0.10815753787755966,0.1138441413640976,-0.02241634391248226,0.10815753787755966,0.1138441413640976,-0.02241634391248226,0.10815753787755966,0.1138441413640976,-0.02241634391248226
R1138_110,C,110,0.14028576016426086,0.053656645119190216,-0.026412243023514748,0.14028576016426086,0.053656645119190216,-0.026412243023514748,0.14028576016426086,0.053656645119190216,-0.026412243023514748,0.14028576016426086,0.053656645119190216,-0.026412243023514748,0.14028576016426086,0.053656645119190216,-0.026412243023514748
R1138_111,C,111,0.1307828575372696,0.014934721402823925,-0.014209424145519733,0.1307828575372696,0.014934721402823925,-0.014209424145519733,0.1307828575372696,0.014934721402823925,-0.014209424145519733,0.1307828575372696,0.014934721402823925,-0.014209424145519733,0.1307828575372696,0.014934721402823925,-0.014209424145519733
R1138_112,U,112,0.09500204026699066,0.05304063856601715,-0.002043822780251503,0.09500204026699066,0.05304063856601715,-0.002043822780251503,0.09500204026699066,0.05304063856601715,-0.002043822780251503,0.09500204026699066,0.05304063856601715,-0.002043822780251503,0.09500204026699066,0.05304063856601715,-0.002043822780251503
R1138_113,G,113,0.09624948352575302,0.044565051794052124,-0.003053305670619011,0.09624948352575302,0.044565051794052124,-0.003053305670619011,0.09624948352575302,0.044565051794052124,-0.003053305670619011,0.09624948352575302,0.044565051794052124,-0.003053305670619011,0.09624948352575302,0.044565051794052124,-0.003053305670619011
R1138_114,C,114,0.1088462695479393,0.0587436705827713,-0.01783107966184616,0.1088462695479393,0.0587436705827713,-0.01783107966184616,0.1088462695479393,0.0587436705827713,-0.01783107966184616,0.1088462695479393,0.0587436705827713,-0.01783107966184616,0.1088462695479393,0.0587436705827713,-0.01783107966184616
R1138_115,U,115,0.08587847650051117,0.09738845378160477,0.002949235960841179,0.08587847650051117,0.09738845378160477,0.002949235960841179,0.08587847650051117,0.09738845378160477,0.002949235960841179,0.08587847650051117,0.09738845378160477,0.002949235960841179,0.08587847650051117,0.09738845378160477,0.002949235960841179
R1138_116,U,116,0.08569201827049255,0.09364370256662369,0.0064755938947200775,0.08569201827049255,0.09364370256662369,0.0064755938947200775,0.08569201827049255,0.09364370256662369,0.0064755938947200775,0.08569201827049255,0.09364370256662369,0.0064755938947200775,0.08569201827049255,0.09364370256662369,0.0064755938947200775
R1138_117,C,117,0.11382757872343063,0.04903864488005638,0.0033872630447149277,0.11382757872343063,0.04903864488005638,0.0033872630447149277,0.11382757872343063,0.04903864488005638,0.0033872630447149277,0.11382757872343063,0.04903864488005638,0.0033872630447149277,0.11382757872343063,0.04903864488005638,0.0033872630447149277
R1138_118,G,118,0.08183716237545013,0.05625643581151962,0.0087739247828722,0.08183716237545013,0.05625643581151962,0.0087739247828722,0.08183716237545013,0.05625643581151962,0.0087739247828722,0.08183716237545013,0.05625643581151962,0.0087739247828722,0.08183716237545013,0.05625643581151962,0.0087739247828722
R1138_119,G,119,0.07578874379396439,0.055100955069065094,0.014977725222706795,0.07578874379396439,0.055100955069065094,0.014977725222706795,0.07578874379396439,0.055100955069065094,0.014977725222706795,0.07578874379396439,0.055100955069065094,0.014977725222706795,0.07578874379396439,0.055100955069065094,0.014977725222706795
R1138_120,C,120,0.07992477715015411,0.06661535054445267,0.022229431197047234,0.07992477715015411,0.06661535054445267,0.022229431197047234,0.07992477715015411,0.06661535054445267,0.022229431197047234,0.07992477715015411,0.06661535054445267,0.022229431197047234,0.07992477715015411,0.06661535054445267,0.022229431197047234
R1138_121,A,121,0.10277958959341049,0.06412231922149658,0.025862546637654305,0.10277958959341049,0.06412231922149658,0.025862546637654305,0.10277958959341049,0.06412231922149658,0.025862546637654305,0.10277958959341049,0.06412231922149658,0.025862546637654305,0.10277958959341049,0.06412231922149658,0.025862546637654305
R1138_122,G,122,0.08774643391370773,0.11232320219278336,0.00596625916659832,0.08774643391370773,0.11232320219278336,0.00596625916659832,0.08774643391370773,0.11232320219278336,0.00596625916659832,0.08774643391370773,0.11232320219278336,0.00596625916659832,0.08774643391370773,0.11232320219278336,0.00596625916659832
R1138_123,G,123,0.09798932820558548,0.08496834337711334,0.007294017821550369,0.09798932820558548,0.08496834337711334,0.007294017821550369,0.09798932820558548,0.08496834337711334,0.007294017821550369,0.09798932820558548,0.08496834337711334,0.007294017821550369,0.09798932820558548,0.08496834337711334,0.007294017821550369
R1138_124,C,124,0.11632251739501953,0.039320800453424454,0.006291251629590988,0.11632251739501953,0.039320800453424454,0.006291251629590988,0.11632251739501953,0.039320800453424454,0.006291251629590988,0.11632251739501953,0.039320800453424454,0.006291251629590988,0.11632251739501953,0.039320800453424454,0.006291251629590988
R1138_125,A,125,0.10767680406570435,0.022257989272475243,0.022297212854027748,0.10767680406570435,0.022257989272475243,0.022297212854027748,0.10767680406570435,0.022257989272475243,0.022297212854027748,0.10767680406570435,0.022257989272475243,0.022297212854027748,0.10767680406570435,0.022257989272475243,0.022297212854027748
R1138_126,U,126,0.09104614704847336,0.0680224746465683,0.010553861036896706,0.09104614704847336,0.0680224746465683,0.010553861036896706,0.09104614704847336,0.0680224746465683,0.010553861036896706,0.09104614704847336,0.0680224746465683,0.010553861036896706,0.09104614704847336,0.0680224746465683,0.010553861036896706
R1138_127,G,127,0.110008604824543,0.08165030181407928,-0.0012927539646625519,0.110008604824543,0.08165030181407928,-0.0012927539646625519,0.110008604824543,0.08165030181407928,-0.0012927539646625519,0.110008604824543,0.08165030181407928,-0.0012927539646625519,0.110008604824543,0.08165030181407928,-0.0012927539646625519
R1138_128,A,128,0.17538975179195404,0.020640309900045395,0.0021506473422050476,0.17538975179195404,0.020640309900045395,0.0021506473422050476,0.17538975179195404,0.020640309900045395,0.0021506473422050476,0.17538975179195404,0.020640309900045395,0.0021506473422050476,0.17538975179195404,0.020640309900045395,0.0021506473422050476
R1138_129,C,129,0.15307827293872833,0.0156355369836092,-0.0002529658377170563,0.15307827293872833,0.0156355369836092,-0.0002529658377170563,0.15307827293872833,0.0156355369836092,-0.0002529658377170563,0.15307827293872833,0.0156355369836092,-0.0002529658377170563,0.15307827293872833,0.0156355369836092,-0.0002529658377170563
R1138_130,C,130,0.14911596477031708,-0.024720901623368263,0.01908990927040577,0.14911596477031708,-0.024720901623368263,0.01908990927040577,0.14911596477031708,-0.024720901623368263,0.01908990927040577,0.14911596477031708,-0.024720901623368263,0.01908990927040577,0.14911596477031708,-0.024720901623368263,0.01908990927040577
R1138_131,C,131,0.13777659833431244,-0.027651214972138405,0.02485196478664875,0.13777659833431244,-0.027651214972138405,0.02485196478664875,0.13777659833431244,-0.027651214972138405,0.02485196478664875,0.13777659833431244,-0.027651214972138405,0.02485196478664875,0.13777659833431244,-0.027651214972138405,0.02485196478664875
R1138_132,A,132,0.15103934705257416,-0.022203372791409492,0.03768898546695709,0.15103934705257416,-0.022203372791409492,0.03768898546695709,0.15103934705257416,-0.022203372791409492,0.03768898546695709,0.15103934705257416,-0.022203372791409492,0.03768898546695709,0.15103934705257416,-0.022203372791409492,0.03768898546695709
R1138_133,A,133,0.15886841714382172,0.02467944473028183,0.0038879215717315674,0.15886841714382172,0.02467944473028183,0.0038879215717315674,0.15886841714382172,0.02467944473028183,0.0038879215717315674,0.15886841714382172,0.02467944473028183,0.0038879215717315674,0.15886841714382172,0.02467944473028183,0.0038879215717315674
R1138_134,A,134,0.19133397936820984,0.06512869894504547,-0.016610704362392426,0.19133397936820984,0.06512869894504547,-0.016610704362392426,0.19133397936820984,0.06512869894504547,-0.016610704362392426,0.19133397936820984,0.06512869894504547,-0.016610704362392426,0.19133397936820984,0.06512869894504547,-0.016610704362392426
R1138_135,U,135,0.10380728542804718,0.07135505974292755,0.016623737290501595,0.10380728542804718,0.07135505974292755,0.016623737290501595,0.10380728542804718,0.07135505974292755,0.016623737290501595,0.10380728542804718,0.07135505974292755,0.016623737290501595,0.10380728542804718,0.07135505974292755,0.016623737290501595
R1138_136,G,136,0.10648059844970703,0.04767262935638428,0.018352670595049858,0.10648059844970703,0.04767262935638428,0.018352670595049858,0.10648059844970703,0.04767262935638428,0.018352670595049858,0.10648059844970703,0.04767262935638428,0.018352670595049858,0.10648059844970703,0.04767262935638428,0.018352670595049858
R1138_137,U,137,0.09038877487182617,0.044400736689567566,0.025498295202851295,0.09038877487182617,0.044400736689567566,0.025498295202851295,0.09038877487182617,0.044400736689567566,0.025498295202851295,0.09038877487182617,0.044400736689567566,0.025498295202851295,0.09038877487182617,0.044400736689567566,0.025498295202851295
R1138_138,G,138,0.08773186057806015,0.0421888642013073,0.0257111843675375,0.08773186057806015,0.0421888642013073,0.0257111843675375,0.08773186057806015,0.0421888642013073,0.0257111843675375,0.08773186057806015,0.0421888642013073,0.0257111843675375,0.08773186057806015,0.0421888642013073,0.0257111843675375
R1138_139,C,139,0.09284958243370056,0.0638437420129776,0.019391903653740883,0.09284958243370056,0.0638437420129776,0.019391903653740883,0.09284958243370056,0.0638437420129776,0.019391903653740883,0.09284958243370056,0.0638437420129776,0.019391903653740883,0.09284958243370056,0.0638437420129776,0.019391903653740883
R1138_140,C,140,0.09744641184806824,0.09672984480857849,0.006805315613746643,0.09744641184806824,0.09672984480857849,0.006805315613746643,0.09744641184806824,0.09672984480857849,0.006805315613746643,0.09744641184806824,0.09672984480857849,0.006805315613746643,0.09744641184806824,0.09672984480857849,0.006805315613746643
R1138_141,U,141,0.08811962604522705,0.09101740270853043,0.018635684624314308,0.08811962604522705,0.09101740270853043,0.018635684624314308,0.08811962604522705,0.09101740270853043,0.018635684624314308,0.08811962604522705,0.09101740270853043,0.018635684624314308,0.08811962604522705,0.09101740270853043,0.018635684624314308
R1138_142,U,142,0.09126774966716766,0.07097095251083374,0.016134554520249367,0.09126774966716766,0.07097095251083374,0.016134554520249367,0.09126774966716766,0.07097095251083374,0.016134554520249367,0.09126774966716766,0.07097095251083374,0.016134554520249367,0.09126774966716766,0.07097095251083374,0.016134554520249367
R1138_143,U,143,0.09424911439418793,0.048516131937503815,0.013363277539610863,0.09424911439418793,0.048516131937503815,0.013363277539610863,0.09424911439418793,0.048516131937503815,0.013363277539610863,0.09424911439418793,0.048516131937503815,0.013363277539610863,0.09424911439418793,0.048516131937503815,0.013363277539610863
R1138_144,C,144,0.10744331032037735,0.015316750854253769,0.0006610415875911713,0.10744331032037735,0.015316750854253769,0.0006610415875911713,0.10744331032037735,0.015316750854253769,0.0006610415875911713,0.10744331032037735,0.015316750854253769,0.0006610415875911713,0.10744331032037735,0.015316750854253769,0.0006610415875911713
R1138_145,G,145,0.1024506539106369,0.05668746680021286,0.004878532141447067,0.1024506539106369,0.05668746680021286,0.004878532141447067,0.1024506539106369,0.05668746680021286,0.004878532141447067,0.1024506539106369,0.05668746680021286,0.004878532141447067,0.1024506539106369,0.05668746680021286,0.004878532141447067
R1138_146,G,146,0.10844476521015167,0.07780975848436356,-0.0012501683086156845,0.10844476521015167,0.07780975848436356,-0.0012501683086156845,0.10844476521015167,0.07780975848436356,-0.0012501683086156845,0.10844476521015167,0.07780975848436356,-0.0012501683086156845,0.10844476521015167,0.07780975848436356,-0.0012501683086156845
R1138_147,G,147,0.11254309862852097,0.06894645094871521,-0.002561485394835472,0.11254309862852097,0.06894645094871521,-0.002561485394835472,0.11254309862852097,0.06894645094871521,-0.002561485394835472,0.11254309862852097,0.06894645094871521,-0.002561485394835472,0.11254309862852097,0.06894645094871521,-0.002561485394835472
R1138_148,G,148,0.11831268668174744,0.036327216774225235,0.002180080860853195,0.11831268668174744,0.036327216774225235,0.002180080860853195,0.11831268668174744,0.036327216774225235,0.002180080860853195,0.11831268668174744,0.036327216774225235,0.002180080860853195,0.11831268668174744,0.036327216774225235,0.002180080860853195
R1138_149,C,149,0.12724930047988892,-0.03080531395971775,0.0213205236941576,0.12724930047988892,-0.03080531395971775,0.0213205236941576,0.12724930047988892,-0.03080531395971775,0.0213205236941576,0.12724930047988892,-0.03080531395971775,0.0213205236941576,0.12724930047988892,-0.03080531395971775,0.0213205236941576
R1138_150,A,150,0.1056763157248497,-0.058031901717185974,0.043926872313022614,0.1056763157248497,-0.058031901717185974,0.043926872313022614,0.1056763157248497,-0.058031901717185974,0.043926872313022614,0.1056763157248497,-0.058031901717185974,0.043926872313022614,0.1056763157248497,-0.058031901717185974,0.043926872313022614
R1138_151,C,151,0.10685514658689499,0.014370356686413288,-0.0019779112190008163,0.10685514658689499,0.014370356686413288,-0.0019779112190008163,0.10685514658689499,0.014370356686413288,-0.0019779112190008163,0.10685514658689499,0.014370356686413288,-0.0019779112190008163,0.10685514658689499,0.014370356686413288,-0.0019779112190008163
R1138_152,A,152,0.08357144147157669,0.05835609883069992,-0.03150778263807297,0.08357144147157669,0.05835609883069992,-0.03150778263807297,0.08357144147157669,0.05835609883069992,-0.03150778263807297,0.08357144147157669,0.05835609883069992,-0.03150778263807297,0.08357144147157669,0.05835609883069992,-0.03150778263807297
R1138_153,U,153,0.08613760769367218,0.08278654515743256,0.00858919508755207,0.08613760769367218,0.08278654515743256,0.00858919508755207,0.08613760769367218,0.08278654515743256,0.00858919508755207,0.08613760769367218,0.08278654515743256,0.00858919508755207,0.08613760769367218,0.08278654515743256,0.00858919508755207
R1138_154,U,154,0.08030294626951218,0.0709843784570694,0.014572294428944588,0.08030294626951218,0.0709843784570694,0.014572294428944588,0.08030294626951218,0.0709843784570694,0.014572294428944588,0.08030294626951218,0.0709843784570694,0.014572294428944588,0.08030294626951218,0.0709843784570694,0.014572294428944588
R1138_155,U,155,0.07449638843536377,0.0551241934299469,0.018167046830058098,0.07449638843536377,0.0551241934299469,0.018167046830058098,0.07449638843536377,0.0551241934299469,0.018167046830058098,0.07449638843536377,0.0551241934299469,0.018167046830058098,0.07449638843536377,0.0551241934299469,0.018167046830058098
R1138_156,C,156,0.05463016778230667,0.027804648503661156,0.02316439338028431,0.05463016778230667,0.027804648503661156,0.02316439338028431,0.05463016778230667,0.027804648503661156,0.02316439338028431,0.05463016778230667,0.027804648503661156,0.02316439338028431,0.05463016778230667,0.027804648503661156,0.02316439338028431
R1138_157,C,157,0.04837196320295334,0.053375184535980225,0.0007982570677995682,0.04837196320295334,0.053375184535980225,0.0007982570677995682,0.04837196320295334,0.053375184535980225,0.0007982570677995682,0.04837196320295334,0.053375184535980225,0.0007982570677995682,0.04837196320295334,0.053375184535980225,0.0007982570677995682
R1138_158,G,158,0.05675709620118141,0.0978875383734703,0.0036670491099357605,0.05675709620118141,0.0978875383734703,0.0036670491099357605,0.05675709620118141,0.0978875383734703,0.0036670491099357605,0.05675709620118141,0.0978875383734703,0.0036670491099357605,0.05675709620118141,0.0978875383734703,0.0036670491099357605
R1138_159,G,159,0.05032667890191078,0.12433605641126633,0.005535701289772987,0.05032667890191078,0.12433605641126633,0.005535701289772987,0.05032667890191078,0.12433605641126633,0.005535701289772987,0.05032667890191078,0.12433605641126633,0.005535701289772987,0.05032667890191078,0.12433605641126633,0.005535701289772987
R1138_160,U,160,0.052416130900382996,0.11291307955980301,0.01478477381169796,0.052416130900382996,0.11291307955980301,0.01478477381169796,0.052416130900382996,0.11291307955980301,0.01478477381169796,0.052416130900382996,0.11291307955980301,0.01478477381169796,0.052416130900382996,0.11291307955980301,0.01478477381169796
R1138_161,C,161,0.05102153122425079,0.09426145255565643,0.010391416028141975,0.05102153122425079,0.09426145255565643,0.010391416028141975,0.05102153122425079,0.09426145255565643,0.010391416028141975,0.05102153122425079,0.09426145255565643,0.010391416028141975,0.05102153122425079,0.09426145255565643,0.010391416028141975
R1138_162,A,162,0.034226685762405396,0.07517001777887344,0.007062431424856186,0.034226685762405396,0.07517001777887344,0.007062431424856186,0.034226685762405396,0.07517001777887344,0.007062431424856186,0.034226685762405396,0.07517001777887344,0.007062431424856186,0.034226685762405396,0.07517001777887344,0.007062431424856186
R1138_163,U,163,0.05868924409151077,0.07656916975975037,0.008424067869782448,0.05868924409151077,0.07656916975975037,0.008424067869782448,0.05868924409151077,0.07656916975975037,0.008424067869782448,0.05868924409151077,0.07656916975975037,0.008424067869782448,0.05868924409151077,0.07656916975975037,0.008424067869782448
R1138_164,C,164,0.04909248650074005,0.09486008435487747,-0.010506954975426197,0.04909248650074005,0.09486008435487747,-0.010506954975426197,0.04909248650074005,0.09486008435487747,-0.010506954975426197,0.04909248650074005,0.09486008435487747,-0.010506954975426197,0.04909248650074005,0.09486008435487747,-0.010506954975426197
R1138_165,C,165,0.05472753569483757,0.11068811267614365,-0.005153374746441841,0.05472753569483757,0.11068811267614365,-0.005153374746441841,0.05472753569483757,0.11068811267614365,-0.005153374746441841,0.05472753569483757,0.11068811267614365,-0.005153374746441841,0.05472753569483757,0.11068811267614365,-0.005153374746441841
R1138_166,A,166,0.04345020651817322,0.04155939817428589,0.007726142182946205,0.04345020651817322,0.04155939817428589,0.007726142182946205,0.04345020651817322,0.04155939817428589,0.007726142182946205,0.04345020651817322,0.04155939817428589,0.007726142182946205,0.04345020651817322,0.04155939817428589,0.007726142182946205
R1138_167,A,167,0.049382977187633514,-0.018022136762738228,0.032383404672145844,0.049382977187633514,-0.018022136762738228,0.032383404672145844,0.049382977187633514,-0.018022136762738228,0.032383404672145844,0.049382977187633514,-0.018022136762738228,0.032383404672145844,0.049382977187633514,-0.018022136762738228,0.032383404672145844
R1138_168,G,168,0.07166730612516403,0.03578707203269005,0.0009867828339338303,0.07166730612516403,0.03578707203269005,0.0009867828339338303,0.07166730612516403,0.03578707203269005,0.0009867828339338303,0.07166730612516403,0.03578707203269005,0.0009867828339338303,0.07166730612516403,0.03578707203269005,0.0009867828339338303
R1138_169,U,169,0.06619561463594437,0.04682999849319458,0.006177674978971481,0.06619561463594437,0.04682999849319458,0.006177674978971481,0.06619561463594437,0.04682999849319458,0.006177674978971481,0.06619561463594437,0.04682999849319458,0.006177674978971481,0.06619561463594437,0.04682999849319458,0.006177674978971481
R1138_170,U,170,0.0626056045293808,0.0682852491736412,0.006295803934335709,0.0626056045293808,0.0682852491736412,0.006295803934335709,0.0626056045293808,0.0682852491736412,0.006295803934335709,0.0626056045293808,0.0682852491736412,0.006295803934335709,0.0626056045293808,0.0682852491736412,0.006295803934335709
R1138_171,C,171,0.045733314007520676,0.08714514225721359,-0.00404585525393486,0.045733314007520676,0.08714514225721359,-0.00404585525393486,0.045733314007520676,0.08714514225721359,-0.00404585525393486,0.045733314007520676,0.08714514225721359,-0.00404585525393486,0.045733314007520676,0.08714514225721359,-0.00404585525393486
R1138_172,G,172,0.0471121184527874,0.09606365859508514,0.007916232571005821,0.0471121184527874,0.09606365859508514,0.007916232571005821,0.0471121184527874,0.09606365859508514,0.007916232571005821,0.0471121184527874,0.09606365859508514,0.007916232571005821,0.0471121184527874,0.09606365859508514,0.007916232571005821
R1138_173,C,173,0.0358332097530365,0.056260332465171814,0.02300378493964672,0.0358332097530365,0.056260332465171814,0.02300378493964672,0.0358332097530365,0.056260332465171814,0.02300378493964672,0.0358332097530365,0.056260332465171814,0.02300378493964672,0.0358332097530365,0.056260332465171814,0.02300378493964672
R1138_174,U,174,0.04595732316374779,0.05927054584026337,0.024109872058033943,0.04595732316374779,0.05927054584026337,0.024109872058033943,0.04595732316374779,0.05927054584026337,0.024109872058033943,0.04595732316374779,0.05927054584026337,0.024109872058033943,0.04595732316374779,0.05927054584026337,0.024109872058033943
R1138_175,U,175,0.04465913027524948,0.05154678225517273,0.025367533788084984,0.04465913027524948,0.05154678225517273,0.025367533788084984,0.04465913027524948,0.05154678225517273,0.025367533788084984,0.04465913027524948,0.05154678225517273,0.025367533788084984,0.04465913027524948,0.05154678225517273,0.025367533788084984
R1138_176,G,176,0.03267785534262657,0.048392944037914276,0.030370453372597694,0.03267785534262657,0.048392944037914276,0.030370453372597694,0.03267785534262657,0.048392944037914276,0.030370453372597694,0.03267785534262657,0.048392944037914276,0.030370453372597694,0.03267785534262657,0.048392944037914276,0.030370453372597694
R1138_177,G,177,0.031124187633395195,0.08323808014392853,0.029537824913859367,0.031124187633395195,0.08323808014392853,0.029537824913859367,0.031124187633395195,0.08323808014392853,0.029537824913859367,0.031124187633395195,0.08323808014392853,0.029537824913859367,0.031124187633395195,0.08323808014392853,0.029537824913859367
R1138_178,G,178,0.027174949645996094,0.10835492610931396,0.029334193095564842,0.027174949645996094,0.10835492610931396,0.029334193095564842,0.027174949645996094,0.10835492610931396,0.029334193095564842,0.027174949645996094,0.10835492610931396,0.029334193095564842,0.027174949645996094,0.10835492610931396,0.029334193095564842
R1138_179,U,179,0.034481849521398544,0.10714785009622574,0.030575143173336983,0.034481849521398544,0.10714785009622574,0.030575143173336983,0.034481849521398544,0.10714785009622574,0.030575143173336983,0.034481849521398544,0.10714785009622574,0.030575143173336983,0.034481849521398544,0.10714785009622574,0.030575143173336983
R1138_180,G,180,0.03026295080780983,0.0812402293086052,0.03478144854307175,0.03026295080780983,0.0812402293086052,0.03478144854307175,0.03026295080780983,0.0812402293086052,0.03478144854307175,0.03026295080780983,0.0812402293086052,0.03478144854307175,0.03026295080780983,0.0812402293086052,0.03478144854307175
R1138_181,A,181,-0.003460755106061697,0.04705386236310005,0.05204252898693085,-0.003460755106061697,0.04705386236310005,0.05204252898693085,-0.003460755106061697,0.04705386236310005,0.05204252898693085,-0.003460755106061697,0.04705386236310005,0.05204252898693085,-0.003460755106061697,0.04705386236310005,0.05204252898693085
R1138_182,U,182,0.04357846826314926,0.06940572708845139,0.02877637930214405,0.04357846826314926,0.06940572708845139,0.02877637930214405,0.04357846826314926,0.06940572708845139,0.02877637930214405,0.04357846826314926,0.06940572708845139,0.02877637930214405,0.04357846826314926,0.06940572708845139,0.02877637930214405
R1138_183,G,183,0.04625396803021431,0.08457919955253601,0.025431053712964058,0.04625396803021431,0.08457919955253601,0.025431053712964058,0.04625396803021431,0.08457919955253601,0.025431053712964058,0.04625396803021431,0.08457919955253601,0.025431053712964058,0.04625396803021431,0.08457919955253601,0.025431053712964058
R1138_184,C,184,0.047292470932006836,0.09689194709062576,0.02571968175470829,0.047292470932006836,0.09689194709062576,0.02571968175470829,0.047292470932006836,0.09689194709062576,0.02571968175470829,0.047292470932006836,0.09689194709062576,0.02571968175470829,0.047292470932006836,0.09689194709062576,0.02571968175470829
R1138_185,G,185,0.05668191239237785,0.08979054540395737,0.023406023159623146,0.05668191239237785,0.08979054540395737,0.023406023159623146,0.05668191239237785,0.08979054540395737,0.023406023159623146,0.05668191239237785,0.08979054540395737,0.023406023159623146,0.05668191239237785,0.08979054540395737,0.023406023159623146
R1138_186,G,186,0.06869998574256897,0.05118061602115631,0.02454243041574955,0.06869998574256897,0.05118061602115631,0.02454243041574955,0.06869998574256897,0.05118061602115631,0.02454243041574955,0.06869998574256897,0.05118061602115631,0.02454243041574955,0.06869998574256897,0.05118061602115631,0.02454243041574955
R1138_187,G,187,0.07449060678482056,0.012755045667290688,0.027795901522040367,0.07449060678482056,0.012755045667290688,0.027795901522040367,0.07449060678482056,0.012755045667290688,0.027795901522040367,0.07449060678482056,0.012755045667290688,0.027795901522040367,0.07449060678482056,0.012755045667290688,0.027795901522040367
R1138_188,C,188,0.07932630926370621,-0.014715207740664482,0.040050894021987915,0.07932630926370621,-0.014715207740664482,0.040050894021987915,0.07932630926370621,-0.014715207740664482,0.040050894021987915,0.07932630926370621,-0.014715207740664482,0.040050894021987915,0.07932630926370621,-0.014715207740664482,0.040050894021987915
R1138_189,G,189,0.0733841210603714,0.03783731162548065,0.03396674990653992,0.0733841210603714,0.03783731162548065,0.03396674990653992,0.0733841210603714,0.03783731162548065,0.03396674990653992,0.0733841210603714,0.03783731162548065,0.03396674990653992,0.0733841210603714,0.03783731162548065,0.03396674990653992
R1138_190,U,190,0.07372195273637772,0.0678621381521225,0.030783409252762794,0.07372195273637772,0.0678621381521225,0.030783409252762794,0.07372195273637772,0.0678621381521225,0.030783409252762794,0.07372195273637772,0.0678621381521225,0.030783409252762794,0.07372195273637772,0.0678621381521225,0.030783409252762794
R1138_191,A,191,0.0957433357834816,0.02133134938776493,0.047625832259655,0.0957433357834816,0.02133134938776493,0.047625832259655,0.0957433357834816,0.02133134938776493,0.047625832259655,0.0957433357834816,0.02133134938776493,0.047625832259655,0.0957433357834816,0.02133134938776493,0.047625832259655
R1138_192,U,192,0.0691806748509407,0.050965823233127594,0.04408513754606247,0.0691806748509407,0.050965823233127594,0.04408513754606247,0.0691806748509407,0.050965823233127594,0.04408513754606247,0.0691806748509407,0.050965823233127594,0.04408513754606247,0.0691806748509407,0.050965823233127594,0.04408513754606247
R1138_193,A,193,0.04564892500638962,-0.031938716769218445,0.15054330229759216,0.04564892500638962,-0.031938716769218445,0.15054330229759216,0.04564892500638962,-0.031938716769218445,0.15054330229759216,0.04564892500638962,-0.031938716769218445,0.15054330229759216,0.04564892500638962,-0.031938716769218445,0.15054330229759216
R1138_194,G,194,0.061945367604494095,0.014572937972843647,0.054593801498413086,0.061945367604494095,0.014572937972843647,0.054593801498413086,0.061945367604494095,0.014572937972843647,0.054593801498413086,0.061945367604494095,0.014572937972843647,0.054593801498413086,0.061945367604494095,0.014572937972843647,0.054593801498413086
R1138_195,G,195,0.06032682582736015,0.04061148315668106,0.04411066323518753,0.06032682582736015,0.04061148315668106,0.04411066323518753,0.06032682582736015,0.04061148315668106,0.04411066323518753,0.06032682582736015,0.04061148315668106,0.04411066323518753,0.06032682582736015,0.04061148315668106,0.04411066323518753
R1138_196,U,196,0.0636013001203537,0.07278688251972198,0.042586229741573334,0.0636013001203537,0.07278688251972198,0.042586229741573334,0.0636013001203537,0.07278688251972198,0.042586229741573334,0.0636013001203537,0.07278688251972198,0.042586229741573334,0.0636013001203537,0.07278688251972198,0.042586229741573334
R1138_197,U,197,0.06053590774536133,0.08374037593603134,0.04809613525867462,0.06053590774536133,0.08374037593603134,0.04809613525867462,0.06053590774536133,0.08374037593603134,0.04809613525867462,0.06053590774536133,0.08374037593603134,0.04809613525867462,0.06053590774536133,0.08374037593603134,0.04809613525867462
R1138_198,C,198,0.04901818931102753,0.06931618601083755,0.0668240487575531,0.04901818931102753,0.06931618601083755,0.0668240487575531,0.04901818931102753,0.06931618601083755,0.0668240487575531,0.04901818931102753,0.06931618601083755,0.0668240487575531,0.04901818931102753,0.06931618601083755,0.0668240487575531
R1138_199,G,199,0.0561225488781929,0.0452653169631958,0.05533358454704285,0.0561225488781929,0.0452653169631958,0.05533358454704285,0.0561225488781929,0.0452653169631958,0.05533358454704285,0.0561225488781929,0.0452653169631958,0.05533358454704285,0.0561225488781929,0.0452653169631958,0.05533358454704285
R1138_200,U,200,0.06694351136684418,0.038727495819330215,0.04920266568660736,0.06694351136684418,0.038727495819330215,0.04920266568660736,0.06694351136684418,0.038727495819330215,0.04920266568660736,0.06694351136684418,0.038727495819330215,0.04920266568660736,0.06694351136684418,0.038727495819330215,0.04920266568660736
R1138_201,C,201,0.0687602162361145,0.013408668339252472,0.05776282399892807,0.0687602162361145,0.013408668339252472,0.05776282399892807,0.0687602162361145,0.013408668339252472,0.05776282399892807,0.0687602162361145,0.013408668339252472,0.05776282399892807,0.0687602162361145,0.013408668339252472,0.05776282399892807
R1138_202,U,202,0.07314582914113998,0.06840714812278748,0.04261619597673416,0.07314582914113998,0.06840714812278748,0.04261619597673416,0.07314582914113998,0.06840714812278748,0.04261619597673416,0.07314582914113998,0.06840714812278748,0.04261619597673416,0.07314582914113998,0.06840714812278748,0.04261619597673416
R1138_203,A,203,0.08644181489944458,0.07358134537935257,0.05542520433664322,0.08644181489944458,0.07358134537935257,0.05542520433664322,0.08644181489944458,0.07358134537935257,0.05542520433664322,0.08644181489944458,0.07358134537935257,0.05542520433664322,0.08644181489944458,0.07358134537935257,0.05542520433664322
R1138_204,U,204,0.08252224326133728,0.077118881046772,0.03870286047458649,0.08252224326133728,0.077118881046772,0.03870286047458649,0.08252224326133728,0.077118881046772,0.03870286047458649,0.08252224326133728,0.077118881046772,0.03870286047458649,0.08252224326133728,0.077118881046772,0.03870286047458649
R1138_205,A,205,0.12595272064208984,-0.008378557860851288,0.10125884413719177,0.12595272064208984,-0.008378557860851288,0.10125884413719177,0.12595272064208984,-0.008378557860851288,0.10125884413719177,0.12595272064208984,-0.008378557860851288,0.10125884413719177,0.12595272064208984,-0.008378557860851288,0.10125884413719177
R1138_206,C,206,0.11857320368289948,-0.03597569465637207,0.05883147567510605,0.11857320368289948,-0.03597569465637207,0.05883147567510605,0.11857320368289948,-0.03597569465637207,0.05883147567510605,0.11857320368289948,-0.03597569465637207,0.05883147567510605,0.11857320368289948,-0.03597569465637207,0.05883147567510605
R1138_207,G,207,0.1089821308851242,-0.0009676069021224976,0.04161054641008377,0.1089821308851242,-0.0009676069021224976,0.04161054641008377,0.1089821308851242,-0.0009676069021224976,0.04161054641008377,0.1089821308851242,-0.0009676069021224976,0.04161054641008377,0.1089821308851242,-0.0009676069021224976,0.04161054641008377
R1138_208,U,208,0.09701583534479141,0.04348647594451904,0.035067617893218994,0.09701583534479141,0.04348647594451904,0.035067617893218994,0.09701583534479141,0.04348647594451904,0.035067617893218994,0.09701583534479141,0.04348647594451904,0.035067617893218994,0.09701583534479141,0.04348647594451904,0.035067617893218994
R1138_209,C,209,0.11639393866062164,0.053225092589855194,0.03389820456504822,0.11639393866062164,0.053225092589855194,0.03389820456504822,0.11639393866062164,0.053225092589855194,0.03389820456504822,0.11639393866062164,0.053225092589855194,0.03389820456504822,0.11639393866062164,0.053225092589855194,0.03389820456504822
R1138_210,C,210,0.10132458060979843,0.05151858925819397,0.043392524123191833,0.10132458060979843,0.05151858925819397,0.043392524123191833,0.10132458060979843,0.05151858925819397,0.043392524123191833,0.10132458060979843,0.05151858925819397,0.043392524123191833,0.10132458060979843,0.05151858925819397,0.043392524123191833
R1138_211,G,211,0.09581878781318665,0.027059275656938553,0.04654349386692047,0.09581878781318665,0.027059275656938553,0.04654349386692047,0.09581878781318665,0.027059275656938553,0.04654349386692047,0.09581878781318665,0.027059275656938553,0.04654349386692047,0.09581878781318665,0.027059275656938553,0.04654349386692047
R1138_212,C,212,0.08222389221191406,-0.03288249671459198,0.08630823343992233,0.08222389221191406,-0.03288249671459198,0.08630823343992233,0.08222389221191406,-0.03288249671459198,0.08630823343992233,0.08222389221191406,-0.03288249671459198,0.08630823343992233,0.08222389221191406,-0.03288249671459198,0.08630823343992233
R1138_213,G,213,0.09351496398448944,0.007333110086619854,0.04236642271280289,0.09351496398448944,0.007333110086619854,0.04236642271280289,0.09351496398448944,0.007333110086619854,0.04236642271280289,0.09351496398448944,0.007333110086619854,0.04236642271280289,0.09351496398448944,0.007333110086619854,0.04236642271280289
R1138_214,U,214,0.07760751247406006,0.05175075680017471,0.03537559509277344,0.07760751247406006,0.05175075680017471,0.03537559509277344,0.07760751247406006,0.05175075680017471,0.03537559509277344,0.07760751247406006,0.05175075680017471,0.03537559509277344,0.07760751247406006,0.05175075680017471,0.03537559509277344
R1138_215,U,215,0.06824252754449844,0.07978858053684235,0.03637022525072098,0.06824252754449844,0.07978858053684235,0.03637022525072098,0.06824252754449844,0.07978858053684235,0.03637022525072098,0.06824252754449844,0.07978858053684235,0.03637022525072098,0.06824252754449844,0.07978858053684235,0.03637022525072098
R1138_216,U,216,0.06207174062728882,0.09390900284051895,0.04212605208158493,0.06207174062728882,0.09390900284051895,0.04212605208158493,0.06207174062728882,0.09390900284051895,0.04212605208158493,0.06207174062728882,0.09390900284051895,0.04212605208158493,0.06207174062728882,0.09390900284051895,0.04212605208158493
R1138_217,U,217,0.060036834329366684,0.08391665667295456,0.04557729512453079,0.060036834329366684,0.08391665667295456,0.04557729512453079,0.060036834329366684,0.08391665667295456,0.04557729512453079,0.060036834329366684,0.08391665667295456,0.04557729512453079,0.060036834329366684,0.08391665667295456,0.04557729512453079
R1138_218,C,218,0.044756293296813965,0.03990782052278519,0.0739860087633133,0.044756293296813965,0.03990782052278519,0.0739860087633133,0.044756293296813965,0.03990782052278519,0.0739860087633133,0.044756293296813965,0.03990782052278519,0.0739860087633133,0.044756293296813965,0.03990782052278519,0.0739860087633133
R1138_219,C,219,0.04975295439362526,0.027714921161532402,0.05734807997941971,0.04975295439362526,0.027714921161532402,0.05734807997941971,0.04975295439362526,0.027714921161532402,0.05734807997941971,0.04975295439362526,0.027714921161532402,0.05734807997941971,0.04975295439362526,0.027714921161532402,0.05734807997941971
R1138_220,G,220,0.058377545326948166,0.07024769484996796,0.03630609065294266,0.058377545326948166,0.07024769484996796,0.03630609065294266,0.058377545326948166,0.07024769484996796,0.03630609065294266,0.058377545326948166,0.07024769484996796,0.03630609065294266,0.058377545326948166,0.07024769484996796,0.03630609065294266
R1138_221,A,221,0.03296731412410736,0.10599762201309204,0.05135210603475571,0.03296731412410736,0.10599762201309204,0.05135210603475571,0.03296731412410736,0.10599762201309204,0.05135210603475571,0.03296731412410736,0.10599762201309204,0.05135210603475571,0.03296731412410736,0.10599762201309204,0.05135210603475571
R1138_222,G,222,0.06080026924610138,0.12674297392368317,0.03459254652261734,0.06080026924610138,0.12674297392368317,0.03459254652261734,0.06080026924610138,0.12674297392368317,0.03459254652261734,0.06080026924610138,0.12674297392368317,0.03459254652261734,0.06080026924610138,0.12674297392368317,0.03459254652261734
R1138_223,A,223,0.05278753489255905,0.09607112407684326,0.09946541488170624,0.05278753489255905,0.09607112407684326,0.09946541488170624,0.05278753489255905,0.09607112407684326,0.09946541488170624,0.05278753489255905,0.09607112407684326,0.09946541488170624,0.05278753489255905,0.09607112407684326,0.09946541488170624
R1138_224,A,224,0.08691498637199402,0.03869345784187317,0.10044149309396744,0.08691498637199402,0.03869345784187317,0.10044149309396744,0.08691498637199402,0.03869345784187317,0.10044149309396744,0.08691498637199402,0.03869345784187317,0.10044149309396744,0.08691498637199402,0.03869345784187317,0.10044149309396744
R1138_225,G,225,0.09286673367023468,0.04011383652687073,0.029941825196146965,0.09286673367023468,0.04011383652687073,0.029941825196146965,0.09286673367023468,0.04011383652687073,0.029941825196146965,0.09286673367023468,0.04011383652687073,0.029941825196146965,0.09286673367023468,0.04011383652687073,0.029941825196146965
R1138_226,A,226,0.09148207306861877,0.017231998965144157,0.03989073634147644,0.09148207306861877,0.017231998965144157,0.03989073634147644,0.09148207306861877,0.017231998965144157,0.03989073634147644,0.09148207306861877,0.017231998965144157,0.03989073634147644,0.09148207306861877,0.017231998965144157,0.03989073634147644
R1138_227,G,227,0.08281812816858292,0.08031469583511353,0.02729872427880764,0.08281812816858292,0.08031469583511353,0.02729872427880764,0.08281812816858292,0.08031469583511353,0.02729872427880764,0.08281812816858292,0.08031469583511353,0.02729872427880764,0.08281812816858292,0.08031469583511353,0.02729872427880764
R1138_228,G,228,0.07881498336791992,0.10932603478431702,0.026320824399590492,0.07881498336791992,0.10932603478431702,0.026320824399590492,0.07881498336791992,0.10932603478431702,0.026320824399590492,0.07881498336791992,0.10932603478431702,0.026320824399590492,0.07881498336791992,0.10932603478431702,0.026320824399590492
R1138_229,U,229,0.07536622881889343,0.09517904371023178,0.03207311034202576,0.07536622881889343,0.09517904371023178,0.03207311034202576,0.07536622881889343,0.09517904371023178,0.03207311034202576,0.07536622881889343,0.09517904371023178,0.03207311034202576,0.07536622881889343,0.09517904371023178,0.03207311034202576
R1138_230,A,230,0.04985614866018295,-0.005707954987883568,0.15676817297935486,0.04985614866018295,-0.005707954987883568,0.15676817297935486,0.04985614866018295,-0.005707954987883568,0.15676817297935486,0.04985614866018295,-0.005707954987883568,0.15676817297935486,0.04985614866018295,-0.005707954987883568,0.15676817297935486
R1138_231,A,231,0.04175243154168129,-0.05685730278491974,0.13781730830669403,0.04175243154168129,-0.05685730278491974,0.13781730830669403,0.04175243154168129,-0.05685730278491974,0.13781730830669403,0.04175243154168129,-0.05685730278491974,0.13781730830669403,0.04175243154168129,-0.05685730278491974,0.13781730830669403
R1138_232,C,232,0.05552054941654205,0.010488706640899181,0.051563382148742676,0.05552054941654205,0.010488706640899181,0.051563382148742676,0.05552054941654205,0.010488706640899181,0.051563382148742676,0.05552054941654205,0.010488706640899181,0.051563382148742676,0.05552054941654205,0.010488706640899181,0.051563382148742676
R1138_233,U,233,0.06252726912498474,0.07304541021585464,0.03446651250123978,0.06252726912498474,0.07304541021585464,0.03446651250123978,0.06252726912498474,0.07304541021585464,0.03446651250123978,0.06252726912498474,0.07304541021585464,0.03446651250123978,0.06252726912498474,0.07304541021585464,0.03446651250123978
R1138_234,C,234,0.04738655686378479,0.09946715086698532,0.044263504445552826,0.04738655686378479,0.09946715086698532,0.044263504445552826,0.04738655686378479,0.09946715086698532,0.044263504445552826,0.04738655686378479,0.09946715086698532,0.044263504445552826,0.04738655686378479,0.09946715086698532,0.044263504445552826
R1138_235,G,235,0.0414842888712883,0.12028941512107849,0.04220855236053467,0.0414842888712883,0.12028941512107849,0.04220855236053467,0.0414842888712883,0.12028941512107849,0.04220855236053467,0.0414842888712883,0.12028941512107849,0.04220855236053467,0.0414842888712883,0.12028941512107849,0.04220855236053467
R1138_236,G,236,0.03832916170358658,0.09922447800636292,0.0458388477563858,0.03832916170358658,0.09922447800636292,0.0458388477563858,0.03832916170358658,0.09922447800636292,0.0458388477563858,0.03832916170358658,0.09922447800636292,0.0458388477563858,0.03832916170358658,0.09922447800636292,0.0458388477563858
R1138_237,G,237,0.03805669769644737,0.06948848068714142,0.05260942131280899,0.03805669769644737,0.06948848068714142,0.05260942131280899,0.03805669769644737,0.06948848068714142,0.05260942131280899,0.03805669769644737,0.06948848068714142,0.05260942131280899,0.03805669769644737,0.06948848068714142,0.05260942131280899
R1138_238,A,238,-0.0033645653165876865,-0.001119125634431839,0.14306937158107758,-0.0033645653165876865,-0.001119125634431839,0.14306937158107758,-0.0033645653165876865,-0.001119125634431839,0.14306937158107758,-0.0033645653165876865,-0.001119125634431839,0.14306937158107758,-0.0033645653165876865,-0.001119125634431839,0.14306937158107758
R1138_239,A,239,-0.01486407034099102,-0.011104008182883263,0.15443933010101318,-0.01486407034099102,-0.011104008182883263,0.15443933010101318,-0.01486407034099102,-0.011104008182883263,0.15443933010101318,-0.01486407034099102,-0.011104008182883263,0.15443933010101318,-0.01486407034099102,-0.011104008182883263,0.15443933010101318
R1138_240,A,240,-0.005450218450278044,0.03528449684381485,0.1632048636674881,-0.005450218450278044,0.03528449684381485,0.1632048636674881,-0.005450218450278044,0.03528449684381485,0.1632048636674881,-0.005450218450278044,0.03528449684381485,0.1632048636674881,-0.005450218450278044,0.03528449684381485,0.1632048636674881
R1138_241,C,241,0.04087775945663452,0.13067065179347992,0.07408114522695541,0.04087775945663452,0.13067065179347992,0.07408114522695541,0.04087775945663452,0.13067065179347992,0.07408114522695541,0.04087775945663452,0.13067065179347992,0.07408114522695541,0.04087775945663452,0.13067065179347992,0.07408114522695541
R1138_242,C,242,0.05872146785259247,0.1078837439417839,0.07512380927801132,0.05872146785259247,0.1078837439417839,0.07512380927801132,0.05872146785259247,0.1078837439417839,0.07512380927801132,0.05872146785259247,0.1078837439417839,0.07512380927801132,0.05872146785259247,0.1078837439417839,0.07512380927801132
R1138_243,G,243,0.07098981738090515,0.07862528413534164,0.04962623864412308,0.07098981738090515,0.07862528413534164,0.04962623864412308,0.07098981738090515,0.07862528413534164,0.04962623864412308,0.07098981738090515,0.07862528413534164,0.04962623864412308,0.07098981738090515,0.07862528413534164,0.04962623864412308
R1138_244,G,244,0.07707072049379349,0.05679592490196228,0.04667053371667862,0.07707072049379349,0.05679592490196228,0.04667053371667862,0.07707072049379349,0.05679592490196228,0.04667053371667862,0.07707072049379349,0.05679592490196228,0.04667053371667862,0.07707072049379349,0.05679592490196228,0.04667053371667862
R1138_245,U,245,0.07692470401525497,0.0703926682472229,0.04151125252246857,0.07692470401525497,0.0703926682472229,0.04151125252246857,0.07692470401525497,0.0703926682472229,0.04151125252246857,0.07692470401525497,0.0703926682472229,0.04151125252246857,0.07692470401525497,0.0703926682472229,0.04151125252246857
R1138_246,C,246,0.09662356227636337,0.0816134512424469,0.046965792775154114,0.09662356227636337,0.0816134512424469,0.046965792775154114,0.09662356227636337,0.0816134512424469,0.046965792775154114,0.09662356227636337,0.0816134512424469,0.046965792775154114,0.09662356227636337,0.0816134512424469,0.046965792775154114
R1138_247,C,247,0.11149127036333084,0.11223702877759933,0.037020325660705566,0.11149127036333084,0.11223702877759933,0.037020325660705566,0.11149127036333084,0.11223702877759933,0.037020325660705566,0.11149127036333084,0.11223702877759933,0.037020325660705566,0.11149127036333084,0.11223702877759933,0.037020325660705566
R1138_248,A,248,0.1246902123093605,0.08802112936973572,0.12892088294029236,0.1246902123093605,0.08802112936973572,0.12892088294029236,0.1246902123093605,0.08802112936973572,0.12892088294029236,0.1246902123093605,0.08802112936973572,0.12892088294029236,0.1246902123093605,0.08802112936973572,0.12892088294029236
R1138_249,C,249,0.1333233267068863,0.030189678072929382,0.07138878852128983,0.1333233267068863,0.030189678072929382,0.07138878852128983,0.1333233267068863,0.030189678072929382,0.07138878852128983,0.1333233267068863,0.030189678072929382,0.07138878852128983,0.1333233267068863,0.030189678072929382,0.07138878852128983
R1138_250,G,250,0.10565545409917831,0.020691603422164917,0.05261663347482681,0.10565545409917831,0.020691603422164917,0.05261663347482681,0.10565545409917831,0.020691603422164917,0.05261663347482681,0.10565545409917831,0.020691603422164917,0.05261663347482681,0.10565545409917831,0.020691603422164917,0.05261663347482681
R1138_251,U,251,0.09408547729253769,0.039630740880966187,0.04219985008239746,0.09408547729253769,0.039630740880966187,0.04219985008239746,0.09408547729253769,0.039630740880966187,0.04219985008239746,0.09408547729253769,0.039630740880966187,0.04219985008239746,0.09408547729253769,0.039630740880966187,0.04219985008239746
R1138_252,G,252,0.09593261778354645,0.06234285235404968,0.037106528878211975,0.09593261778354645,0.06234285235404968,0.037106528878211975,0.09593261778354645,0.06234285235404968,0.037106528878211975,0.09593261778354645,0.06234285235404968,0.037106528878211975,0.09593261778354645,0.06234285235404968,0.037106528878211975
R1138_253,A,253,0.10891097784042358,0.06435251235961914,0.10661631077528,0.10891097784042358,0.06435251235961914,0.10661631077528,0.10891097784042358,0.06435251235961914,0.10661631077528,0.10891097784042358,0.06435251235961914,0.10661631077528,0.10891097784042358,0.06435251235961914,0.10661631077528
R1138_254,C,254,0.1159735769033432,0.0959567278623581,0.050028495490550995,0.1159735769033432,0.0959567278623581,0.050028495490550995,0.1159735769033432,0.0959567278623581,0.050028495490550995,0.1159735769033432,0.0959567278623581,0.050028495490550995,0.1159735769033432,0.0959567278623581,0.050028495490550995
R1138_255,A,255,0.13272732496261597,0.03336188942193985,0.1441832184791565,0.13272732496261597,0.03336188942193985,0.1441832184791565,0.13272732496261597,0.03336188942193985,0.1441832184791565,0.13272732496261597,0.03336188942193985,0.1441832184791565,0.13272732496261597,0.03336188942193985,0.1441832184791565
R1138_256,A,256,0.10253424942493439,-0.011045195162296295,0.16735932230949402,0.10253424942493439,-0.011045195162296295,0.16735932230949402,0.10253424942493439,-0.011045195162296295,0.16735932230949402,0.10253424942493439,-0.011045195162296295,0.16735932230949402,0.10253424942493439,-0.011045195162296295,0.16735932230949402
R1138_257,A,257,0.08401501923799515,-0.04260309785604477,0.17250974476337433,0.08401501923799515,-0.04260309785604477,0.17250974476337433,0.08401501923799515,-0.04260309785604477,0.17250974476337433,0.08401501923799515,-0.04260309785604477,0.17250974476337433,0.08401501923799515,-0.04260309785604477,0.17250974476337433
R1138_258,G,258,0.08417095988988876,0.06197025626897812,0.0576859712600708,0.08417095988988876,0.06197025626897812,0.0576859712600708,0.08417095988988876,0.06197025626897812,0.0576859712600708,0.08417095988988876,0.06197025626897812,0.0576859712600708,0.08417095988988876,0.06197025626897812,0.0576859712600708
R1138_259,G,259,0.08854010701179504,0.09807004779577255,0.05094996094703674,0.08854010701179504,0.09807004779577255,0.05094996094703674,0.08854010701179504,0.09807004779577255,0.05094996094703674,0.08854010701179504,0.09807004779577255,0.05094996094703674,0.08854010701179504,0.09807004779577255,0.05094996094703674
R1138_260,U,260,0.09204071015119553,0.10666660964488983,0.043932899832725525,0.09204071015119553,0.10666660964488983,0.043932899832725525,0.09204071015119553,0.10666660964488983,0.043932899832725525,0.09204071015119553,0.10666660964488983,0.043932899832725525,0.09204071015119553,0.10666660964488983,0.043932899832725525
R1138_261,A,261,0.16782523691654205,0.06902069598436356,0.11517157405614853,0.16782523691654205,0.06902069598436356,0.11517157405614853,0.16782523691654205,0.06902069598436356,0.11517157405614853,0.16782523691654205,0.06902069598436356,0.11517157405614853,0.16782523691654205,0.06902069598436356,0.11517157405614853
R1138_262,G,262,0.1142595112323761,0.05601347237825394,0.05200127512216568,0.1142595112323761,0.05601347237825394,0.05200127512216568,0.1142595112323761,0.05601347237825394,0.05200127512216568,0.1142595112323761,0.05601347237825394,0.05200127512216568,0.1142595112323761,0.05601347237825394,0.05200127512216568
R1138_263,A,263,0.1499740034341812,-0.012011127546429634,0.11159151047468185,0.1499740034341812,-0.012011127546429634,0.11159151047468185,0.1499740034341812,-0.012011127546429634,0.11159151047468185,0.1499740034341812,-0.012011127546429634,0.11159151047468185,0.1499740034341812,-0.012011127546429634,0.11159151047468185
R1138_264,G,264,0.11627771705389023,0.055575281381607056,0.04703909903764725,0.11627771705389023,0.055575281381607056,0.04703909903764725,0.11627771705389023,0.055575281381607056,0.04703909903764725,0.11627771705389023,0.055575281381607056,0.04703909903764725,0.11627771705389023,0.055575281381607056,0.04703909903764725
R1138_265,U,265,0.11484593152999878,0.08321689814329147,0.03581972420215607,0.11484593152999878,0.08321689814329147,0.03581972420215607,0.11484593152999878,0.08321689814329147,0.03581972420215607,0.11484593152999878,0.08321689814329147,0.03581972420215607,0.11484593152999878,0.08321689814329147,0.03581972420215607
R1138_266,U,266,0.12173976004123688,0.09334521740674973,0.029826687648892403,0.12173976004123688,0.09334521740674973,0.029826687648892403,0.12173976004123688,0.09334521740674973,0.029826687648892403,0.12173976004123688,0.09334521740674973,0.029826687648892403,0.12173976004123688,0.09334521740674973,0.029826687648892403
R1138_267,A,267,0.21369878947734833,0.055455826222896576,0.1280706226825714,0.21369878947734833,0.055455826222896576,0.1280706226825714,0.21369878947734833,0.055455826222896576,0.1280706226825714,0.21369878947734833,0.055455826222896576,0.1280706226825714,0.21369878947734833,0.055455826222896576,0.1280706226825714
R1138_268,C,268,0.1785532534122467,0.004719105549156666,0.07452964782714844,0.1785532534122467,0.004719105549156666,0.07452964782714844,0.1785532534122467,0.004719105549156666,0.07452964782714844,0.1785532534122467,0.004719105549156666,0.07452964782714844,0.1785532534122467,0.004719105549156666,0.07452964782714844
R1138_269,G,269,0.14699548482894897,0.009379514493048191,0.04734698683023453,0.14699548482894897,0.009379514493048191,0.04734698683023453,0.14699548482894897,0.009379514493048191,0.04734698683023453,0.14699548482894897,0.009379514493048191,0.04734698683023453,0.14699548482894897,0.009379514493048191,0.04734698683023453
R1138_270,U,270,0.12453918904066086,0.04358265548944473,0.03475848585367203,0.12453918904066086,0.04358265548944473,0.03475848585367203,0.12453918904066086,0.04358265548944473,0.03475848585367203,0.12453918904066086,0.04358265548944473,0.03475848585367203,0.12453918904066086,0.04358265548944473,0.03475848585367203
R1138_271,G,271,0.1312355101108551,0.07382660359144211,0.021959597244858742,0.1312355101108551,0.07382660359144211,0.021959597244858742,0.1312355101108551,0.07382660359144211,0.021959597244858742,0.1312355101108551,0.07382660359144211,0.021959597244858742,0.1312355101108551,0.07382660359144211,0.021959597244858742
R1138_272,G,272,0.12747764587402344,0.10042750090360641,0.01507873646914959,0.12747764587402344,0.10042750090360641,0.01507873646914959,0.12747764587402344,0.10042750090360641,0.01507873646914959,0.12747764587402344,0.10042750090360641,0.01507873646914959,0.12747764587402344,0.10042750090360641,0.01507873646914959
R1138_273,A,273,0.16186100244522095,0.11854863166809082,0.06272456794977188,0.16186100244522095,0.11854863166809082,0.06272456794977188,0.16186100244522095,0.11854863166809082,0.06272456794977188,0.16186100244522095,0.11854863166809082,0.06272456794977188,0.16186100244522095,0.11854863166809082,0.06272456794977188
R1138_274,G,274,0.12385568767786026,0.06665581464767456,0.03188314288854599,0.12385568767786026,0.06665581464767456,0.03188314288854599,0.12385568767786026,0.06665581464767456,0.03188314288854599,0.12385568767786026,0.06665581464767456,0.03188314288854599,0.12385568767786026,0.06665581464767456,0.03188314288854599
R1138_275,G,275,0.11744848638772964,0.045503582805395126,0.03596341609954834,0.11744848638772964,0.045503582805395126,0.03596341609954834,0.11744848638772964,0.045503582805395126,0.03596341609954834,0.11744848638772964,0.045503582805395126,0.03596341609954834,0.11744848638772964,0.045503582805395126,0.03596341609954834
R1138_276,G,276,0.10684513300657272,0.05542463809251785,0.034957222640514374,0.10684513300657272,0.05542463809251785,0.034957222640514374,0.10684513300657272,0.05542463809251785,0.034957222640514374,0.10684513300657272,0.05542463809251785,0.034957222640514374,0.10684513300657272,0.05542463809251785,0.034957222640514374
R1138_277,A,277,0.10981159657239914,0.09163880348205566,0.04043111205101013,0.10981159657239914,0.09163880348205566,0.04043111205101013,0.10981159657239914,0.09163880348205566,0.04043111205101013,0.10981159657239914,0.09163880348205566,0.04043111205101013,0.10981159657239914,0.09163880348205566,0.04043111205101013
R1138_278,G,278,0.09776553511619568,0.12327457219362259,0.02488412894308567,0.09776553511619568,0.12327457219362259,0.02488412894308567,0.09776553511619568,0.12327457219362259,0.02488412894308567,0.09776553511619568,0.12327457219362259,0.02488412894308567,0.09776553511619568,0.12327457219362259,0.02488412894308567
R1138_279,C,279,0.11406208574771881,0.14413869380950928,0.01549115963280201,0.11406208574771881,0.14413869380950928,0.01549115963280201,0.11406208574771881,0.14413869380950928,0.01549115963280201,0.11406208574771881,0.14413869380950928,0.01549115963280201,0.11406208574771881,0.14413869380950928,0.01549115963280201
R1138_280,A,280,0.14850164949893951,0.09241283684968948,0.07911098748445511,0.14850164949893951,0.09241283684968948,0.07911098748445511,0.14850164949893951,0.09241283684968948,0.07911098748445511,0.14850164949893951,0.09241283684968948,0.07911098748445511,0.14850164949893951,0.09241283684968948,0.07911098748445511
R1138_281,G,281,0.11398828029632568,0.07643838226795197,0.023643622174859047,0.11398828029632568,0.07643838226795197,0.023643622174859047,0.11398828029632568,0.07643838226795197,0.023643622174859047,0.11398828029632568,0.07643838226795197,0.023643622174859047,0.11398828029632568,0.07643838226795197,0.023643622174859047
R1138_282,C,282,0.12240360677242279,0.058829084038734436,0.019447294995188713,0.12240360677242279,0.058829084038734436,0.019447294995188713,0.12240360677242279,0.058829084038734436,0.019447294995188713,0.12240360677242279,0.058829084038734436,0.019447294995188713,0.12240360677242279,0.058829084038734436,0.019447294995188713
R1138_283,U,283,0.10071784257888794,0.09227944910526276,0.017667608335614204,0.10071784257888794,0.09227944910526276,0.017667608335614204,0.10071784257888794,0.09227944910526276,0.017667608335614204,0.10071784257888794,0.09227944910526276,0.017667608335614204,0.10071784257888794,0.09227944910526276,0.017667608335614204
R1138_284,G,284,0.11772869527339935,0.11750516295433044,0.008199317380785942,0.11772869527339935,0.11750516295433044,0.008199317380785942,0.11772869527339935,0.11750516295433044,0.008199317380785942,0.11772869527339935,0.11750516295433044,0.008199317380785942,0.11772869527339935,0.11750516295433044,0.008199317380785942
R1138_285,C,285,0.14376220107078552,0.12379314750432968,0.009512884542346,0.14376220107078552,0.12379314750432968,0.009512884542346,0.14376220107078552,0.12379314750432968,0.009512884542346,0.14376220107078552,0.12379314750432968,0.009512884542346,0.14376220107078552,0.12379314750432968,0.009512884542346
R1138_286,A,286,0.1857641041278839,0.06472866237163544,0.06895458698272705,0.1857641041278839,0.06472866237163544,0.06895458698272705,0.1857641041278839,0.06472866237163544,0.06895458698272705,0.1857641041278839,0.06472866237163544,0.06895458698272705,0.1857641041278839,0.06472866237163544,0.06895458698272705
R1138_287,A,287,0.18530374765396118,-0.0048976317048072815,0.1051545962691307,0.18530374765396118,-0.0048976317048072815,0.1051545962691307,0.18530374765396118,-0.0048976317048072815,0.1051545962691307,0.18530374765396118,-0.0048976317048072815,0.1051545962691307,0.18530374765396118,-0.0048976317048072815,0.1051545962691307
R1138_288,A,288,0.16602976620197296,0.009926235303282738,0.07853139191865921,0.16602976620197296,0.009926235303282738,0.07853139191865921,0.16602976620197296,0.009926235303282738,0.07853139191865921,0.16602976620197296,0.009926235303282738,0.07853139191865921,0.16602976620197296,0.009926235303282738,0.07853139191865921
R1138_289,G,289,0.11708013713359833,0.0677846372127533,0.0032192394137382507,0.11708013713359833,0.0677846372127533,0.0032192394137382507,0.11708013713359833,0.0677846372127533,0.0032192394137382507,0.11708013713359833,0.0677846372127533,0.0032192394137382507,0.11708013713359833,0.0677846372127533,0.0032192394137382507
R1138_290,G,290,0.10832154005765915,0.10607506334781647,-0.005739733576774597,0.10832154005765915,0.10607506334781647,-0.005739733576774597,0.10832154005765915,0.10607506334781647,-0.005739733576774597,0.10832154005765915,0.10607506334781647,-0.005739733576774597,0.10832154005765915,0.10607506334781647,-0.005739733576774597
R1138_291,G,291,0.10603046417236328,0.12914027273654938,-0.008762854151427746,0.10603046417236328,0.12914027273654938,-0.008762854151427746,0.10603046417236328,0.12914027273654938,-0.008762854151427746,0.10603046417236328,0.12914027273654938,-0.008762854151427746,0.10603046417236328,0.12914027273654938,-0.008762854151427746
R1138_292,A,292,0.10170638561248779,0.12018753588199615,0.015723133459687233,0.10170638561248779,0.12018753588199615,0.015723133459687233,0.10170638561248779,0.12018753588199615,0.015723133459687233,0.10170638561248779,0.12018753588199615,0.015723133459687233,0.10170638561248779,0.12018753588199615,0.015723133459687233
R1138_293,U,293,0.09308351576328278,0.08392993360757828,0.01068572886288166,0.09308351576328278,0.08392993360757828,0.01068572886288166,0.09308351576328278,0.08392993360757828,0.01068572886288166,0.09308351576328278,0.08392993360757828,0.01068572886288166,0.09308351576328278,0.08392993360757828,0.01068572886288166
R1138_294,A,294,0.08536779880523682,0.0464993491768837,0.07250253856182098,0.08536779880523682,0.0464993491768837,0.07250253856182098,0.08536779880523682,0.0464993491768837,0.07250253856182098,0.08536779880523682,0.0464993491768837,0.07250253856182098,0.08536779880523682,0.0464993491768837,0.07250253856182098
R1138_295,A,295,0.05779978632926941,0.05352376401424408,0.06873507052659988,0.05779978632926941,0.05352376401424408,0.06873507052659988,0.05779978632926941,0.05352376401424408,0.06873507052659988,0.05779978632926941,0.05352376401424408,0.06873507052659988,0.05779978632926941,0.05352376401424408,0.06873507052659988
R1138_296,U,296,0.06909679621458054,0.10009710490703583,0.02101048268377781,0.06909679621458054,0.10009710490703583,0.02101048268377781,0.06909679621458054,0.10009710490703583,0.02101048268377781,0.06909679621458054,0.10009710490703583,0.02101048268377781,0.06909679621458054,0.10009710490703583,0.02101048268377781
R1138_297,G,297,0.07231815904378891,0.12460298836231232,0.017597703263163567,0.07231815904378891,0.12460298836231232,0.017597703263163567,0.07231815904378891,0.12460298836231232,0.017597703263163567,0.07231815904378891,0.12460298836231232,0.017597703263163567,0.07231815904378891,0.12460298836231232,0.017597703263163567
R1138_298,C,298,0.07584236562252045,0.12177499383687973,0.017776628956198692,0.07584236562252045,0.12177499383687973,0.017776628956198692,0.07584236562252045,0.12177499383687973,0.017776628956198692,0.07584236562252045,0.12177499383687973,0.017776628956198692,0.07584236562252045,0.12177499383687973,0.017776628956198692
R1138_299,A,299,0.09177591651678085,0.05899295210838318,0.06962945312261581,0.09177591651678085,0.05899295210838318,0.06962945312261581,0.09177591651678085,0.05899295210838318,0.06962945312261581,0.09177591651678085,0.05899295210838318,0.06962945312261581,0.09177591651678085,0.05899295210838318,0.06962945312261581
R1138_300,G,300,0.07619037479162216,0.07918097823858261,0.02712620608508587,0.07619037479162216,0.07918097823858261,0.02712620608508587,0.07619037479162216,0.07918097823858261,0.02712620608508587,0.07619037479162216,0.07918097823858261,0.02712620608508587,0.07619037479162216,0.07918097823858261,0.02712620608508587
R1138_301,U,301,0.06969144195318222,0.08481258898973465,0.025290975347161293,0.06969144195318222,0.08481258898973465,0.025290975347161293,0.06969144195318222,0.08481258898973465,0.025290975347161293,0.06969144195318222,0.08481258898973465,0.025290975347161293,0.06969144195318222,0.08481258898973465,0.025290975347161293
R1138_302,U,302,0.07041651010513306,0.09944849461317062,0.024080580100417137,0.07041651010513306,0.09944849461317062,0.024080580100417137,0.07041651010513306,0.09944849461317062,0.024080580100417137,0.07041651010513306,0.09944849461317062,0.024080580100417137,0.07041651010513306,0.09944849461317062,0.024080580100417137
R1138_303,G,303,0.0838310644030571,0.11893849819898605,0.016655264422297478,0.0838310644030571,0.11893849819898605,0.016655264422297478,0.0838310644030571,0.11893849819898605,0.016655264422297478,0.0838310644030571,0.11893849819898605,0.016655264422297478,0.0838310644030571,0.11893849819898605,0.016655264422297478
R1138_304,C,304,0.10845333337783813,0.10436224192380905,0.019329259172081947,0.10845333337783813,0.10436224192380905,0.019329259172081947,0.10845333337783813,0.10436224192380905,0.019329259172081947,0.10845333337783813,0.10436224192380905,0.019329259172081947,0.10845333337783813,0.10436224192380905,0.019329259172081947
R1138_305,U,305,0.10080772638320923,0.09607744961977005,0.009084699675440788,0.10080772638320923,0.09607744961977005,0.009084699675440788,0.10080772638320923,0.09607744961977005,0.009084699675440788,0.10080772638320923,0.09607744961977005,0.009084699675440788,0.10080772638320923,0.09607744961977005,0.009084699675440788
R1138_306,G,306,0.1165504902601242,0.05456046760082245,0.008496126160025597,0.1165504902601242,0.05456046760082245,0.008496126160025597,0.1165504902601242,0.05456046760082245,0.008496126160025597,0.1165504902601242,0.05456046760082245,0.008496126160025597,0.1165504902601242,0.05456046760082245,0.008496126160025597
R1138_307,G,307,0.10867970436811447,0.03611045703291893,0.015060799196362495,0.10867970436811447,0.03611045703291893,0.015060799196362495,0.10867970436811447,0.03611045703291893,0.015060799196362495,0.10867970436811447,0.03611045703291893,0.015060799196362495,0.10867970436811447,0.03611045703291893,0.015060799196362495
R1138_308,C,308,0.11276894062757492,0.04350094124674797,0.013878127560019493,0.11276894062757492,0.04350094124674797,0.013878127560019493,0.11276894062757492,0.04350094124674797,0.013878127560019493,0.11276894062757492,0.04350094124674797,0.013878127560019493,0.11276894062757492,0.04350094124674797,0.013878127560019493
R1138_309,U,309,0.09912972152233124,0.08782383799552917,0.0025315526872873306,0.09912972152233124,0.08782383799552917,0.0025315526872873306,0.09912972152233124,0.08782383799552917,0.0025315526872873306,0.09912972152233124,0.08782383799552917,0.0025315526872873306,0.09912972152233124,0.08782383799552917,0.0025315526872873306
R1138_310,G,310,0.11085717380046844,0.09966619312763214,-0.013425546698272228,0.11085717380046844,0.09966619312763214,-0.013425546698272228,0.11085717380046844,0.09966619312763214,-0.013425546698272228,0.11085717380046844,0.09966619312763214,-0.013425546698272228,0.11085717380046844,0.09966619312763214,-0.013425546698272228
R1138_311,G,311,0.11360953003168106,0.07494670897722244,-0.005356684327125549,0.11360953003168106,0.07494670897722244,-0.005356684327125549,0.11360953003168106,0.07494670897722244,-0.005356684327125549,0.11360953003168106,0.07494670897722244,-0.005356684327125549,0.11360953003168106,0.07494670897722244,-0.005356684327125549
R1138_312,A,312,0.12800395488739014,0.03716883063316345,0.0440758615732193,0.12800395488739014,0.03716883063316345,0.0440758615732193,0.12800395488739014,0.03716883063316345,0.0440758615732193,0.12800395488739014,0.03716883063316345,0.0440758615732193,0.12800395488739014,0.03716883063316345,0.0440758615732193
R1138_313,U,313,0.09305139631032944,0.04316411912441254,0.01950315572321415,0.09305139631032944,0.04316411912441254,0.01950315572321415,0.09305139631032944,0.04316411912441254,0.01950315572321415,0.09305139631032944,0.04316411912441254,0.01950315572321415,0.09305139631032944,0.04316411912441254,0.01950315572321415
R1138_314,G,314,0.08953580260276794,0.03921037167310715,0.022994859144091606,0.08953580260276794,0.03921037167310715,0.022994859144091606,0.08953580260276794,0.03921037167310715,0.022994859144091606,0.08953580260276794,0.03921037167310715,0.022994859144091606,0.08953580260276794,0.03921037167310715,0.022994859144091606
R1138_315,C,315,0.09111441671848297,0.061730287969112396,0.02915189228951931,0.09111441671848297,0.061730287969112396,0.02915189228951931,0.09111441671848297,0.061730287969112396,0.02915189228951931,0.09111441671848297,0.061730287969112396,0.02915189228951931,0.09111441671848297,0.061730287969112396,0.02915189228951931
R1138_316,C,316,0.09507512301206589,0.09409913420677185,0.015419302508234978,0.09507512301206589,0.09409913420677185,0.015419302508234978,0.09507512301206589,0.09409913420677185,0.015419302508234978,0.09507512301206589,0.09409913420677185,0.015419302508234978,0.09507512301206589,0.09409913420677185,0.015419302508234978
R1138_317,A,317,0.11650514602661133,0.07842157781124115,0.02924143709242344,0.11650514602661133,0.07842157781124115,0.02924143709242344,0.11650514602661133,0.07842157781124115,0.02924143709242344,0.11650514602661133,0.07842157781124115,0.02924143709242344,0.11650514602661133,0.07842157781124115,0.02924143709242344
R1138_318,G,318,0.08945026248693466,0.07168253511190414,0.01893487758934498,0.08945026248693466,0.07168253511190414,0.01893487758934498,0.08945026248693466,0.07168253511190414,0.01893487758934498,0.08945026248693466,0.07168253511190414,0.01893487758934498,0.08945026248693466,0.07168253511190414,0.01893487758934498
R1138_319,A,319,0.09902257472276688,0.006933604367077351,0.06420307606458664,0.09902257472276688,0.006933604367077351,0.06420307606458664,0.09902257472276688,0.006933604367077351,0.06420307606458664,0.09902257472276688,0.006933604367077351,0.06420307606458664,0.09902257472276688,0.006933604367077351,0.06420307606458664
R1138_320,A,320,0.08907114714384079,-0.008497130125761032,0.07196508347988129,0.08907114714384079,-0.008497130125761032,0.07196508347988129,0.08907114714384079,-0.008497130125761032,0.07196508347988129,0.08907114714384079,-0.008497130125761032,0.07196508347988129,0.08907114714384079,-0.008497130125761032,0.07196508347988129
R1138_321,C,321,0.09070411324501038,0.05762895196676254,0.02706708200275898,0.09070411324501038,0.05762895196676254,0.02706708200275898,0.09070411324501038,0.05762895196676254,0.02706708200275898,0.09070411324501038,0.05762895196676254,0.02706708200275898,0.09070411324501038,0.05762895196676254,0.02706708200275898
R1138_322,U,322,0.09553039073944092,0.09292898327112198,0.019070738926529884,0.09553039073944092,0.09292898327112198,0.019070738926529884,0.09553039073944092,0.09292898327112198,0.019070738926529884,0.09553039073944092,0.09292898327112198,0.019070738926529884,0.09553039073944092,0.09292898327112198,0.019070738926529884
R1138_323,C,323,0.12215723842382431,0.08450774848461151,0.002999449148774147,0.12215723842382431,0.08450774848461151,0.002999449148774147,0.12215723842382431,0.08450774848461151,0.002999449148774147,0.12215723842382431,0.08450774848461151,0.002999449148774147,0.12215723842382431,0.08450774848461151,0.002999449148774147
R1138_324,A,324,0.15738120675086975,0.04148702323436737,0.04646693170070648,0.15738120675086975,0.04148702323436737,0.04646693170070648,0.15738120675086975,0.04148702323436737,0.04646693170070648,0.15738120675086975,0.04148702323436737,0.04646693170070648,0.15738120675086975,0.04148702323436737,0.04646693170070648
R1138_325,C,325,0.12949679791927338,0.0024996455758810043,0.03128935396671295,0.12949679791927338,0.0024996455758810043,0.03128935396671295,0.12949679791927338,0.0024996455758810043,0.03128935396671295,0.12949679791927338,0.0024996455758810043,0.03128935396671295,0.12949679791927338,0.0024996455758810043,0.03128935396671295
R1138_326,G,326,0.11346659064292908,0.013665431179106236,0.02188127674162388,0.11346659064292908,0.013665431179106236,0.02188127674162388,0.11346659064292908,0.013665431179106236,0.02188127674162388,0.11346659064292908,0.013665431179106236,0.02188127674162388,0.11346659064292908,0.013665431179106236,0.02188127674162388
R1138_327,A,327,0.13184921443462372,0.0014072638005018234,0.06414371728897095,0.13184921443462372,0.0014072638005018234,0.06414371728897095,0.13184921443462372,0.0014072638005018234,0.06414371728897095,0.13184921443462372,0.0014072638005018234,0.06414371728897095,0.13184921443462372,0.0014072638005018234,0.06414371728897095
R1138_328,C,328,0.12357234209775925,0.05981386452913284,0.0064811911433935165,0.12357234209775925,0.05981386452913284,0.0064811911433935165,0.12357234209775925,0.05981386452913284,0.0064811911433935165,0.12357234209775925,0.05981386452913284,0.0064811911433935165,0.12357234209775925,0.05981386452913284,0.0064811911433935165
R1138_329,U,329,0.10856514424085617,0.07405975461006165,0.00790947675704956,0.10856514424085617,0.07405975461006165,0.00790947675704956,0.10856514424085617,0.07405975461006165,0.00790947675704956,0.10856514424085617,0.07405975461006165,0.00790947675704956,0.10856514424085617,0.07405975461006165,0.00790947675704956
R1138_330,G,330,0.11625208705663681,0.049158975481987,0.0028514936566352844,0.11625208705663681,0.049158975481987,0.0028514936566352844,0.11625208705663681,0.049158975481987,0.0028514936566352844,0.11625208705663681,0.049158975481987,0.0028514936566352844,0.11625208705663681,0.049158975481987,0.0028514936566352844
R1138_331,G,331,0.11372499912977219,0.02323281392455101,0.016886869445443153,0.11372499912977219,0.02323281392455101,0.016886869445443153,0.11372499912977219,0.02323281392455101,0.016886869445443153,0.11372499912977219,0.02323281392455101,0.016886869445443153,0.11372499912977219,0.02323281392455101,0.016886869445443153
R1138_332,C,332,0.10836977511644363,0.008149995468556881,0.023977575823664665,0.10836977511644363,0.008149995468556881,0.023977575823664665,0.10836977511644363,0.008149995468556881,0.023977575823664665,0.10836977511644363,0.008149995468556881,0.023977575823664665,0.10836977511644363,0.008149995468556881,0.023977575823664665
R1138_333,A,333,0.08916214853525162,0.03174867480993271,0.04494386911392212,0.08916214853525162,0.03174867480993271,0.04494386911392212,0.08916214853525162,0.03174867480993271,0.04494386911392212,0.08916214853525162,0.03174867480993271,0.04494386911392212,0.08916214853525162,0.03174867480993271,0.04494386911392212
R1138_334,U,334,0.08996570855379105,0.07951715588569641,0.012314243242144585,0.08996570855379105,0.07951715588569641,0.012314243242144585,0.08996570855379105,0.07951715588569641,0.012314243242144585,0.08996570855379105,0.07951715588569641,0.012314243242144585,0.08996570855379105,0.07951715588569641,0.012314243242144585
R1138_335,C,335,0.08881322294473648,0.10755159705877304,-0.011092551052570343,0.08881322294473648,0.10755159705877304,-0.011092551052570343,0.08881322294473648,0.10755159705877304,-0.011092551052570343,0.08881322294473648,0.10755159705877304,-0.011092551052570343,0.08881322294473648,0.10755159705877304,-0.011092551052570343
R1138_336,U,336,0.08108772337436676,0.09199521690607071,0.015295440331101418,0.08108772337436676,0.09199521690607071,0.015295440331101418,0.08108772337436676,0.09199521690607071,0.015295440331101418,0.08108772337436676,0.09199521690607071,0.015295440331101418,0.08108772337436676,0.09199521690607071,0.015295440331101418
R1138_337,A,337,0.08681832253932953,0.05477248877286911,0.04413545876741409,0.08681832253932953,0.05477248877286911,0.04413545876741409,0.08681832253932953,0.05477248877286911,0.04413545876741409,0.08681832253932953,0.05477248877286911,0.04413545876741409,0.08681832253932953,0.05477248877286911,0.04413545876741409
R1138_338,C,338,0.08376066386699677,0.03847813606262207,0.019053934141993523,0.08376066386699677,0.03847813606262207,0.019053934141993523,0.08376066386699677,0.03847813606262207,0.019053934141993523,0.08376066386699677,0.03847813606262207,0.019053934141993523,0.08376066386699677,0.03847813606262207,0.019053934141993523
R1138_339,G,339,0.07587993144989014,0.06173503398895264,0.013096379116177559,0.07587993144989014,0.06173503398895264,0.013096379116177559,0.07587993144989014,0.06173503398895264,0.013096379116177559,0.07587993144989014,0.06173503398895264,0.013096379116177559,0.07587993144989014,0.06173503398895264,0.013096379116177559
R1138_340,G,340,0.07528555393218994,0.08969764411449432,0.010200200602412224,0.07528555393218994,0.08969764411449432,0.010200200602412224,0.07528555393218994,0.08969764411449432,0.010200200602412224,0.07528555393218994,0.08969764411449432,0.010200200602412224,0.07528555393218994,0.08969764411449432,0.010200200602412224
R1138_341,G,341,0.07975015789270401,0.1084761843085289,0.006102453917264938,0.07975015789270401,0.1084761843085289,0.006102453917264938,0.07975015789270401,0.1084761843085289,0.006102453917264938,0.07975015789270401,0.1084761843085289,0.006102453917264938,0.07975015789270401,0.1084761843085289,0.006102453917264938
R1138_342,G,342,0.08448917418718338,0.09589764475822449,0.002582976594567299,0.08448917418718338,0.09589764475822449,0.002582976594567299,0.08448917418718338,0.09589764475822449,0.002582976594567299,0.08448917418718338,0.09589764475822449,0.002582976594567299,0.08448917418718338,0.09589764475822449,0.002582976594567299
R1138_343,A,343,0.09631334245204926,0.03444826975464821,0.039342448115348816,0.09631334245204926,0.03444826975464821,0.039342448115348816,0.09631334245204926,0.03444826975464821,0.039342448115348816,0.09631334245204926,0.03444826975464821,0.039342448115348816,0.09631334245204926,0.03444826975464821,0.039342448115348816
R1138_344,U,344,0.08713548630475998,0.04948253929615021,0.007317265495657921,0.08713548630475998,0.04948253929615021,0.007317265495657921,0.08713548630475998,0.04948253929615021,0.007317265495657921,0.08713548630475998,0.04948253929615021,0.007317265495657921,0.08713548630475998,0.04948253929615021,0.007317265495657921
R1138_345,G,345,0.09014619886875153,0.04102452099323273,0.005180278792977333,0.09014619886875153,0.04102452099323273,0.005180278792977333,0.09014619886875153,0.04102452099323273,0.005180278792977333,0.09014619886875153,0.04102452099323273,0.005180278792977333,0.09014619886875153,0.04102452099323273,0.005180278792977333
R1138_346,G,346,0.08603017032146454,0.06475826352834702,0.002877337858080864,0.08603017032146454,0.06475826352834702,0.002877337858080864,0.08603017032146454,0.06475826352834702,0.002877337858080864,0.08603017032146454,0.06475826352834702,0.002877337858080864,0.08603017032146454,0.06475826352834702,0.002877337858080864
R1138_347,U,347,0.07912305742502213,0.09104141592979431,0.010724036023020744,0.07912305742502213,0.09104141592979431,0.010724036023020744,0.07912305742502213,0.09104141592979431,0.010724036023020744,0.07912305742502213,0.09104141592979431,0.010724036023020744,0.07912305742502213,0.09104141592979431,0.010724036023020744
R1138_348,G,348,0.07847573608160019,0.0874374732375145,-0.001872517168521881,0.07847573608160019,0.0874374732375145,-0.001872517168521881,0.07847573608160019,0.0874374732375145,-0.001872517168521881,0.07847573608160019,0.0874374732375145,-0.001872517168521881,0.07847573608160019,0.0874374732375145,-0.001872517168521881
R1138_349,C,349,0.06480332463979721,0.05442821979522705,0.006078805774450302,0.06480332463979721,0.05442821979522705,0.006078805774450302,0.06480332463979721,0.05442821979522705,0.006078805774450302,0.06480332463979721,0.05442821979522705,0.006078805774450302,0.06480332463979721,0.05442821979522705,0.006078805774450302
R1138_350,U,350,0.07363918423652649,0.047392234206199646,0.009823920205235481,0.07363918423652649,0.047392234206199646,0.009823920205235481,0.07363918423652649,0.047392234206199646,0.009823920205235481,0.07363918423652649,0.047392234206199646,0.009823920205235481,0.07363918423652649,0.047392234206199646,0.009823920205235481
R1138_351,C,351,0.04848723113536835,0.01423015259206295,0.020240457728505135,0.04848723113536835,0.01423015259206295,0.020240457728505135,0.04848723113536835,0.01423015259206295,0.020240457728505135,0.04848723113536835,0.01423015259206295,0.020240457728505135,0.04848723113536835,0.01423015259206295,0.020240457728505135
R1138_352,U,352,0.060312122106552124,0.06202704459428787,0.010041529312729836,0.060312122106552124,0.06202704459428787,0.010041529312729836,0.060312122106552124,0.06202704459428787,0.010041529312729836,0.060312122106552124,0.06202704459428787,0.010041529312729836,0.060312122106552124,0.06202704459428787,0.010041529312729836
R1138_353,C,353,0.0383702777326107,0.09338583052158356,0.0006278511136770248,0.0383702777326107,0.09338583052158356,0.0006278511136770248,0.0383702777326107,0.09338583052158356,0.0006278511136770248,0.0383702777326107,0.09338583052158356,0.0006278511136770248,0.0383702777326107,0.09338583052158356,0.0006278511136770248
R1138_354,C,354,0.023309698328375816,0.11320849508047104,-0.004722993820905685,0.023309698328375816,0.11320849508047104,-0.004722993820905685,0.023309698328375816,0.11320849508047104,-0.004722993820905685,0.023309698328375816,0.11320849508047104,-0.004722993820905685,0.023309698328375816,0.11320849508047104,-0.004722993820905685
R1138_355,C,355,0.013562972657382488,0.09479963034391403,0.017709294334053993,0.013562972657382488,0.09479963034391403,0.017709294334053993,0.013562972657382488,0.09479963034391403,0.017709294334053993,0.013562972657382488,0.09479963034391403,0.017709294334053993,0.013562972657382488,0.09479963034391403,0.017709294334053993
R1138_356,A,356,-0.012548571452498436,0.05213700234889984,0.07946190237998962,-0.012548571452498436,0.05213700234889984,0.07946190237998962,-0.012548571452498436,0.05213700234889984,0.07946190237998962,-0.012548571452498436,0.05213700234889984,0.07946190237998962,-0.012548571452498436,0.05213700234889984,0.07946190237998962
R1138_357,A,357,-0.017828021198511124,0.037386517971754074,0.08455515652894974,-0.017828021198511124,0.037386517971754074,0.08455515652894974,-0.017828021198511124,0.037386517971754074,0.08455515652894974,-0.017828021198511124,0.037386517971754074,0.08455515652894974,-0.017828021198511124,0.037386517971754074,0.08455515652894974
R1138_358,U,358,0.030622156336903572,0.07759584486484528,0.021235642954707146,0.030622156336903572,0.07759584486484528,0.021235642954707146,0.030622156336903572,0.07759584486484528,0.021235642954707146,0.030622156336903572,0.07759584486484528,0.021235642954707146,0.030622156336903572,0.07759584486484528,0.021235642954707146
R1138_359,U,359,0.030832752585411072,0.09805599600076675,0.023813435807824135,0.030832752585411072,0.09805599600076675,0.023813435807824135,0.030832752585411072,0.09805599600076675,0.023813435807824135,0.030832752585411072,0.09805599600076675,0.023813435807824135,0.030832752585411072,0.09805599600076675,0.023813435807824135
R1138_360,C,360,0.007185277063399553,0.10089314728975296,0.027665866538882256,0.007185277063399553,0.10089314728975296,0.027665866538882256,0.007185277063399553,0.10089314728975296,0.027665866538882256,0.007185277063399553,0.10089314728975296,0.027665866538882256,0.007185277063399553,0.10089314728975296,0.027665866538882256
R1138_361,U,361,0.036439791321754456,0.11080227047204971,0.017252841964364052,0.036439791321754456,0.11080227047204971,0.017252841964364052,0.036439791321754456,0.11080227047204971,0.017252841964364052,0.036439791321754456,0.11080227047204971,0.017252841964364052,0.036439791321754456,0.11080227047204971,0.017252841964364052
R1138_362,C,362,0.028613613918423653,0.05189952999353409,0.023503562435507774,0.028613613918423653,0.05189952999353409,0.023503562435507774,0.028613613918423653,0.05189952999353409,0.023503562435507774,0.028613613918423653,0.05189952999353409,0.023503562435507774,0.028613613918423653,0.05189952999353409,0.023503562435507774
R1138_363,C,363,0.039307840168476105,0.023833584040403366,0.019677983596920967,0.039307840168476105,0.023833584040403366,0.019677983596920967,0.039307840168476105,0.023833584040403366,0.019677983596920967,0.039307840168476105,0.023833584040403366,0.019677983596920967,0.039307840168476105,0.023833584040403366,0.019677983596920967
R1138_364,A,364,0.04817328229546547,-0.011685807257890701,0.05646788328886032,0.04817328229546547,-0.011685807257890701,0.05646788328886032,0.04817328229546547,-0.011685807257890701,0.05646788328886032,0.04817328229546547,-0.011685807257890701,0.05646788328886032,0.04817328229546547,-0.011685807257890701,0.05646788328886032
R1138_365,U,365,0.04679219424724579,0.07633747905492783,0.0185339767485857,0.04679219424724579,0.07633747905492783,0.0185339767485857,0.04679219424724579,0.07633747905492783,0.0185339767485857,0.04679219424724579,0.07633747905492783,0.0185339767485857,0.04679219424724579,0.07633747905492783,0.0185339767485857
R1138_366,U,366,0.04941864311695099,0.09252838045358658,0.01899884082376957,0.04941864311695099,0.09252838045358658,0.01899884082376957,0.04941864311695099,0.09252838045358658,0.01899884082376957,0.04941864311695099,0.09252838045358658,0.01899884082376957,0.04941864311695099,0.09252838045358658,0.01899884082376957
R1138_367,U,367,0.047290217131376266,0.09074711799621582,0.01328028179705143,0.047290217131376266,0.09074711799621582,0.01328028179705143,0.047290217131376266,0.09074711799621582,0.01328028179705143,0.047290217131376266,0.09074711799621582,0.01328028179705143,0.047290217131376266,0.09074711799621582,0.01328028179705143
R1138_368,A,368,0.018391959369182587,-0.0062273405492305756,0.03942345082759857,0.018391959369182587,-0.0062273405492305756,0.03942345082759857,0.018391959369182587,-0.0062273405492305756,0.03942345082759857,0.018391959369182587,-0.0062273405492305756,0.03942345082759857,0.018391959369182587,-0.0062273405492305756,0.03942345082759857
R1138_369,C,369,0.02334449253976345,-0.011204550042748451,0.028985751792788506,0.02334449253976345,-0.011204550042748451,0.028985751792788506,0.02334449253976345,-0.011204550042748451,0.028985751792788506,0.02334449253976345,-0.011204550042748451,0.028985751792788506,0.02334449253976345,-0.011204550042748451,0.028985751792788506
R1138_370,C,370,0.023975729942321777,-0.006230777129530907,0.0342719703912735,0.023975729942321777,-0.006230777129530907,0.0342719703912735,0.023975729942321777,-0.006230777129530907,0.0342719703912735,0.023975729942321777,-0.006230777129530907,0.0342719703912735,0.023975729942321777,-0.006230777129530907,0.0342719703912735
R1138_371,G,371,0.03850061818957329,0.039994217455387115,0.018917499110102654,0.03850061818957329,0.039994217455387115,0.018917499110102654,0.03850061818957329,0.039994217455387115,0.018917499110102654,0.03850061818957329,0.039994217455387115,0.018917499110102654,0.03850061818957329,0.039994217455387115,0.018917499110102654
R1138_372,C,372,0.02061287686228752,0.07029574364423752,0.02679833211004734,0.02061287686228752,0.07029574364423752,0.02679833211004734,0.02061287686228752,0.07029574364423752,0.02679833211004734,0.02061287686228752,0.07029574364423752,0.02679833211004734,0.02061287686228752,0.07029574364423752,0.02679833211004734
R1138_373,C,373,0.02016388438642025,0.08887065947055817,0.012368062511086464,0.02016388438642025,0.08887065947055817,0.012368062511086464,0.02016388438642025,0.08887065947055817,0.012368062511086464,0.02016388438642025,0.08887065947055817,0.012368062511086464,0.02016388438642025,0.08887065947055817,0.012368062511086464
R1138_374,G,374,0.02905704826116562,0.0687742605805397,0.02216668613255024,0.02905704826116562,0.0687742605805397,0.02216668613255024,0.02905704826116562,0.0687742605805397,0.02216668613255024,0.02905704826116562,0.0687742605805397,0.02216668613255024,0.02905704826116562,0.0687742605805397,0.02216668613255024
R1138_375,A,375,-0.005414895247668028,0.04401801526546478,0.08500368148088455,-0.005414895247668028,0.04401801526546478,0.08500368148088455,-0.005414895247668028,0.04401801526546478,0.08500368148088455,-0.005414895247668028,0.04401801526546478,0.08500368148088455,-0.005414895247668028,0.04401801526546478,0.08500368148088455
R1138_376,A,376,-0.0167581494897604,0.011796640232205391,0.11159875243902206,-0.0167581494897604,0.011796640232205391,0.11159875243902206,-0.0167581494897604,0.011796640232205391,0.11159875243902206,-0.0167581494897604,0.011796640232205391,0.11159875243902206,-0.0167581494897604,0.011796640232205391,0.11159875243902206
R1138_377,U,377,0.035329096019268036,0.05010803043842316,0.03977221995592117,0.035329096019268036,0.05010803043842316,0.03977221995592117,0.035329096019268036,0.05010803043842316,0.03977221995592117,0.035329096019268036,0.05010803043842316,0.03977221995592117,0.035329096019268036,0.05010803043842316,0.03977221995592117
R1138_378,C,378,0.011126990430057049,0.052548088133335114,0.06122977286577225,0.011126990430057049,0.052548088133335114,0.06122977286577225,0.011126990430057049,0.052548088133335114,0.06122977286577225,0.011126990430057049,0.052548088133335114,0.06122977286577225,0.011126990430057049,0.052548088133335114,0.06122977286577225
R1138_379,G,379,0.02826984040439129,0.09296011924743652,0.03519421070814133,0.02826984040439129,0.09296011924743652,0.03519421070814133,0.02826984040439129,0.09296011924743652,0.03519421070814133,0.02826984040439129,0.09296011924743652,0.03519421070814133,0.02826984040439129,0.09296011924743652,0.03519421070814133
R1138_380,A,380,0.006674701813608408,0.05210693180561066,0.05110789090394974,0.006674701813608408,0.05210693180561066,0.05110789090394974,0.006674701813608408,0.05210693180561066,0.05110789090394974,0.006674701813608408,0.05210693180561066,0.05110789090394974,0.006674701813608408,0.05210693180561066,0.05110789090394974
R1138_381,C,381,0.027349889278411865,0.03223380073904991,0.04346097260713577,0.027349889278411865,0.03223380073904991,0.04346097260713577,0.027349889278411865,0.03223380073904991,0.04346097260713577,0.027349889278411865,0.03223380073904991,0.04346097260713577,0.027349889278411865,0.03223380073904991,0.04346097260713577
R1138_382,C,382,0.03410254791378975,-0.0028590336441993713,0.04518269747495651,0.03410254791378975,-0.0028590336441993713,0.04518269747495651,0.03410254791378975,-0.0028590336441993713,0.04518269747495651,0.03410254791378975,-0.0028590336441993713,0.04518269747495651,0.03410254791378975,-0.0028590336441993713,0.04518269747495651
R1138_383,C,383,0.04141832888126373,-0.0053968168795108795,0.049933627247810364,0.04141832888126373,-0.0053968168795108795,0.049933627247810364,0.04141832888126373,-0.0053968168795108795,0.049933627247810364,0.04141832888126373,-0.0053968168795108795,0.049933627247810364,0.04141832888126373,-0.0053968168795108795,0.049933627247810364
R1138_384,C,384,0.04436883702874184,0.029768526554107666,0.04530222713947296,0.04436883702874184,0.029768526554107666,0.04530222713947296,0.04436883702874184,0.029768526554107666,0.04530222713947296,0.04436883702874184,0.029768526554107666,0.04530222713947296,0.04436883702874184,0.029768526554107666,0.04530222713947296
R1138_385,A,385,0.05244545266032219,0.03161269798874855,0.06164123862981796,0.05244545266032219,0.03161269798874855,0.06164123862981796,0.05244545266032219,0.03161269798874855,0.06164123862981796,0.05244545266032219,0.03161269798874855,0.06164123862981796,0.05244545266032219,0.03161269798874855,0.06164123862981796
R1138_386,A,386,0.054523251950740814,0.023165278136730194,0.07698629796504974,0.054523251950740814,0.023165278136730194,0.07698629796504974,0.054523251950740814,0.023165278136730194,0.07698629796504974,0.054523251950740814,0.023165278136730194,0.07698629796504974,0.054523251950740814,0.023165278136730194,0.07698629796504974
R1138_387,C,387,0.06724204868078232,-0.009604401886463165,0.06035078316926956,0.06724204868078232,-0.009604401886463165,0.06035078316926956,0.06724204868078232,-0.009604401886463165,0.06035078316926956,0.06724204868078232,-0.009604401886463165,0.06035078316926956,0.06724204868078232,-0.009604401886463165,0.06035078316926956
R1138_388,G,388,0.07238287478685379,-0.013164667412638664,0.05236244946718216,0.07238287478685379,-0.013164667412638664,0.05236244946718216,0.07238287478685379,-0.013164667412638664,0.05236244946718216,0.07238287478685379,-0.013164667412638664,0.05236244946718216,0.07238287478685379,-0.013164667412638664,0.05236244946718216
R1138_389,U,389,0.07007649540901184,0.015326674096286297,0.041580356657505035,0.07007649540901184,0.015326674096286297,0.041580356657505035,0.07007649540901184,0.015326674096286297,0.041580356657505035,0.07007649540901184,0.015326674096286297,0.041580356657505035,0.07007649540901184,0.015326674096286297,0.041580356657505035
R1138_390,G,390,0.06595037877559662,0.030435383319854736,0.041681304574012756,0.06595037877559662,0.030435383319854736,0.041681304574012756,0.06595037877559662,0.030435383319854736,0.041681304574012756,0.06595037877559662,0.030435383319854736,0.041681304574012756,0.06595037877559662,0.030435383319854736,0.041681304574012756
R1138_391,A,391,0.022987335920333862,0.08783238381147385,0.06249932199716568,0.022987335920333862,0.08783238381147385,0.06249932199716568,0.022987335920333862,0.08783238381147385,0.06249932199716568,0.022987335920333862,0.08783238381147385,0.06249932199716568,0.022987335920333862,0.08783238381147385,0.06249932199716568
R1138_392,G,392,0.05358787998557091,0.07150619477033615,0.037526004016399384,0.05358787998557091,0.07150619477033615,0.037526004016399384,0.05358787998557091,0.07150619477033615,0.037526004016399384,0.05358787998557091,0.07150619477033615,0.037526004016399384,0.05358787998557091,0.07150619477033615,0.037526004016399384
R1138_393,A,393,-0.014005102217197418,0.09594839811325073,0.09783113747835159,-0.014005102217197418,0.09594839811325073,0.09783113747835159,-0.014005102217197418,0.09594839811325073,0.09783113747835159,-0.014005102217197418,0.09594839811325073,0.09783113747835159,-0.014005102217197418,0.09594839811325073,0.09783113747835159
R1138_394,G,394,0.04699838533997536,0.02197130396962166,0.05916791409254074,0.04699838533997536,0.02197130396962166,0.05916791409254074,0.04699838533997536,0.02197130396962166,0.05916791409254074,0.04699838533997536,0.02197130396962166,0.05916791409254074,0.04699838533997536,0.02197130396962166,0.05916791409254074
R1138_395,G,395,0.04913958162069321,0.019338952377438545,0.051017239689826965,0.04913958162069321,0.019338952377438545,0.051017239689826965,0.04913958162069321,0.019338952377438545,0.051017239689826965,0.04913958162069321,0.019338952377438545,0.051017239689826965,0.04913958162069321,0.019338952377438545,0.051017239689826965
R1138_396,G,396,0.047987159341573715,0.0379413478076458,0.042863354086875916,0.047987159341573715,0.0379413478076458,0.042863354086875916,0.047987159341573715,0.0379413478076458,0.042863354086875916,0.047987159341573715,0.0379413478076458,0.042863354086875916,0.047987159341573715,0.0379413478076458,0.042863354086875916
R1138_397,G,397,0.04524178057909012,0.06346598267555237,0.04264706373214722,0.04524178057909012,0.06346598267555237,0.04264706373214722,0.04524178057909012,0.06346598267555237,0.04264706373214722,0.04524178057909012,0.06346598267555237,0.04264706373214722,0.04524178057909012,0.06346598267555237,0.04264706373214722
R1138_398,U,398,0.049545902758836746,0.08339645713567734,0.04365132749080658,0.049545902758836746,0.08339645713567734,0.04365132749080658,0.049545902758836746,0.08339645713567734,0.04365132749080658,0.049545902758836746,0.08339645713567734,0.04365132749080658,0.049545902758836746,0.08339645713567734,0.04365132749080658
R1138_399,C,399,0.03025677055120468,0.05795405060052872,0.059786729514598846,0.03025677055120468,0.05795405060052872,0.059786729514598846,0.03025677055120468,0.05795405060052872,0.059786729514598846,0.03025677055120468,0.05795405060052872,0.059786729514598846,0.03025677055120468,0.05795405060052872,0.059786729514598846
R1138_400,G,400,0.04649675637483597,0.04036968946456909,0.04997672885656357,0.04649675637483597,0.04036968946456909,0.04997672885656357,0.04649675637483597,0.04036968946456909,0.04997672885656357,0.04649675637483597,0.04036968946456909,0.04997672885656357,0.04649675637483597,0.04036968946456909,0.04997672885656357
R1138_401,G,401,0.05511114001274109,0.02591150812804699,0.04247619956731796,0.05511114001274109,0.02591150812804699,0.04247619956731796,0.05511114001274109,0.02591150812804699,0.04247619956731796,0.05511114001274109,0.02591150812804699,0.04247619956731796,0.05511114001274109,0.02591150812804699,0.04247619956731796
R1138_402,U,402,0.059441179037094116,0.04942813515663147,0.03386348485946655,0.059441179037094116,0.04942813515663147,0.03386348485946655,0.059441179037094116,0.04942813515663147,0.03386348485946655,0.059441179037094116,0.04942813515663147,0.03386348485946655,0.059441179037094116,0.04942813515663147,0.03386348485946655
R1138_403,U,403,0.059940267354249954,0.06689751893281937,0.03741868585348129,0.059940267354249954,0.06689751893281937,0.03741868585348129,0.059940267354249954,0.06689751893281937,0.03741868585348129,0.059940267354249954,0.06689751893281937,0.03741868585348129,0.059940267354249954,0.06689751893281937,0.03741868585348129
R1138_404,C,404,0.05370878055691719,0.06685078889131546,0.056636303663253784,0.05370878055691719,0.06685078889131546,0.056636303663253784,0.05370878055691719,0.06685078889131546,0.056636303663253784,0.05370878055691719,0.06685078889131546,0.056636303663253784,0.05370878055691719,0.06685078889131546,0.056636303663253784
R1138_405,C,405,0.05384721979498863,0.04633919894695282,0.06469295173883438,0.05384721979498863,0.04633919894695282,0.06469295173883438,0.05384721979498863,0.04633919894695282,0.06469295173883438,0.05384721979498863,0.04633919894695282,0.06469295173883438,0.05384721979498863,0.04633919894695282,0.06469295173883438
R1138_406,C,406,0.06271219253540039,0.01189610455185175,0.06960384547710419,0.06271219253540039,0.01189610455185175,0.06960384547710419,0.06271219253540039,0.01189610455185175,0.06960384547710419,0.06271219253540039,0.01189610455185175,0.06960384547710419,0.06271219253540039,0.01189610455185175,0.06960384547710419
R1138_407,C,407,0.06708370894193649,-0.022161344066262245,0.06704770028591156,0.06708370894193649,-0.022161344066262245,0.06704770028591156,0.06708370894193649,-0.022161344066262245,0.06704770028591156,0.06708370894193649,-0.022161344066262245,0.06704770028591156,0.06708370894193649,-0.022161344066262245,0.06704770028591156
R1138_408,G,408,0.06782177090644836,0.006238940171897411,0.04833346605300903,0.06782177090644836,0.006238940171897411,0.04833346605300903,0.06782177090644836,0.006238940171897411,0.04833346605300903,0.06782177090644836,0.006238940171897411,0.04833346605300903,0.06782177090644836,0.006238940171897411,0.04833346605300903
R1138_409,A,409,0.018477225676178932,0.039165496826171875,0.07021521776914597,0.018477225676178932,0.039165496826171875,0.07021521776914597,0.018477225676178932,0.039165496826171875,0.07021521776914597,0.018477225676178932,0.039165496826171875,0.07021521776914597,0.018477225676178932,0.039165496826171875,0.07021521776914597
R1138_410,G,410,0.047282710671424866,0.07232579588890076,0.04156030714511871,0.047282710671424866,0.07232579588890076,0.04156030714511871,0.047282710671424866,0.07232579588890076,0.04156030714511871,0.047282710671424866,0.07232579588890076,0.04156030714511871,0.047282710671424866,0.07232579588890076,0.04156030714511871
R1138_411,C,411,0.007440274581313133,0.08783116936683655,0.05817703902721405,0.007440274581313133,0.08783116936683655,0.05817703902721405,0.007440274581313133,0.08783116936683655,0.05817703902721405,0.007440274581313133,0.08783116936683655,0.05817703902721405,0.007440274581313133,0.08783116936683655,0.05817703902721405
R1138_412,A,412,-0.10229521244764328,0.08267690986394882,0.13507910072803497,-0.10229521244764328,0.08267690986394882,0.13507910072803497,-0.10229521244764328,0.08267690986394882,0.13507910072803497,-0.10229521244764328,0.08267690986394882,0.13507910072803497,-0.10229521244764328,0.08267690986394882,0.13507910072803497
R1138_413,U,413,0.03546813502907753,0.04000595957040787,0.04695726931095123,0.03546813502907753,0.04000595957040787,0.04695726931095123,0.03546813502907753,0.04000595957040787,0.04695726931095123,0.03546813502907753,0.04000595957040787,0.04695726931095123,0.03546813502907753,0.04000595957040787,0.04695726931095123
R1138_414,A,414,-0.04392377659678459,0.03379448503255844,0.08491433411836624,-0.04392377659678459,0.03379448503255844,0.08491433411836624,-0.04392377659678459,0.03379448503255844,0.08491433411836624,-0.04392377659678459,0.03379448503255844,0.08491433411836624,-0.04392377659678459,0.03379448503255844,0.08491433411836624
R1138_415,G,415,0.01976517029106617,0.05384384095668793,0.043651044368743896,0.01976517029106617,0.05384384095668793,0.043651044368743896,0.01976517029106617,0.05384384095668793,0.043651044368743896,0.01976517029106617,0.05384384095668793,0.043651044368743896,0.01976517029106617,0.05384384095668793,0.043651044368743896
R1138_416,A,416,-0.06387631595134735,0.06073115020990372,0.11456548422574997,-0.06387631595134735,0.06073115020990372,0.11456548422574997,-0.06387631595134735,0.06073115020990372,0.11456548422574997,-0.06387631595134735,0.06073115020990372,0.11456548422574997,-0.06387631595134735,0.06073115020990372,0.11456548422574997
R1138_417,C,417,-0.019732767716050148,0.09902788698673248,0.06158611178398132,-0.019732767716050148,0.09902788698673248,0.06158611178398132,-0.019732767716050148,0.09902788698673248,0.06158611178398132,-0.019732767716050148,0.09902788698673248,0.06158611178398132,-0.019732767716050148,0.09902788698673248,0.06158611178398132
R1138_418,C,418,-0.018448103219270706,0.07844749093055725,0.07279829680919647,-0.018448103219270706,0.07844749093055725,0.07279829680919647,-0.018448103219270706,0.07844749093055725,0.07279829680919647,-0.018448103219270706,0.07844749093055725,0.07279829680919647,-0.018448103219270706,0.07844749093055725,0.07279829680919647
R1138_419,A,419,-0.01638214662671089,0.07134535163640976,0.08615511655807495,-0.01638214662671089,0.07134535163640976,0.08615511655807495,-0.01638214662671089,0.07134535163640976,0.08615511655807495,-0.01638214662671089,0.07134535163640976,0.08615511655807495,-0.01638214662671089,0.07134535163640976,0.08615511655807495
R1138_420,A,420,0.010327404364943504,0.05637232959270477,0.05874417722225189,0.010327404364943504,0.05637232959270477,0.05874417722225189,0.010327404364943504,0.05637232959270477,0.05874417722225189,0.010327404364943504,0.05637232959270477,0.05874417722225189,0.010327404364943504,0.05637232959270477,0.05874417722225189
R1138_421,U,421,0.028511300683021545,0.06914278864860535,0.03646823763847351,0.028511300683021545,0.06914278864860535,0.03646823763847351,0.028511300683021545,0.06914278864860535,0.03646823763847351,0.028511300683021545,0.06914278864860535,0.03646823763847351,0.028511300683021545,0.06914278864860535,0.03646823763847351
R1138_422,A,422,0.000434869434684515,0.04672177881002426,0.090304434299469,0.000434869434684515,0.04672177881002426,0.090304434299469,0.000434869434684515,0.04672177881002426,0.090304434299469,0.000434869434684515,0.04672177881002426,0.090304434299469,0.000434869434684515,0.04672177881002426,0.090304434299469
R1138_423,U,423,0.03928050026297569,0.08985700458288193,0.04290133714675903,0.03928050026297569,0.08985700458288193,0.04290133714675903,0.03928050026297569,0.08985700458288193,0.04290133714675903,0.03928050026297569,0.08985700458288193,0.04290133714675903,0.03928050026297569,0.08985700458288193,0.04290133714675903
R1138_424,C,424,0.01435953751206398,0.05604124069213867,0.06941458582878113,0.01435953751206398,0.05604124069213867,0.06941458582878113,0.01435953751206398,0.05604124069213867,0.06941458582878113,0.01435953751206398,0.05604124069213867,0.06941458582878113,0.01435953751206398,0.05604124069213867,0.06941458582878113
R1138_425,C,425,0.029197217896580696,0.02806760184466839,0.06207640469074249,0.029197217896580696,0.02806760184466839,0.06207640469074249,0.029197217896580696,0.02806760184466839,0.06207640469074249,0.029197217896580696,0.02806760184466839,0.06207640469074249,0.029197217896580696,0.02806760184466839,0.06207640469074249
R1138_426,C,426,0.03768748417496681,-6.45071268081665e-05,0.052194975316524506,0.03768748417496681,-6.45071268081665e-05,0.052194975316524506,0.03768748417496681,-6.45071268081665e-05,0.052194975316524506,0.03768748417496681,-6.45071268081665e-05,0.052194975316524506,0.03768748417496681,-6.45071268081665e-05,0.052194975316524506
R1138_427,A,427,0.04423592984676361,-0.006580280140042305,0.07795488089323044,0.04423592984676361,-0.006580280140042305,0.07795488089323044,0.04423592984676361,-0.006580280140042305,0.07795488089323044,0.04423592984676361,-0.006580280140042305,0.07795488089323044,0.04423592984676361,-0.006580280140042305,0.07795488089323044
R1138_428,G,428,0.03919993340969086,0.05069874972105026,0.037404656410217285,0.03919993340969086,0.05069874972105026,0.037404656410217285,0.03919993340969086,0.05069874972105026,0.037404656410217285,0.03919993340969086,0.05069874972105026,0.037404656410217285,0.03919993340969086,0.05069874972105026,0.037404656410217285
R1138_429,G,429,0.03246292471885681,0.08122091740369797,0.035596273839473724,0.03246292471885681,0.08122091740369797,0.035596273839473724,0.03246292471885681,0.08122091740369797,0.035596273839473724,0.03246292471885681,0.08122091740369797,0.035596273839473724,0.03246292471885681,0.08122091740369797,0.035596273839473724
R1138_430,U,430,0.03990543261170387,0.08016159385442734,0.03572823852300644,0.03990543261170387,0.08016159385442734,0.03572823852300644,0.03990543261170387,0.08016159385442734,0.03572823852300644,0.03990543261170387,0.08016159385442734,0.03572823852300644,0.03990543261170387,0.08016159385442734,0.03572823852300644
R1138_431,U,431,0.038110844790935516,0.05844618380069733,0.03715895116329193,0.038110844790935516,0.05844618380069733,0.03715895116329193,0.038110844790935516,0.05844618380069733,0.03715895116329193,0.038110844790935516,0.05844618380069733,0.03715895116329193,0.038110844790935516,0.05844618380069733,0.03715895116329193
R1138_432,U,432,0.04014875739812851,0.03732912242412567,0.03637439012527466,0.04014875739812851,0.03732912242412567,0.03637439012527466,0.04014875739812851,0.03732912242412567,0.03637439012527466,0.04014875739812851,0.03732912242412567,0.03637439012527466,0.04014875739812851,0.03732912242412567,0.03637439012527466
R1138_433,A,433,-0.007059406954795122,0.016824867576360703,0.08568178117275238,-0.007059406954795122,0.016824867576360703,0.08568178117275238,-0.007059406954795122,0.016824867576360703,0.08568178117275238,-0.007059406954795122,0.016824867576360703,0.08568178117275238,-0.007059406954795122,0.016824867576360703,0.08568178117275238
R1138_434,U,434,0.0370679572224617,0.05612193048000336,0.04187095910310745,0.0370679572224617,0.05612193048000336,0.04187095910310745,0.0370679572224617,0.05612193048000336,0.04187095910310745,0.0370679572224617,0.05612193048000336,0.04187095910310745,0.0370679572224617,0.05612193048000336,0.04187095910310745
R1138_435,G,435,0.025430556386709213,0.07678043097257614,0.05229160934686661,0.025430556386709213,0.07678043097257614,0.05229160934686661,0.025430556386709213,0.07678043097257614,0.05229160934686661,0.025430556386709213,0.07678043097257614,0.05229160934686661,0.025430556386709213,0.07678043097257614,0.05229160934686661
R1138_436,C,436,0.012360397726297379,0.08698087930679321,0.05547700077295303,0.012360397726297379,0.08698087930679321,0.05547700077295303,0.012360397726297379,0.08698087930679321,0.05547700077295303,0.012360397726297379,0.08698087930679321,0.05547700077295303,0.012360397726297379,0.08698087930679321,0.05547700077295303
R1138_437,U,437,0.03532230481505394,0.08403035998344421,0.039172738790512085,0.03532230481505394,0.08403035998344421,0.039172738790512085,0.03532230481505394,0.08403035998344421,0.039172738790512085,0.03532230481505394,0.08403035998344421,0.039172738790512085,0.03532230481505394,0.08403035998344421,0.039172738790512085
R1138_438,C,438,0.026858041062951088,0.04147854074835777,0.05291976034641266,0.026858041062951088,0.04147854074835777,0.05291976034641266,0.026858041062951088,0.04147854074835777,0.05291976034641266,0.026858041062951088,0.04147854074835777,0.05291976034641266,0.026858041062951088,0.04147854074835777,0.05291976034641266
R1138_439,C,439,0.028101779520511627,0.030985742807388306,0.04390985518693924,0.028101779520511627,0.030985742807388306,0.04390985518693924,0.028101779520511627,0.030985742807388306,0.04390985518693924,0.028101779520511627,0.030985742807388306,0.04390985518693924,0.028101779520511627,0.030985742807388306,0.04390985518693924
R1138_440,C,440,0.025909509509801865,0.04488815367221832,0.0433448851108551,0.025909509509801865,0.04488815367221832,0.0433448851108551,0.025909509509801865,0.04488815367221832,0.0433448851108551,0.025909509509801865,0.04488815367221832,0.0433448851108551,0.025909509509801865,0.04488815367221832,0.0433448851108551
R1138_441,C,441,0.033188529312610626,0.07271123677492142,0.05161502957344055,0.033188529312610626,0.07271123677492142,0.05161502957344055,0.033188529312610626,0.07271123677492142,0.05161502957344055,0.033188529312610626,0.07271123677492142,0.05161502957344055,0.033188529312610626,0.07271123677492142,0.05161502957344055
R1138_442,A,442,0.045871179550886154,0.07462067902088165,0.07074908912181854,0.045871179550886154,0.07462067902088165,0.07074908912181854,0.045871179550886154,0.07462067902088165,0.07074908912181854,0.045871179550886154,0.07462067902088165,0.07074908912181854,0.045871179550886154,0.07462067902088165,0.07074908912181854
R1138_443,A,443,0.0761650875210762,0.05245447903871536,0.07632683962583542,0.0761650875210762,0.05245447903871536,0.07632683962583542,0.0761650875210762,0.05245447903871536,0.07632683962583542,0.0761650875210762,0.05245447903871536,0.07632683962583542,0.0761650875210762,0.05245447903871536,0.07632683962583542
R1138_444,C,444,0.0761314183473587,0.03176068887114525,0.0487046018242836,0.0761314183473587,0.03176068887114525,0.0487046018242836,0.0761314183473587,0.03176068887114525,0.0487046018242836,0.0761314183473587,0.03176068887114525,0.0487046018242836,0.0761314183473587,0.03176068887114525,0.0487046018242836
R1138_445,G,445,0.0770522877573967,0.02589484676718712,0.04123350977897644,0.0770522877573967,0.02589484676718712,0.04123350977897644,0.0770522877573967,0.02589484676718712,0.04123350977897644,0.0770522877573967,0.02589484676718712,0.04123350977897644,0.0770522877573967,0.02589484676718712,0.04123350977897644
R1138_446,C,446,0.07711124420166016,0.008980702608823776,0.055420927703380585,0.07711124420166016,0.008980702608823776,0.055420927703380585,0.07711124420166016,0.008980702608823776,0.055420927703380585,0.07711124420166016,0.008980702608823776,0.055420927703380585,0.07711124420166016,0.008980702608823776,0.055420927703380585
R1138_447,U,447,0.07913976162672043,0.05264706164598465,0.03427167981863022,0.07913976162672043,0.05264706164598465,0.03427167981863022,0.07913976162672043,0.05264706164598465,0.03427167981863022,0.07913976162672043,0.05264706164598465,0.03427167981863022,0.07913976162672043,0.05264706164598465,0.03427167981863022
R1138_448,G,448,0.08560898900032043,0.06442347913980484,0.03217259794473648,0.08560898900032043,0.06442347913980484,0.03217259794473648,0.08560898900032043,0.06442347913980484,0.03217259794473648,0.08560898900032043,0.06442347913980484,0.03217259794473648,0.08560898900032043,0.06442347913980484,0.03217259794473648
R1138_449,G,449,0.08776529878377914,0.05861702561378479,0.03581691533327103,0.08776529878377914,0.05861702561378479,0.03581691533327103,0.08776529878377914,0.05861702561378479,0.03581691533327103,0.08776529878377914,0.05861702561378479,0.03581691533327103,0.08776529878377914,0.05861702561378479,0.03581691533327103
R1138_450,A,450,0.06713858246803284,0.02335495874285698,0.1551676243543625,0.06713858246803284,0.02335495874285698,0.1551676243543625,0.06713858246803284,0.02335495874285698,0.1551676243543625,0.06713858246803284,0.02335495874285698,0.1551676243543625,0.06713858246803284,0.02335495874285698,0.1551676243543625
R1138_451,C,451,0.07970201969146729,-0.0014299601316452026,0.06614632904529572,0.07970201969146729,-0.0014299601316452026,0.06614632904529572,0.07970201969146729,-0.0014299601316452026,0.06614632904529572,0.07970201969146729,-0.0014299601316452026,0.06614632904529572,0.07970201969146729,-0.0014299601316452026,0.06614632904529572
R1138_452,G,452,0.08318949490785599,0.022627050057053566,0.034914106130599976,0.08318949490785599,0.022627050057053566,0.034914106130599976,0.08318949490785599,0.022627050057053566,0.034914106130599976,0.08318949490785599,0.022627050057053566,0.034914106130599976,0.08318949490785599,0.022627050057053566,0.034914106130599976
R1138_453,A,453,0.05588891729712486,0.048284389078617096,0.0686073750257492,0.05588891729712486,0.048284389078617096,0.0686073750257492,0.05588891729712486,0.048284389078617096,0.0686073750257492,0.05588891729712486,0.048284389078617096,0.0686073750257492,0.05588891729712486,0.048284389078617096,0.0686073750257492
R1138_454,A,454,0.05983097106218338,0.10803791135549545,0.044408686459064484,0.05983097106218338,0.10803791135549545,0.044408686459064484,0.05983097106218338,0.10803791135549545,0.044408686459064484,0.05983097106218338,0.10803791135549545,0.044408686459064484,0.05983097106218338,0.10803791135549545,0.044408686459064484
R1138_455,C,455,0.07864458858966827,0.09399097412824631,0.030479243025183678,0.07864458858966827,0.09399097412824631,0.030479243025183678,0.07864458858966827,0.09399097412824631,0.030479243025183678,0.07864458858966827,0.09399097412824631,0.030479243025183678,0.07864458858966827,0.09399097412824631,0.030479243025183678
R1138_456,U,456,0.07447030395269394,0.06647659838199615,0.031985461711883545,0.07447030395269394,0.06647659838199615,0.031985461711883545,0.07447030395269394,0.06647659838199615,0.031985461711883545,0.07447030395269394,0.06647659838199615,0.031985461711883545,0.07447030395269394,0.06647659838199615,0.031985461711883545
R1138_457,A,457,0.08086734265089035,0.03566372022032738,0.08150821924209595,0.08086734265089035,0.03566372022032738,0.08150821924209595,0.08086734265089035,0.03566372022032738,0.08150821924209595,0.08086734265089035,0.03566372022032738,0.08150821924209595,0.08086734265089035,0.03566372022032738,0.08150821924209595
R1138_458,C,458,0.07776281237602234,0.0397409126162529,0.03328731656074524,0.07776281237602234,0.0397409126162529,0.03328731656074524,0.07776281237602234,0.0397409126162529,0.03328731656074524,0.07776281237602234,0.0397409126162529,0.03328731656074524,0.07776281237602234,0.0397409126162529,0.03328731656074524
R1138_459,C,459,0.07440593838691711,0.061392076313495636,0.026595814153552055,0.07440593838691711,0.061392076313495636,0.026595814153552055,0.07440593838691711,0.061392076313495636,0.026595814153552055,0.07440593838691711,0.061392076313495636,0.026595814153552055,0.07440593838691711,0.061392076313495636,0.026595814153552055
R1138_460,U,460,0.07987497746944427,0.09016098082065582,0.02645798958837986,0.07987497746944427,0.09016098082065582,0.02645798958837986,0.07987497746944427,0.09016098082065582,0.02645798958837986,0.07987497746944427,0.09016098082065582,0.02645798958837986,0.07987497746944427,0.09016098082065582,0.02645798958837986
R1138_461,A,461,0.08050651103258133,0.11341311782598495,0.05180775374174118,0.08050651103258133,0.11341311782598495,0.05180775374174118,0.08050651103258133,0.11341311782598495,0.05180775374174118,0.08050651103258133,0.11341311782598495,0.05180775374174118,0.08050651103258133,0.11341311782598495,0.05180775374174118
R1138_462,C,462,0.10068461298942566,0.07906143367290497,0.027283107861876488,0.10068461298942566,0.07906143367290497,0.027283107861876488,0.10068461298942566,0.07906143367290497,0.027283107861876488,0.10068461298942566,0.07906143367290497,0.027283107861876488,0.10068461298942566,0.07906143367290497,0.027283107861876488
R1138_463,G,463,0.10578761249780655,0.04531114920973778,0.02501114271581173,0.10578761249780655,0.04531114920973778,0.02501114271581173,0.10578761249780655,0.04531114920973778,0.02501114271581173,0.10578761249780655,0.04531114920973778,0.02501114271581173,0.10578761249780655,0.04531114920973778,0.02501114271581173
R1138_464,U,464,0.0979178175330162,0.039975982159376144,0.025733603164553642,0.0979178175330162,0.039975982159376144,0.025733603164553642,0.0979178175330162,0.039975982159376144,0.025733603164553642,0.0979178175330162,0.039975982159376144,0.025733603164553642,0.0979178175330162,0.039975982159376144,0.025733603164553642
R1138_465,C,465,0.11177147179841995,0.031490638852119446,0.03657416254281998,0.11177147179841995,0.031490638852119446,0.03657416254281998,0.11177147179841995,0.031490638852119446,0.03657416254281998,0.11177147179841995,0.031490638852119446,0.03657416254281998,0.11177147179841995,0.031490638852119446,0.03657416254281998
R1138_466,U,466,0.0966053232550621,0.07028720527887344,0.02023644931614399,0.0966053232550621,0.07028720527887344,0.02023644931614399,0.0966053232550621,0.07028720527887344,0.02023644931614399,0.0966053232550621,0.07028720527887344,0.02023644931614399,0.0966053232550621,0.07028720527887344,0.02023644931614399
R1138_467,A,467,0.11911240220069885,0.10590087622404099,0.06576890498399734,0.11911240220069885,0.10590087622404099,0.06576890498399734,0.11911240220069885,0.10590087622404099,0.06576890498399734,0.11911240220069885,0.10590087622404099,0.06576890498399734,0.11911240220069885,0.10590087622404099,0.06576890498399734
R1138_468,G,468,0.10885991156101227,0.0747089758515358,0.013780912384390831,0.10885991156101227,0.0747089758515358,0.013780912384390831,0.10885991156101227,0.0747089758515358,0.013780912384390831,0.10885991156101227,0.0747089758515358,0.013780912384390831,0.10885991156101227,0.0747089758515358,0.013780912384390831
R1138_469,C,469,0.10862543433904648,0.03943076729774475,0.03334765136241913,0.10862543433904648,0.03943076729774475,0.03334765136241913,0.10862543433904648,0.03943076729774475,0.03334765136241913,0.10862543433904648,0.03943076729774475,0.03334765136241913,0.10862543433904648,0.03943076729774475,0.03334765136241913
R1138_470,G,470,0.10129592567682266,0.025962352752685547,0.017318321391940117,0.10129592567682266,0.025962352752685547,0.017318321391940117,0.10129592567682266,0.025962352752685547,0.017318321391940117,0.10129592567682266,0.025962352752685547,0.017318321391940117,0.10129592567682266,0.025962352752685547,0.017318321391940117
R1138_471,U,471,0.08286862075328827,0.0524049773812294,0.010566120967268944,0.08286862075328827,0.0524049773812294,0.010566120967268944,0.08286862075328827,0.0524049773812294,0.010566120967268944,0.08286862075328827,0.0524049773812294,0.010566120967268944,0.08286862075328827,0.0524049773812294,0.010566120967268944
R1138_472,U,472,0.0768195390701294,0.0770442932844162,0.00730929896235466,0.0768195390701294,0.0770442932844162,0.00730929896235466,0.0768195390701294,0.0770442932844162,0.00730929896235466,0.0768195390701294,0.0770442932844162,0.00730929896235466,0.0768195390701294,0.0770442932844162,0.00730929896235466
R1138_473,C,473,0.07415792346000671,0.11617746204137802,-0.008326166309416294,0.07415792346000671,0.11617746204137802,-0.008326166309416294,0.07415792346000671,0.11617746204137802,-0.008326166309416294,0.07415792346000671,0.11617746204137802,-0.008326166309416294,0.07415792346000671,0.11617746204137802,-0.008326166309416294
R1138_474,C,474,0.07009939849376678,0.1148303747177124,-0.0006753671914339066,0.07009939849376678,0.1148303747177124,-0.0006753671914339066,0.07009939849376678,0.1148303747177124,-0.0006753671914339066,0.07009939849376678,0.1148303747177124,-0.0006753671914339066,0.07009939849376678,0.1148303747177124,-0.0006753671914339066
R1138_475,G,475,0.0672292485833168,0.08209854364395142,0.009485764428973198,0.0672292485833168,0.08209854364395142,0.009485764428973198,0.0672292485833168,0.08209854364395142,0.009485764428973198,0.0672292485833168,0.08209854364395142,0.009485764428973198,0.0672292485833168,0.08209854364395142,0.009485764428973198
R1138_476,G,476,0.058969125151634216,0.06764566153287888,0.010502932593226433,0.058969125151634216,0.06764566153287888,0.010502932593226433,0.058969125151634216,0.06764566153287888,0.010502932593226433,0.058969125151634216,0.06764566153287888,0.010502932593226433,0.058969125151634216,0.06764566153287888,0.010502932593226433
R1138_477,C,477,0.04919063672423363,0.0712815374135971,0.00919278897345066,0.04919063672423363,0.0712815374135971,0.00919278897345066,0.04919063672423363,0.0712815374135971,0.00919278897345066,0.04919063672423363,0.0712815374135971,0.00919278897345066,0.04919063672423363,0.0712815374135971,0.00919278897345066
R1138_478,A,478,0.03941414877772331,0.08875830471515656,0.034716181457042694,0.03941414877772331,0.08875830471515656,0.034716181457042694,0.03941414877772331,0.08875830471515656,0.034716181457042694,0.03941414877772331,0.08875830471515656,0.034716181457042694,0.03941414877772331,0.08875830471515656,0.034716181457042694
R1138_479,A,479,0.04276395961642265,0.10493753850460052,0.03778127580881119,0.04276395961642265,0.10493753850460052,0.03778127580881119,0.04276395961642265,0.10493753850460052,0.03778127580881119,0.04276395961642265,0.10493753850460052,0.03778127580881119,0.04276395961642265,0.10493753850460052,0.03778127580881119
R1138_480,A,480,0.05457301065325737,0.09571495652198792,0.05014076083898544,0.05457301065325737,0.09571495652198792,0.05014076083898544,0.05457301065325737,0.09571495652198792,0.05014076083898544,0.05457301065325737,0.09571495652198792,0.05014076083898544,0.05457301065325737,0.09571495652198792,0.05014076083898544
R1138_481,U,481,0.07304034382104874,0.1004561185836792,0.00673159584403038,0.07304034382104874,0.1004561185836792,0.00673159584403038,0.07304034382104874,0.1004561185836792,0.00673159584403038,0.07304034382104874,0.1004561185836792,0.00673159584403038,0.07304034382104874,0.1004561185836792,0.00673159584403038
R1138_482,G,482,0.07246698439121246,0.07457935065031052,0.0033222567290067673,0.07246698439121246,0.07457935065031052,0.0033222567290067673,0.07246698439121246,0.07457935065031052,0.0033222567290067673,0.07246698439121246,0.07457935065031052,0.0033222567290067673,0.07246698439121246,0.07457935065031052,0.0033222567290067673
R1138_483,A,483,0.11270114034414291,0.0551084503531456,0.03937307000160217,0.11270114034414291,0.0551084503531456,0.03937307000160217,0.11270114034414291,0.0551084503531456,0.03937307000160217,0.11270114034414291,0.0551084503531456,0.03937307000160217,0.11270114034414291,0.0551084503531456,0.03937307000160217
R1138_484,G,484,0.06823587417602539,0.06933366507291794,0.0069847628474235535,0.06823587417602539,0.06933366507291794,0.0069847628474235535,0.06823587417602539,0.06933366507291794,0.0069847628474235535,0.06823587417602539,0.06933366507291794,0.0069847628474235535,0.06823587417602539,0.06933366507291794,0.0069847628474235535
R1138_485,U,485,0.07649575918912888,0.09098917245864868,0.006593840196728706,0.07649575918912888,0.09098917245864868,0.006593840196728706,0.07649575918912888,0.09098917245864868,0.006593840196728706,0.07649575918912888,0.09098917245864868,0.006593840196728706,0.07649575918912888,0.09098917245864868,0.006593840196728706
R1138_486,C,486,0.08477301150560379,0.07983697950839996,0.008602922782301903,0.08477301150560379,0.07983697950839996,0.008602922782301903,0.08477301150560379,0.07983697950839996,0.008602922782301903,0.08477301150560379,0.07983697950839996,0.008602922782301903,0.08477301150560379,0.07983697950839996,0.008602922782301903
R1138_487,A,487,0.11607368290424347,0.015410891734063625,0.049068041145801544,0.11607368290424347,0.015410891734063625,0.049068041145801544,0.11607368290424347,0.015410891734063625,0.049068041145801544,0.11607368290424347,0.015410891734063625,0.049068041145801544,0.11607368290424347,0.015410891734063625,0.049068041145801544
R1138_488,A,488,0.11128362268209457,0.012221230193972588,0.05829361081123352,0.11128362268209457,0.012221230193972588,0.05829361081123352,0.11128362268209457,0.012221230193972588,0.05829361081123352,0.11128362268209457,0.012221230193972588,0.05829361081123352,0.11128362268209457,0.012221230193972588,0.05829361081123352
R1138_489,U,489,0.07620470970869064,0.04740443453192711,-0.006753169000148773,0.07620470970869064,0.04740443453192711,-0.006753169000148773,0.07620470970869064,0.04740443453192711,-0.006753169000148773,0.07620470970869064,0.04740443453192711,-0.006753169000148773,0.07620470970869064,0.04740443453192711,-0.006753169000148773
R1138_490,A,490,0.06690624356269836,0.017998646944761276,0.028750134631991386,0.06690624356269836,0.017998646944761276,0.028750134631991386,0.06690624356269836,0.017998646944761276,0.028750134631991386,0.06690624356269836,0.017998646944761276,0.028750134631991386,0.06690624356269836,0.017998646944761276,0.028750134631991386
R1138_491,C,491,0.0710478276014328,0.05779547989368439,-0.02181817591190338,0.0710478276014328,0.05779547989368439,-0.02181817591190338,0.0710478276014328,0.05779547989368439,-0.02181817591190338,0.0710478276014328,0.05779547989368439,-0.02181817591190338,0.0710478276014328,0.05779547989368439,-0.02181817591190338
R1138_492,C,492,0.07390730082988739,0.07893247157335281,-0.017997726798057556,0.07390730082988739,0.07893247157335281,-0.017997726798057556,0.07390730082988739,0.07893247157335281,-0.017997726798057556,0.07390730082988739,0.07893247157335281,-0.017997726798057556,0.07390730082988739,0.07893247157335281,-0.017997726798057556
R1138_493,U,493,0.06591396033763885,0.08745261281728745,0.0004412587732076645,0.06591396033763885,0.08745261281728745,0.0004412587732076645,0.06591396033763885,0.08745261281728745,0.0004412587732076645,0.06591396033763885,0.08745261281728745,0.0004412587732076645,0.06591396033763885,0.08745261281728745,0.0004412587732076645
R1138_494,C,494,0.07182545959949493,0.05753343552350998,-0.00015740282833576202,0.07182545959949493,0.05753343552350998,-0.00015740282833576202,0.07182545959949493,0.05753343552350998,-0.00015740282833576202,0.07182545959949493,0.05753343552350998,-0.00015740282833576202,0.07182545959949493,0.05753343552350998,-0.00015740282833576202
R1138_495,A,495,0.07657547295093536,0.032470859587192535,0.024744966998696327,0.07657547295093536,0.032470859587192535,0.024744966998696327,0.07657547295093536,0.032470859587192535,0.024744966998696327,0.07657547295093536,0.032470859587192535,0.024744966998696327,0.07657547295093536,0.032470859587192535,0.024744966998696327
R1138_496,G,496,0.055942658334970474,0.05278613418340683,0.0059518273919820786,0.055942658334970474,0.05278613418340683,0.0059518273919820786,0.055942658334970474,0.05278613418340683,0.0059518273919820786,0.055942658334970474,0.05278613418340683,0.0059518273919820786,0.055942658334970474,0.05278613418340683,0.0059518273919820786
R1138_497,A,497,0.06667699664831161,0.018755964934825897,0.03384680300951004,0.06667699664831161,0.018755964934825897,0.03384680300951004,0.06667699664831161,0.018755964934825897,0.03384680300951004,0.06667699664831161,0.018755964934825897,0.03384680300951004,0.06667699664831161,0.018755964934825897,0.03384680300951004
R1138_498,C,498,0.0647304505109787,0.08875194191932678,0.0033965371549129486,0.0647304505109787,0.08875194191932678,0.0033965371549129486,0.0647304505109787,0.08875194191932678,0.0033965371549129486,0.0647304505109787,0.08875194191932678,0.0033965371549129486,0.0647304505109787,0.08875194191932678,0.0033965371549129486
R1138_499,U,499,0.0688282772898674,0.0983487069606781,0.003115534782409668,0.0688282772898674,0.0983487069606781,0.003115534782409668,0.0688282772898674,0.0983487069606781,0.003115534782409668,0.0688282772898674,0.0983487069606781,0.003115534782409668,0.0688282772898674,0.0983487069606781,0.003115534782409668
R1138_500,U,500,0.07531634718179703,0.08366813510656357,0.0025476552546024323,0.07531634718179703,0.08366813510656357,0.0025476552546024323,0.07531634718179703,0.08366813510656357,0.0025476552546024323,0.07531634718179703,0.08366813510656357,0.0025476552546024323,0.07531634718179703,0.08366813510656357,0.0025476552546024323
R1138_501,A,501,0.11017497628927231,0.02538013830780983,0.022724540904164314,0.11017497628927231,0.02538013830780983,0.022724540904164314,0.11017497628927231,0.02538013830780983,0.022724540904164314,0.11017497628927231,0.02538013830780983,0.022724540904164314,0.11017497628927231,0.02538013830780983,0.022724540904164314
R1138_502,U,502,0.07303621619939804,0.05687075853347778,-0.0005185399204492569,0.07303621619939804,0.05687075853347778,-0.0005185399204492569,0.07303621619939804,0.05687075853347778,-0.0005185399204492569,0.07303621619939804,0.05687075853347778,-0.0005185399204492569,0.07303621619939804,0.05687075853347778,-0.0005185399204492569
R1138_503,U,503,0.07781707495450974,0.0634196326136589,0.0008683484047651291,0.07781707495450974,0.0634196326136589,0.0008683484047651291,0.07781707495450974,0.0634196326136589,0.0008683484047651291,0.07781707495450974,0.0634196326136589,0.0008683484047651291,0.07781707495450974,0.0634196326136589,0.0008683484047651291
R1138_504,U,504,0.08953847736120224,0.06850139796733856,0.001865169033408165,0.08953847736120224,0.06850139796733856,0.001865169033408165,0.08953847736120224,0.06850139796733856,0.001865169033408165,0.08953847736120224,0.06850139796733856,0.001865169033408165,0.08953847736120224,0.06850139796733856,0.001865169033408165
R1138_505,G,505,0.1014891266822815,0.06833140552043915,-0.01583685725927353,0.1014891266822815,0.06833140552043915,-0.01583685725927353,0.1014891266822815,0.06833140552043915,-0.01583685725927353,0.1014891266822815,0.06833140552043915,-0.01583685725927353,0.1014891266822815,0.06833140552043915,-0.01583685725927353
R1138_506,C,506,0.12631332874298096,0.0308977123349905,-0.014057442545890808,0.12631332874298096,0.0308977123349905,-0.014057442545890808,0.12631332874298096,0.0308977123349905,-0.014057442545890808,0.12631332874298096,0.0308977123349905,-0.014057442545890808,0.12631332874298096,0.0308977123349905,-0.014057442545890808
R1138_507,G,507,0.10480688512325287,0.017810076475143433,-0.0015815403312444687,0.10480688512325287,0.017810076475143433,-0.0015815403312444687,0.10480688512325287,0.017810076475143433,-0.0015815403312444687,0.10480688512325287,0.017810076475143433,-0.0015815403312444687,0.10480688512325287,0.017810076475143433,-0.0015815403312444687
R1138_508,G,508,0.09963689744472504,0.011915426701307297,-0.002867927774786949,0.09963689744472504,0.011915426701307297,-0.002867927774786949,0.09963689744472504,0.011915426701307297,-0.002867927774786949,0.09963689744472504,0.011915426701307297,-0.002867927774786949,0.09963689744472504,0.011915426701307297,-0.002867927774786949
R1138_509,U,509,0.09642307460308075,0.036090608686208725,0.004119193181395531,0.09642307460308075,0.036090608686208725,0.004119193181395531,0.09642307460308075,0.036090608686208725,0.004119193181395531,0.09642307460308075,0.036090608686208725,0.004119193181395531,0.09642307460308075,0.036090608686208725,0.004119193181395531
R1138_510,G,510,0.10028667747974396,0.06171032786369324,-0.012363526038825512,0.10028667747974396,0.06171032786369324,-0.012363526038825512,0.10028667747974396,0.06171032786369324,-0.012363526038825512,0.10028667747974396,0.06171032786369324,-0.012363526038825512,0.10028667747974396,0.06171032786369324,-0.012363526038825512
R1138_511,C,511,0.11461278796195984,0.08198374509811401,-0.025849608704447746,0.11461278796195984,0.08198374509811401,-0.025849608704447746,0.11461278796195984,0.08198374509811401,-0.025849608704447746,0.11461278796195984,0.08198374509811401,-0.025849608704447746,0.11461278796195984,0.08198374509811401,-0.025849608704447746
R1138_512,C,512,0.1152225211262703,0.06602617353200912,-0.014139550738036633,0.1152225211262703,0.06602617353200912,-0.014139550738036633,0.1152225211262703,0.06602617353200912,-0.014139550738036633,0.1152225211262703,0.06602617353200912,-0.014139550738036633,0.1152225211262703,0.06602617353200912,-0.014139550738036633
R1138_513,U,513,0.08854645490646362,0.048734478652477264,0.00913468562066555,0.08854645490646362,0.048734478652477264,0.00913468562066555,0.08854645490646362,0.048734478652477264,0.00913468562066555,0.08854645490646362,0.048734478652477264,0.00913468562066555,0.08854645490646362,0.048734478652477264,0.00913468562066555
R1138_514,G,514,0.08566100895404816,0.031877029687166214,0.005132090300321579,0.08566100895404816,0.031877029687166214,0.005132090300321579,0.08566100895404816,0.031877029687166214,0.005132090300321579,0.08566100895404816,0.031877029687166214,0.005132090300321579,0.08566100895404816,0.031877029687166214,0.005132090300321579
R1138_515,A,515,0.08913165330886841,0.03515266627073288,0.014277251437306404,0.08913165330886841,0.03515266627073288,0.014277251437306404,0.08913165330886841,0.03515266627073288,0.014277251437306404,0.08913165330886841,0.03515266627073288,0.014277251437306404,0.08913165330886841,0.03515266627073288,0.014277251437306404
R1138_516,G,516,0.08231174200773239,0.06267431378364563,0.0011077094823122025,0.08231174200773239,0.06267431378364563,0.0011077094823122025,0.08231174200773239,0.06267431378364563,0.0011077094823122025,0.08231174200773239,0.06267431378364563,0.0011077094823122025,0.08231174200773239,0.06267431378364563,0.0011077094823122025
R1138_517,C,517,0.08607493340969086,0.0904349833726883,-0.015218030661344528,0.08607493340969086,0.0904349833726883,-0.015218030661344528,0.08607493340969086,0.0904349833726883,-0.015218030661344528,0.08607493340969086,0.0904349833726883,-0.015218030661344528,0.08607493340969086,0.0904349833726883,-0.015218030661344528
R1138_518,C,518,0.08969946205615997,0.08982974290847778,-0.016603980213403702,0.08969946205615997,0.08982974290847778,-0.016603980213403702,0.08969946205615997,0.08982974290847778,-0.016603980213403702,0.08969946205615997,0.08982974290847778,-0.016603980213403702,0.08969946205615997,0.08982974290847778,-0.016603980213403702
R1138_519,U,519,0.08466649800539017,0.06767716258764267,0.004856806248426437,0.08466649800539017,0.06767716258764267,0.004856806248426437,0.08466649800539017,0.06767716258764267,0.004856806248426437,0.08466649800539017,0.06767716258764267,0.004856806248426437,0.08466649800539017,0.06767716258764267,0.004856806248426437
R1138_520,A,520,0.11137660592794418,0.01028221845626831,0.01801675744354725,0.11137660592794418,0.01028221845626831,0.01801675744354725,0.11137660592794418,0.01028221845626831,0.01801675744354725,0.11137660592794418,0.01028221845626831,0.01801675744354725,0.11137660592794418,0.01028221845626831,0.01801675744354725
R1138_521,A,521,0.0962168425321579,0.018039852380752563,0.005664929747581482,0.0962168425321579,0.018039852380752563,0.005664929747581482,0.0962168425321579,0.018039852380752563,0.005664929747581482,0.0962168425321579,0.018039852380752563,0.005664929747581482,0.0962168425321579,0.018039852380752563,0.005664929747581482
R1138_522,A,522,0.09023229777812958,0.03923248499631882,-0.0031808186322450638,0.09023229777812958,0.03923248499631882,-0.0031808186322450638,0.09023229777812958,0.03923248499631882,-0.0031808186322450638,0.09023229777812958,0.03923248499631882,-0.0031808186322450638,0.09023229777812958,0.03923248499631882,-0.0031808186322450638
R1138_523,C,523,0.10307978093624115,0.06315209716558456,-0.01382153294980526,0.10307978093624115,0.06315209716558456,-0.01382153294980526,0.10307978093624115,0.06315209716558456,-0.01382153294980526,0.10307978093624115,0.06315209716558456,-0.01382153294980526,0.10307978093624115,0.06315209716558456,-0.01382153294980526
R1138_524,U,524,0.09469899535179138,0.07259629666805267,-0.0007767844945192337,0.09469899535179138,0.07259629666805267,-0.0007767844945192337,0.09469899535179138,0.07259629666805267,-0.0007767844945192337,0.09469899535179138,0.07259629666805267,-0.0007767844945192337,0.09469899535179138,0.07259629666805267,-0.0007767844945192337
R1138_525,G,525,0.10365579277276993,0.03842129558324814,-0.007548380643129349,0.10365579277276993,0.03842129558324814,-0.007548380643129349,0.10365579277276993,0.03842129558324814,-0.007548380643129349,0.10365579277276993,0.03842129558324814,-0.007548380643129349,0.10365579277276993,0.03842129558324814,-0.007548380643129349
R1138_526,A,526,0.11624395847320557,-0.024850448593497276,0.04614769667387009,0.11624395847320557,-0.024850448593497276,0.04614769667387009,0.11624395847320557,-0.024850448593497276,0.04614769667387009,0.11624395847320557,-0.024850448593497276,0.04614769667387009,0.11624395847320557,-0.024850448593497276,0.04614769667387009
R1138_527,A,527,0.10302845388650894,-0.022257735952734947,0.023813730105757713,0.10302845388650894,-0.022257735952734947,0.023813730105757713,0.10302845388650894,-0.022257735952734947,0.023813730105757713,0.10302845388650894,-0.022257735952734947,0.023813730105757713,0.10302845388650894,-0.022257735952734947,0.023813730105757713
R1138_528,C,528,0.09147773683071136,0.02667299658060074,-0.010306795127689838,0.09147773683071136,0.02667299658060074,-0.010306795127689838,0.09147773683071136,0.02667299658060074,-0.010306795127689838,0.09147773683071136,0.02667299658060074,-0.010306795127689838,0.09147773683071136,0.02667299658060074,-0.010306795127689838
R1138_529,A,529,0.08588822185993195,0.08921162039041519,-0.03252524510025978,0.08588822185993195,0.08921162039041519,-0.03252524510025978,0.08588822185993195,0.08921162039041519,-0.03252524510025978,0.08588822185993195,0.08921162039041519,-0.03252524510025978,0.08588822185993195,0.08921162039041519,-0.03252524510025978
R1138_530,U,530,0.08151138573884964,0.07396359741687775,-0.005304943770170212,0.08151138573884964,0.07396359741687775,-0.005304943770170212,0.08151138573884964,0.07396359741687775,-0.005304943770170212,0.08151138573884964,0.07396359741687775,-0.005304943770170212,0.08151138573884964,0.07396359741687775,-0.005304943770170212
R1138_531,G,531,0.0800275057554245,0.06143195927143097,-0.011442018672823906,0.0800275057554245,0.06143195927143097,-0.011442018672823906,0.0800275057554245,0.06143195927143097,-0.011442018672823906,0.0800275057554245,0.06143195927143097,-0.011442018672823906,0.0800275057554245,0.06143195927143097,-0.011442018672823906
R1138_532,G,532,0.0736778974533081,0.04089236631989479,-0.0032132677733898163,0.0736778974533081,0.04089236631989479,-0.0032132677733898163,0.0736778974533081,0.04089236631989479,-0.0032132677733898163,0.0736778974533081,0.04089236631989479,-0.0032132677733898163,0.0736778974533081,0.04089236631989479,-0.0032132677733898163
R1138_533,G,533,0.060483790934085846,0.038886360824108124,-0.005958715453743935,0.060483790934085846,0.038886360824108124,-0.005958715453743935,0.060483790934085846,0.038886360824108124,-0.005958715453743935,0.060483790934085846,0.038886360824108124,-0.005958715453743935,0.060483790934085846,0.038886360824108124,-0.005958715453743935
R1138_534,U,534,0.05546256899833679,0.060873717069625854,-0.0029516592621803284,0.05546256899833679,0.060873717069625854,-0.0029516592621803284,0.05546256899833679,0.060873717069625854,-0.0029516592621803284,0.05546256899833679,0.060873717069625854,-0.0029516592621803284,0.05546256899833679,0.060873717069625854,-0.0029516592621803284
R1138_535,U,535,0.05180693045258522,0.08331842720508575,-0.003850691020488739,0.05180693045258522,0.08331842720508575,-0.003850691020488739,0.05180693045258522,0.08331842720508575,-0.003850691020488739,0.05180693045258522,0.08331842720508575,-0.003850691020488739,0.05180693045258522,0.08331842720508575,-0.003850691020488739
R1138_536,C,536,0.03042828105390072,0.1190619021654129,-0.026607681065797806,0.03042828105390072,0.1190619021654129,-0.026607681065797806,0.03042828105390072,0.1190619021654129,-0.026607681065797806,0.03042828105390072,0.1190619021654129,-0.026607681065797806,0.03042828105390072,0.1190619021654129,-0.026607681065797806
R1138_537,A,537,0.01809019409120083,0.1004328727722168,-0.004016980528831482,0.01809019409120083,0.1004328727722168,-0.004016980528831482,0.01809019409120083,0.1004328727722168,-0.004016980528831482,0.01809019409120083,0.1004328727722168,-0.004016980528831482,0.01809019409120083,0.1004328727722168,-0.004016980528831482
R1138_538,G,538,0.0406893789768219,0.08979662507772446,-0.008817743510007858,0.0406893789768219,0.08979662507772446,-0.008817743510007858,0.0406893789768219,0.08979662507772446,-0.008817743510007858,0.0406893789768219,0.08979662507772446,-0.008817743510007858,0.0406893789768219,0.08979662507772446,-0.008817743510007858
R1138_539,G,539,0.033696576952934265,0.08172884583473206,-0.01724015176296234,0.033696576952934265,0.08172884583473206,-0.01724015176296234,0.033696576952934265,0.08172884583473206,-0.01724015176296234,0.033696576952934265,0.08172884583473206,-0.01724015176296234,0.033696576952934265,0.08172884583473206,-0.01724015176296234
R1138_540,C,540,0.02393767423927784,0.07286297529935837,-0.0173056498169899,0.02393767423927784,0.07286297529935837,-0.0173056498169899,0.02393767423927784,0.07286297529935837,-0.0173056498169899,0.02393767423927784,0.07286297529935837,-0.0173056498169899,0.02393767423927784,0.07286297529935837,-0.0173056498169899
R1138_541,A,541,0.013539653271436691,0.06974656879901886,0.0036848001182079315,0.013539653271436691,0.06974656879901886,0.0036848001182079315,0.013539653271436691,0.06974656879901886,0.0036848001182079315,0.013539653271436691,0.06974656879901886,0.0036848001182079315,0.013539653271436691,0.06974656879901886,0.0036848001182079315
R1138_542,U,542,0.050317566841840744,0.10475856065750122,-0.004950337111949921,0.050317566841840744,0.10475856065750122,-0.004950337111949921,0.050317566841840744,0.10475856065750122,-0.004950337111949921,0.050317566841840744,0.10475856065750122,-0.004950337111949921,0.050317566841840744,0.10475856065750122,-0.004950337111949921
R1138_543,C,543,0.04089068993926048,0.07642553001642227,-0.007573186419904232,0.04089068993926048,0.07642553001642227,-0.007573186419904232,0.04089068993926048,0.07642553001642227,-0.007573186419904232,0.04089068993926048,0.07642553001642227,-0.007573186419904232,0.04089068993926048,0.07642553001642227,-0.007573186419904232
R1138_544,U,544,0.05392111837863922,0.07751653343439102,-0.007784796878695488,0.05392111837863922,0.07751653343439102,-0.007784796878695488,0.05392111837863922,0.07751653343439102,-0.007784796878695488,0.05392111837863922,0.07751653343439102,-0.007784796878695488,0.05392111837863922,0.07751653343439102,-0.007784796878695488
R1138_545,U,545,0.04878724366426468,0.05682635307312012,-0.009760890156030655,0.04878724366426468,0.05682635307312012,-0.009760890156030655,0.04878724366426468,0.05682635307312012,-0.009760890156030655,0.04878724366426468,0.05682635307312012,-0.009760890156030655,0.04878724366426468,0.05682635307312012,-0.009760890156030655
R1138_546,G,546,0.040799159556627274,0.04058825224637985,-0.014188331551849842,0.040799159556627274,0.04058825224637985,-0.014188331551849842,0.040799159556627274,0.04058825224637985,-0.014188331551849842,0.040799159556627274,0.04058825224637985,-0.014188331551849842,0.040799159556627274,0.04058825224637985,-0.014188331551849842
R1138_547,G,547,0.03781701251864433,0.055949896574020386,-0.014715003781020641,0.03781701251864433,0.055949896574020386,-0.014715003781020641,0.03781701251864433,0.055949896574020386,-0.014715003781020641,0.03781701251864433,0.055949896574020386,-0.014715003781020641,0.03781701251864433,0.055949896574020386,-0.014715003781020641
R1138_548,C,548,0.022302232682704926,0.06240460276603699,-0.025449294596910477,0.022302232682704926,0.06240460276603699,-0.025449294596910477,0.022302232682704926,0.06240460276603699,-0.025449294596910477,0.022302232682704926,0.06240460276603699,-0.025449294596910477,0.022302232682704926,0.06240460276603699,-0.025449294596910477
R1138_549,U,549,0.04535447061061859,0.088459812104702,-0.009382075630128384,0.04535447061061859,0.088459812104702,-0.009382075630128384,0.04535447061061859,0.088459812104702,-0.009382075630128384,0.04535447061061859,0.088459812104702,-0.009382075630128384,0.04535447061061859,0.088459812104702,-0.009382075630128384
R1138_550,C,550,0.023603249341249466,0.03277318552136421,-0.009914071299135685,0.023603249341249466,0.03277318552136421,-0.009914071299135685,0.023603249341249466,0.03277318552136421,-0.009914071299135685,0.023603249341249466,0.03277318552136421,-0.009914071299135685,0.023603249341249466,0.03277318552136421,-0.009914071299135685
R1138_551,C,551,0.016108712181448936,0.02148286998271942,-0.0016632210463285446,0.016108712181448936,0.02148286998271942,-0.0016632210463285446,0.016108712181448936,0.02148286998271942,-0.0016632210463285446,0.016108712181448936,0.02148286998271942,-0.0016632210463285446,0.016108712181448936,0.02148286998271942,-0.0016632210463285446
R1138_552,A,552,-0.018101608380675316,0.021977748721837997,0.011866552755236626,-0.018101608380675316,0.021977748721837997,0.011866552755236626,-0.018101608380675316,0.021977748721837997,0.011866552755236626,-0.018101608380675316,0.021977748721837997,0.011866552755236626,-0.018101608380675316,0.021977748721837997,0.011866552755236626
R1138_553,G,553,0.016813647001981735,0.04804588109254837,-0.0047001708298921585,0.016813647001981735,0.04804588109254837,-0.0047001708298921585,0.016813647001981735,0.04804588109254837,-0.0047001708298921585,0.016813647001981735,0.04804588109254837,-0.0047001708298921585,0.016813647001981735,0.04804588109254837,-0.0047001708298921585
R1138_554,U,554,0.0278401467949152,0.08016369491815567,0.00280039943754673,0.0278401467949152,0.08016369491815567,0.00280039943754673,0.0278401467949152,0.08016369491815567,0.00280039943754673,0.0278401467949152,0.08016369491815567,0.00280039943754673,0.0278401467949152,0.08016369491815567,0.00280039943754673
R1138_555,U,555,0.02600700967013836,0.09638824313879013,0.0022975075989961624,0.02600700967013836,0.09638824313879013,0.0022975075989961624,0.02600700967013836,0.09638824313879013,0.0022975075989961624,0.02600700967013836,0.09638824313879013,0.0022975075989961624,0.02600700967013836,0.09638824313879013,0.0022975075989961624
R1138_556,C,556,0.010629629716277122,0.06685910373926163,-0.0007247850298881531,0.010629629716277122,0.06685910373926163,-0.0007247850298881531,0.010629629716277122,0.06685910373926163,-0.0007247850298881531,0.010629629716277122,0.06685910373926163,-0.0007247850298881531,0.010629629716277122,0.06685910373926163,-0.0007247850298881531
R1138_557,G,557,0.015598705038428307,0.06506834924221039,0.005678344517946243,0.015598705038428307,0.06506834924221039,0.005678344517946243,0.015598705038428307,0.06506834924221039,0.005678344517946243,0.015598705038428307,0.06506834924221039,0.005678344517946243,0.015598705038428307,0.06506834924221039,0.005678344517946243
R1138_558,C,558,0.0002784901298582554,0.0425838865339756,-0.0005962047725915909,0.0002784901298582554,0.0425838865339756,-0.0005962047725915909,0.0002784901298582554,0.0425838865339756,-0.0005962047725915909,0.0002784901298582554,0.0425838865339756,-0.0005962047725915909,0.0002784901298582554,0.0425838865339756,-0.0005962047725915909
R1138_559,U,559,0.021401772275567055,0.06596445292234421,0.0029454566538333893,0.021401772275567055,0.06596445292234421,0.0029454566538333893,0.021401772275567055,0.06596445292234421,0.0029454566538333893,0.021401772275567055,0.06596445292234421,0.0029454566538333893,0.021401772275567055,0.06596445292234421,0.0029454566538333893
R1138_560,G,560,0.015353212133049965,0.07666574418544769,-0.0009393803775310516,0.015353212133049965,0.07666574418544769,-0.0009393803775310516,0.015353212133049965,0.07666574418544769,-0.0009393803775310516,0.015353212133049965,0.07666574418544769,-0.0009393803775310516,0.015353212133049965,0.07666574418544769,-0.0009393803775310516
R1138_561,G,561,0.027752351015806198,0.0886346623301506,-0.00517764687538147,0.027752351015806198,0.0886346623301506,-0.00517764687538147,0.027752351015806198,0.0886346623301506,-0.00517764687538147,0.027752351015806198,0.0886346623301506,-0.00517764687538147,0.027752351015806198,0.0886346623301506,-0.00517764687538147
R1138_562,A,562,0.030535992234945297,-0.01999557577073574,-0.010421655140817165,0.030535992234945297,-0.01999557577073574,-0.010421655140817165,0.030535992234945297,-0.01999557577073574,-0.010421655140817165,0.030535992234945297,-0.01999557577073574,-0.010421655140817165,0.030535992234945297,-0.01999557577073574,-0.010421655140817165
R1138_563,G,563,0.03815440461039543,0.04695998132228851,0.0014531780034303665,0.03815440461039543,0.04695998132228851,0.0014531780034303665,0.03815440461039543,0.04695998132228851,0.0014531780034303665,0.03815440461039543,0.04695998132228851,0.0014531780034303665,0.03815440461039543,0.04695998132228851,0.0014531780034303665
R1138_564,C,564,0.034199971705675125,6.622262299060822e-05,0.003285963088274002,0.034199971705675125,6.622262299060822e-05,0.003285963088274002,0.034199971705675125,6.622262299060822e-05,0.003285963088274002,0.034199971705675125,6.622262299060822e-05,0.003285963088274002,0.034199971705675125,6.622262299060822e-05,0.003285963088274002
R1138_565,C,565,0.022636935114860535,-0.0053049176931381226,0.00873960368335247,0.022636935114860535,-0.0053049176931381226,0.00873960368335247,0.022636935114860535,-0.0053049176931381226,0.00873960368335247,0.022636935114860535,-0.0053049176931381226,0.00873960368335247,0.022636935114860535,-0.0053049176931381226,0.00873960368335247
R1138_566,G,566,0.041993148624897,0.0286095030605793,0.009687209501862526,0.041993148624897,0.0286095030605793,0.009687209501862526,0.041993148624897,0.0286095030605793,0.009687209501862526,0.041993148624897,0.0286095030605793,0.009687209501862526,0.041993148624897,0.0286095030605793,0.009687209501862526
R1138_567,A,567,0.034136105328798294,0.00035575032234191895,-0.00284491665661335,0.034136105328798294,0.00035575032234191895,-0.00284491665661335,0.034136105328798294,0.00035575032234191895,-0.00284491665661335,0.034136105328798294,0.00035575032234191895,-0.00284491665661335,0.034136105328798294,0.00035575032234191895,-0.00284491665661335
R1138_568,C,568,0.04621723294258118,0.03288565203547478,-0.005309058353304863,0.04621723294258118,0.03288565203547478,-0.005309058353304863,0.04621723294258118,0.03288565203547478,-0.005309058353304863,0.04621723294258118,0.03288565203547478,-0.005309058353304863,0.04621723294258118,0.03288565203547478,-0.005309058353304863
R1138_569,G,569,0.04977840185165405,0.026523582637310028,0.01540287397801876,0.04977840185165405,0.026523582637310028,0.01540287397801876,0.04977840185165405,0.026523582637310028,0.01540287397801876,0.04977840185165405,0.026523582637310028,0.01540287397801876,0.04977840185165405,0.026523582637310028,0.01540287397801876
R1138_570,G,570,0.046959973871707916,0.011026468127965927,0.016134237870573997,0.046959973871707916,0.011026468127965927,0.016134237870573997,0.046959973871707916,0.011026468127965927,0.016134237870573997,0.046959973871707916,0.011026468127965927,0.016134237870573997,0.046959973871707916,0.011026468127965927,0.016134237870573997
R1138_571,U,571,0.052923064678907394,0.021306993439793587,0.016884950920939445,0.052923064678907394,0.021306993439793587,0.016884950920939445,0.052923064678907394,0.021306993439793587,0.016884950920939445,0.052923064678907394,0.021306993439793587,0.016884950920939445,0.052923064678907394,0.021306993439793587,0.016884950920939445
R1138_572,A,572,0.011536439880728722,-0.004022585228085518,0.051719993352890015,0.011536439880728722,-0.004022585228085518,0.051719993352890015,0.011536439880728722,-0.004022585228085518,0.051719993352890015,0.011536439880728722,-0.004022585228085518,0.051719993352890015,0.011536439880728722,-0.004022585228085518,0.051719993352890015
R1138_573,G,573,0.04392038285732269,0.057456403970718384,0.016691705211997032,0.04392038285732269,0.057456403970718384,0.016691705211997032,0.04392038285732269,0.057456403970718384,0.016691705211997032,0.04392038285732269,0.057456403970718384,0.016691705211997032,0.04392038285732269,0.057456403970718384,0.016691705211997032
R1138_574,C,574,0.02885768748819828,0.07387711107730865,0.017786966636776924,0.02885768748819828,0.07387711107730865,0.017786966636776924,0.02885768748819828,0.07387711107730865,0.017786966636776924,0.02885768748819828,0.07387711107730865,0.017786966636776924,0.02885768748819828,0.07387711107730865,0.017786966636776924
R1138_575,G,575,0.03997549042105675,0.06199263781309128,0.02382662706077099,0.03997549042105675,0.06199263781309128,0.02382662706077099,0.03997549042105675,0.06199263781309128,0.02382662706077099,0.03997549042105675,0.06199263781309128,0.02382662706077099,0.03997549042105675,0.06199263781309128,0.02382662706077099
R1138_576,C,576,0.021160254254937172,0.03345191478729248,0.03072250820696354,0.021160254254937172,0.03345191478729248,0.03072250820696354,0.021160254254937172,0.03345191478729248,0.03072250820696354,0.021160254254937172,0.03345191478729248,0.03072250820696354,0.021160254254937172,0.03345191478729248,0.03072250820696354
R1138_577,U,577,0.042989056557416916,0.036921266466379166,0.01983133889734745,0.042989056557416916,0.036921266466379166,0.01983133889734745,0.042989056557416916,0.036921266466379166,0.01983133889734745,0.042989056557416916,0.036921266466379166,0.01983133889734745,0.042989056557416916,0.036921266466379166,0.01983133889734745
R1138_578,G,578,0.03499697893857956,0.034916140139102936,0.013015473261475563,0.03499697893857956,0.034916140139102936,0.013015473261475563,0.03499697893857956,0.034916140139102936,0.013015473261475563,0.03499697893857956,0.034916140139102936,0.013015473261475563,0.03499697893857956,0.034916140139102936,0.013015473261475563
R1138_579,C,579,0.025585444644093513,0.045710489153862,0.009532241150736809,0.025585444644093513,0.045710489153862,0.009532241150736809,0.025585444644093513,0.045710489153862,0.009532241150736809,0.025585444644093513,0.045710489153862,0.009532241150736809,0.025585444644093513,0.045710489153862,0.009532241150736809
R1138_580,G,580,0.042321909219026566,0.06991994380950928,0.016800986602902412,0.042321909219026566,0.06991994380950928,0.016800986602902412,0.042321909219026566,0.06991994380950928,0.016800986602902412,0.042321909219026566,0.06991994380950928,0.016800986602902412,0.042321909219026566,0.06991994380950928,0.016800986602902412
R1138_581,U,581,0.051718320697546005,0.06381368637084961,0.021043667569756508,0.051718320697546005,0.06381368637084961,0.021043667569756508,0.051718320697546005,0.06381368637084961,0.021043667569756508,0.051718320697546005,0.06381368637084961,0.021043667569756508,0.051718320697546005,0.06381368637084961,0.021043667569756508
R1138_582,U,582,0.055484239012002945,0.04062778875231743,0.020693717524409294,0.055484239012002945,0.04062778875231743,0.020693717524409294,0.055484239012002945,0.04062778875231743,0.020693717524409294,0.055484239012002945,0.04062778875231743,0.020693717524409294,0.055484239012002945,0.04062778875231743,0.020693717524409294
R1138_583,C,583,0.054259028285741806,-0.02143186889588833,0.021535998210310936,0.054259028285741806,-0.02143186889588833,0.021535998210310936,0.054259028285741806,-0.02143186889588833,0.021535998210310936,0.054259028285741806,-0.02143186889588833,0.021535998210310936,0.054259028285741806,-0.02143186889588833,0.021535998210310936
R1138_584,G,584,0.05274932086467743,0.0035888291895389557,0.023845529183745384,0.05274932086467743,0.0035888291895389557,0.023845529183745384,0.05274932086467743,0.0035888291895389557,0.023845529183745384,0.05274932086467743,0.0035888291895389557,0.023845529183745384,0.05274932086467743,0.0035888291895389557,0.023845529183745384
R1138_585,C,585,0.041547272354364395,0.005886377766728401,0.02424926497042179,0.041547272354364395,0.005886377766728401,0.02424926497042179,0.041547272354364395,0.005886377766728401,0.02424926497042179,0.041547272354364395,0.005886377766728401,0.02424926497042179,0.041547272354364395,0.005886377766728401,0.02424926497042179
R1138_586,G,586,0.05216268450021744,0.04069814831018448,0.0248685535043478,0.05216268450021744,0.04069814831018448,0.0248685535043478,0.05216268450021744,0.04069814831018448,0.0248685535043478,0.05216268450021744,0.04069814831018448,0.0248685535043478,0.05216268450021744,0.04069814831018448,0.0248685535043478
R1138_587,C,587,0.047257550060749054,0.037742726504802704,0.032456763088703156,0.047257550060749054,0.037742726504802704,0.032456763088703156,0.047257550060749054,0.037742726504802704,0.032456763088703156,0.047257550060749054,0.037742726504802704,0.032456763088703156,0.047257550060749054,0.037742726504802704,0.032456763088703156
R1138_588,A,588,0.017825273796916008,-0.015371924266219139,0.08180483430624008,0.017825273796916008,-0.015371924266219139,0.08180483430624008,0.017825273796916008,-0.015371924266219139,0.08180483430624008,0.017825273796916008,-0.015371924266219139,0.08180483430624008,0.017825273796916008,-0.015371924266219139,0.08180483430624008
R1138_589,G,589,0.05071540176868439,-0.0033757518976926804,0.02949683926999569,0.05071540176868439,-0.0033757518976926804,0.02949683926999569,0.05071540176868439,-0.0033757518976926804,0.02949683926999569,0.05071540176868439,-0.0033757518976926804,0.02949683926999569,0.05071540176868439,-0.0033757518976926804,0.02949683926999569
R1138_590,U,590,0.04970506578683853,0.01902444288134575,0.026296136900782585,0.04970506578683853,0.01902444288134575,0.026296136900782585,0.04970506578683853,0.01902444288134575,0.026296136900782585,0.04970506578683853,0.01902444288134575,0.026296136900782585,0.04970506578683853,0.01902444288134575,0.026296136900782585
R1138_591,G,591,0.035818975418806076,0.03014686517417431,0.022938838228583336,0.035818975418806076,0.03014686517417431,0.022938838228583336,0.035818975418806076,0.03014686517417431,0.022938838228583336,0.035818975418806076,0.03014686517417431,0.022938838228583336,0.035818975418806076,0.03014686517417431,0.022938838228583336
R1138_592,C,592,0.010984933003783226,0.058402009308338165,0.025759192183613777,0.010984933003783226,0.058402009308338165,0.025759192183613777,0.010984933003783226,0.058402009308338165,0.025759192183613777,0.010984933003783226,0.058402009308338165,0.025759192183613777,0.010984933003783226,0.058402009308338165,0.025759192183613777
R1138_593,U,593,0.03787225857377052,0.07569831609725952,0.026123808696866035,0.03787225857377052,0.07569831609725952,0.026123808696866035,0.03787225857377052,0.07569831609725952,0.026123808696866035,0.03787225857377052,0.07569831609725952,0.026123808696866035,0.03787225857377052,0.07569831609725952,0.026123808696866035
R1138_594,A,594,-0.04307147115468979,0.07977475225925446,0.0656639039516449,-0.04307147115468979,0.07977475225925446,0.0656639039516449,-0.04307147115468979,0.07977475225925446,0.0656639039516449,-0.04307147115468979,0.07977475225925446,0.0656639039516449,-0.04307147115468979,0.07977475225925446,0.0656639039516449
R1138_595,G,595,0.019663183018565178,0.050057850778102875,0.025980794802308083,0.019663183018565178,0.050057850778102875,0.025980794802308083,0.019663183018565178,0.050057850778102875,0.025980794802308083,0.019663183018565178,0.050057850778102875,0.025980794802308083,0.019663183018565178,0.050057850778102875,0.025980794802308083
R1138_596,G,596,0.015627719461917877,0.0487188845872879,0.013751087710261345,0.015627719461917877,0.0487188845872879,0.013751087710261345,0.015627719461917877,0.0487188845872879,0.013751087710261345,0.015627719461917877,0.0487188845872879,0.013751087710261345,0.015627719461917877,0.0487188845872879,0.013751087710261345
R1138_597,G,597,0.014137206599116325,0.06043761968612671,0.009932765737175941,0.014137206599116325,0.06043761968612671,0.009932765737175941,0.014137206599116325,0.06043761968612671,0.009932765737175941,0.014137206599116325,0.06043761968612671,0.009932765737175941,0.014137206599116325,0.06043761968612671,0.009932765737175941
R1138_598,A,598,-0.058838583528995514,0.08416301012039185,0.035293735563755035,-0.058838583528995514,0.08416301012039185,0.035293735563755035,-0.058838583528995514,0.08416301012039185,0.035293735563755035,-0.058838583528995514,0.08416301012039185,0.035293735563755035,-0.058838583528995514,0.08416301012039185,0.035293735563755035
R1138_599,G,599,0.018215635791420937,0.10618571937084198,0.015300327911973,0.018215635791420937,0.10618571937084198,0.015300327911973,0.018215635791420937,0.10618571937084198,0.015300327911973,0.018215635791420937,0.10618571937084198,0.015300327911973,0.018215635791420937,0.10618571937084198,0.015300327911973
R1138_600,C,600,0.004499985370784998,0.07951778918504715,0.025219297036528587,0.004499985370784998,0.07951778918504715,0.025219297036528587,0.004499985370784998,0.07951778918504715,0.025219297036528587,0.004499985370784998,0.07951778918504715,0.025219297036528587,0.004499985370784998,0.07951778918504715,0.025219297036528587
R1138_601,A,601,-0.0068820263259112835,0.06985758244991302,0.01707557775080204,-0.0068820263259112835,0.06985758244991302,0.01707557775080204,-0.0068820263259112835,0.06985758244991302,0.01707557775080204,-0.0068820263259112835,0.06985758244991302,0.01707557775080204,-0.0068820263259112835,0.06985758244991302,0.01707557775080204
R1138_602,U,602,0.0357779860496521,0.054113030433654785,0.010860079899430275,0.0357779860496521,0.054113030433654785,0.010860079899430275,0.0357779860496521,0.054113030433654785,0.010860079899430275,0.0357779860496521,0.054113030433654785,0.010860079899430275,0.0357779860496521,0.054113030433654785,0.010860079899430275
R1138_603,C,603,0.021183375269174576,0.02615283615887165,0.011154768988490105,0.021183375269174576,0.02615283615887165,0.011154768988490105,0.021183375269174576,0.02615283615887165,0.011154768988490105,0.021183375269174576,0.02615283615887165,0.011154768988490105,0.021183375269174576,0.02615283615887165,0.011154768988490105
R1138_604,C,604,0.012696214020252228,0.04097824543714523,0.02853693626821041,0.012696214020252228,0.04097824543714523,0.02853693626821041,0.012696214020252228,0.04097824543714523,0.02853693626821041,0.012696214020252228,0.04097824543714523,0.02853693626821041,0.012696214020252228,0.04097824543714523,0.02853693626821041
R1138_605,G,605,0.027408504858613014,0.07513014227151871,0.026207519695162773,0.027408504858613014,0.07513014227151871,0.026207519695162773,0.027408504858613014,0.07513014227151871,0.026207519695162773,0.027408504858613014,0.07513014227151871,0.026207519695162773,0.027408504858613014,0.07513014227151871,0.026207519695162773
R1138_606,U,606,0.038546886295080185,0.07880666851997375,0.018189718946814537,0.038546886295080185,0.07880666851997375,0.018189718946814537,0.038546886295080185,0.07880666851997375,0.018189718946814537,0.038546886295080185,0.07880666851997375,0.018189718946814537,0.038546886295080185,0.07880666851997375,0.018189718946814537
R1138_607,U,607,0.03368416428565979,0.057733237743377686,0.0181813333183527,0.03368416428565979,0.057733237743377686,0.0181813333183527,0.03368416428565979,0.057733237743377686,0.0181813333183527,0.03368416428565979,0.057733237743377686,0.0181813333183527,0.03368416428565979,0.057733237743377686,0.0181813333183527
R1138_608,U,608,0.0315205343067646,0.03944643959403038,0.016975821927189827,0.0315205343067646,0.03944643959403038,0.016975821927189827,0.0315205343067646,0.03944643959403038,0.016975821927189827,0.0315205343067646,0.03944643959403038,0.016975821927189827,0.0315205343067646,0.03944643959403038,0.016975821927189827
R1138_609,U,609,0.028295256197452545,0.03965595364570618,0.015117960050702095,0.028295256197452545,0.03965595364570618,0.015117960050702095,0.028295256197452545,0.03965595364570618,0.015117960050702095,0.028295256197452545,0.03965595364570618,0.015117960050702095,0.028295256197452545,0.03965595364570618,0.015117960050702095
R1138_610,C,610,-0.028759244829416275,0.034558456391096115,0.024675259366631508,-0.028759244829416275,0.034558456391096115,0.024675259366631508,-0.028759244829416275,0.034558456391096115,0.024675259366631508,-0.028759244829416275,0.034558456391096115,0.024675259366631508,-0.028759244829416275,0.034558456391096115,0.024675259366631508
R1138_611,G,611,0.010403020307421684,0.07836804538965225,0.013229677453637123,0.010403020307421684,0.07836804538965225,0.013229677453637123,0.010403020307421684,0.07836804538965225,0.013229677453637123,0.010403020307421684,0.07836804538965225,0.013229677453637123,0.010403020307421684,0.07836804538965225,0.013229677453637123
R1138_612,A,612,-0.08171891421079636,-0.0001050606369972229,0.09649932384490967,-0.08171891421079636,-0.0001050606369972229,0.09649932384490967,-0.08171891421079636,-0.0001050606369972229,0.09649932384490967,-0.08171891421079636,-0.0001050606369972229,0.09649932384490967,-0.08171891421079636,-0.0001050606369972229,0.09649932384490967
R1138_613,G,613,0.002033763565123081,0.06242968142032623,0.021536966785788536,0.002033763565123081,0.06242968142032623,0.021536966785788536,0.002033763565123081,0.06242968142032623,0.021536966785788536,0.002033763565123081,0.06242968142032623,0.021536966785788536,0.002033763565123081,0.06242968142032623,0.021536966785788536
R1138_614,C,614,-0.02565751224756241,0.04268302023410797,0.03237607330083847,-0.02565751224756241,0.04268302023410797,0.03237607330083847,-0.02565751224756241,0.04268302023410797,0.03237607330083847,-0.02565751224756241,0.04268302023410797,0.03237607330083847,-0.02565751224756241,0.04268302023410797,0.03237607330083847
R1138_615,G,615,-0.00887165404856205,0.05182918161153793,0.017199592664837837,-0.00887165404856205,0.05182918161153793,0.017199592664837837,-0.00887165404856205,0.05182918161153793,0.017199592664837837,-0.00887165404856205,0.05182918161153793,0.017199592664837837,-0.00887165404856205,0.05182918161153793,0.017199592664837837
R1138_616,G,616,-0.007149532902985811,0.06855902075767517,0.018776630982756615,-0.007149532902985811,0.06855902075767517,0.018776630982756615,-0.007149532902985811,0.06855902075767517,0.018776630982756615,-0.007149532902985811,0.06855902075767517,0.018776630982756615,-0.007149532902985811,0.06855902075767517,0.018776630982756615
R1138_617,A,617,-0.08184278011322021,0.03736922889947891,0.07338593155145645,-0.08184278011322021,0.03736922889947891,0.07338593155145645,-0.08184278011322021,0.03736922889947891,0.07338593155145645,-0.08184278011322021,0.03736922889947891,0.07338593155145645,-0.08184278011322021,0.03736922889947891,0.07338593155145645
R1138_618,U,618,0.018923090770840645,0.10769961774349213,0.01993725262582302,0.018923090770840645,0.10769961774349213,0.01993725262582302,0.018923090770840645,0.10769961774349213,0.01993725262582302,0.018923090770840645,0.10769961774349213,0.01993725262582302,0.018923090770840645,0.10769961774349213,0.01993725262582302
R1138_619,G,619,0.00821456778794527,0.09789016097784042,0.02041623555123806,0.00821456778794527,0.09789016097784042,0.02041623555123806,0.00821456778794527,0.09789016097784042,0.02041623555123806,0.00821456778794527,0.09789016097784042,0.02041623555123806,0.00821456778794527,0.09789016097784042,0.02041623555123806
R1138_620,C,620,0.011053372174501419,0.06301148235797882,0.012566937133669853,0.011053372174501419,0.06301148235797882,0.012566937133669853,0.011053372174501419,0.06301148235797882,0.012566937133669853,0.011053372174501419,0.06301148235797882,0.012566937133669853,0.011053372174501419,0.06301148235797882,0.012566937133669853
R1138_621,U,621,0.029711365699768066,0.06470481306314468,0.010702615603804588,0.029711365699768066,0.06470481306314468,0.010702615603804588,0.029711365699768066,0.06470481306314468,0.010702615603804588,0.029711365699768066,0.06470481306314468,0.010702615603804588,0.029711365699768066,0.06470481306314468,0.010702615603804588
R1138_622,G,622,0.022267326712608337,0.05406294763088226,0.004829585552215576,0.022267326712608337,0.05406294763088226,0.004829585552215576,0.022267326712608337,0.05406294763088226,0.004829585552215576,0.022267326712608337,0.05406294763088226,0.004829585552215576,0.022267326712608337,0.05406294763088226,0.004829585552215576
R1138_623,G,623,0.032514385879039764,0.06461767852306366,0.01353701762855053,0.032514385879039764,0.06461767852306366,0.01353701762855053,0.032514385879039764,0.06461767852306366,0.01353701762855053,0.032514385879039764,0.06461767852306366,0.01353701762855053,0.032514385879039764,0.06461767852306366,0.01353701762855053
R1138_624,G,624,0.04014110565185547,0.07641711086034775,0.015275469049811363,0.04014110565185547,0.07641711086034775,0.015275469049811363,0.04014110565185547,0.07641711086034775,0.015275469049811363,0.04014110565185547,0.07641711086034775,0.015275469049811363,0.04014110565185547,0.07641711086034775,0.015275469049811363
R1138_625,C,625,0.03956571966409683,0.029741525650024414,0.028419120237231255,0.03956571966409683,0.029741525650024414,0.028419120237231255,0.03956571966409683,0.029741525650024414,0.028419120237231255,0.03956571966409683,0.029741525650024414,0.028419120237231255,0.03956571966409683,0.029741525650024414,0.028419120237231255
R1138_626,G,626,0.05301963910460472,0.02658536285161972,0.02105008251965046,0.05301963910460472,0.02658536285161972,0.02105008251965046,0.05301963910460472,0.02658536285161972,0.02105008251965046,0.05301963910460472,0.02658536285161972,0.02105008251965046,0.05301963910460472,0.02658536285161972,0.02105008251965046
R1138_627,G,627,0.05108229070901871,0.004909444600343704,0.016636135056614876,0.05108229070901871,0.004909444600343704,0.016636135056614876,0.05108229070901871,0.004909444600343704,0.016636135056614876,0.05108229070901871,0.004909444600343704,0.016636135056614876,0.05108229070901871,0.004909444600343704,0.016636135056614876
R1138_628,U,628,0.05760395899415016,0.024439800530672073,0.020225657150149345,0.05760395899415016,0.024439800530672073,0.020225657150149345,0.05760395899415016,0.024439800530672073,0.020225657150149345,0.05760395899415016,0.024439800530672073,0.020225657150149345,0.05760395899415016,0.024439800530672073,0.020225657150149345
R1138_629,U,629,0.06150856241583824,0.043867260217666626,0.02175634540617466,0.06150856241583824,0.043867260217666626,0.02175634540617466,0.06150856241583824,0.043867260217666626,0.02175634540617466,0.06150856241583824,0.043867260217666626,0.02175634540617466,0.06150856241583824,0.043867260217666626,0.02175634540617466
R1138_630,G,630,0.05992912873625755,0.06460928916931152,0.022556809708476067,0.05992912873625755,0.06460928916931152,0.022556809708476067,0.05992912873625755,0.06460928916931152,0.022556809708476067,0.05992912873625755,0.06460928916931152,0.022556809708476067,0.05992912873625755,0.06460928916931152,0.022556809708476067
R1138_631,C,631,0.06567087769508362,0.05302664637565613,0.03641683608293533,0.06567087769508362,0.05302664637565613,0.03641683608293533,0.06567087769508362,0.05302664637565613,0.03641683608293533,0.06567087769508362,0.05302664637565613,0.03641683608293533,0.06567087769508362,0.05302664637565613,0.03641683608293533
R1138_632,C,632,0.06574752181768417,0.025285156443715096,0.04240228235721588,0.06574752181768417,0.025285156443715096,0.04240228235721588,0.06574752181768417,0.025285156443715096,0.04240228235721588,0.06574752181768417,0.025285156443715096,0.04240228235721588,0.06574752181768417,0.025285156443715096,0.04240228235721588
R1138_633,U,633,0.0572613887488842,0.03470417857170105,0.02988520823419094,0.0572613887488842,0.03470417857170105,0.02988520823419094,0.0572613887488842,0.03470417857170105,0.02988520823419094,0.0572613887488842,0.03470417857170105,0.02988520823419094,0.0572613887488842,0.03470417857170105,0.02988520823419094
R1138_634,G,634,0.04812392219901085,0.02736946940422058,0.028633354231715202,0.04812392219901085,0.02736946940422058,0.028633354231715202,0.04812392219901085,0.02736946940422058,0.028633354231715202,0.04812392219901085,0.02736946940422058,0.028633354231715202,0.04812392219901085,0.02736946940422058,0.028633354231715202
R1138_635,U,635,0.056026361882686615,0.05246816575527191,0.030875926837325096,0.056026361882686615,0.05246816575527191,0.030875926837325096,0.056026361882686615,0.05246816575527191,0.030875926837325096,0.056026361882686615,0.05246816575527191,0.030875926837325096,0.056026361882686615,0.05246816575527191,0.030875926837325096
R1138_636,U,636,0.05768551677465439,0.07182591408491135,0.034579165279865265,0.05768551677465439,0.07182591408491135,0.034579165279865265,0.05768551677465439,0.07182591408491135,0.034579165279865265,0.05768551677465439,0.07182591408491135,0.034579165279865265,0.05768551677465439,0.07182591408491135,0.034579165279865265
R1138_637,C,637,0.05398990213871002,0.08630616962909698,0.03667207062244415,0.05398990213871002,0.08630616962909698,0.03667207062244415,0.05398990213871002,0.08630616962909698,0.03667207062244415,0.05398990213871002,0.08630616962909698,0.03667207062244415,0.05398990213871002,0.08630616962909698,0.03667207062244415
R1138_638,G,638,0.06296397000551224,0.07843994349241257,0.02635657601058483,0.06296397000551224,0.07843994349241257,0.02635657601058483,0.06296397000551224,0.07843994349241257,0.02635657601058483,0.06296397000551224,0.07843994349241257,0.02635657601058483,0.06296397000551224,0.07843994349241257,0.02635657601058483
R1138_639,C,639,0.06966960430145264,0.04735932499170303,0.020766573026776314,0.06966960430145264,0.04735932499170303,0.020766573026776314,0.06966960430145264,0.04735932499170303,0.020766573026776314,0.06966960430145264,0.04735932499170303,0.020766573026776314,0.06966960430145264,0.04735932499170303,0.020766573026776314
R1138_640,A,640,0.07757053524255753,0.02404775097966194,0.022885290905833244,0.07757053524255753,0.02404775097966194,0.022885290905833244,0.07757053524255753,0.02404775097966194,0.022885290905833244,0.07757053524255753,0.02404775097966194,0.022885290905833244,0.07757053524255753,0.02404775097966194,0.022885290905833244
R1138_641,G,641,0.06861867010593414,0.04554358497262001,0.02017822302877903,0.06861867010593414,0.04554358497262001,0.02017822302877903,0.06861867010593414,0.04554358497262001,0.02017822302877903,0.06861867010593414,0.04554358497262001,0.02017822302877903,0.06861867010593414,0.04554358497262001,0.02017822302877903
R1138_642,G,642,0.08092617988586426,0.06359279900789261,0.021669594570994377,0.08092617988586426,0.06359279900789261,0.021669594570994377,0.08092617988586426,0.06359279900789261,0.021669594570994377,0.08092617988586426,0.06359279900789261,0.021669594570994377,0.08092617988586426,0.06359279900789261,0.021669594570994377
R1138_643,C,643,0.09480949491262436,0.07163453102111816,0.020237719640135765,0.09480949491262436,0.07163453102111816,0.020237719640135765,0.09480949491262436,0.07163453102111816,0.020237719640135765,0.09480949491262436,0.07163453102111816,0.020237719640135765,0.09480949491262436,0.07163453102111816,0.020237719640135765
R1138_644,A,644,0.13178564608097076,0.031862854957580566,0.07710404694080353,0.13178564608097076,0.031862854957580566,0.07710404694080353,0.13178564608097076,0.031862854957580566,0.07710404694080353,0.13178564608097076,0.031862854957580566,0.07710404694080353,0.13178564608097076,0.031862854957580566,0.07710404694080353
R1138_645,A,645,0.1486818492412567,-0.025804737582802773,0.08253617584705353,0.1486818492412567,-0.025804737582802773,0.08253617584705353,0.1486818492412567,-0.025804737582802773,0.08253617584705353,0.1486818492412567,-0.025804737582802773,0.08253617584705353,0.1486818492412567,-0.025804737582802773,0.08253617584705353
R1138_646,U,646,0.09310328960418701,0.024592725560069084,0.02740277536213398,0.09310328960418701,0.024592725560069084,0.02740277536213398,0.09310328960418701,0.024592725560069084,0.02740277536213398,0.09310328960418701,0.024592725560069084,0.02740277536213398,0.09310328960418701,0.024592725560069084,0.02740277536213398
R1138_647,C,647,0.1038588434457779,-0.00885249674320221,0.029988499358296394,0.1038588434457779,-0.00885249674320221,0.029988499358296394,0.1038588434457779,-0.00885249674320221,0.029988499358296394,0.1038588434457779,-0.00885249674320221,0.029988499358296394,0.1038588434457779,-0.00885249674320221,0.029988499358296394
R1138_648,G,648,0.09441258013248444,0.04688842594623566,0.01945292390882969,0.09441258013248444,0.04688842594623566,0.01945292390882969,0.09441258013248444,0.04688842594623566,0.01945292390882969,0.09441258013248444,0.04688842594623566,0.01945292390882969,0.09441258013248444,0.04688842594623566,0.01945292390882969
R1138_649,G,649,0.09529827535152435,0.06728639453649521,0.01769138313829899,0.09529827535152435,0.06728639453649521,0.01769138313829899,0.09529827535152435,0.06728639453649521,0.01769138313829899,0.09529827535152435,0.06728639453649521,0.01769138313829899,0.09529827535152435,0.06728639453649521,0.01769138313829899
R1138_650,G,650,0.09687723964452744,0.0665941834449768,0.02303456701338291,0.09687723964452744,0.0665941834449768,0.02303456701338291,0.09687723964452744,0.0665941834449768,0.02303456701338291,0.09687723964452744,0.0665941834449768,0.02303456701338291,0.09687723964452744,0.0665941834449768,0.02303456701338291
R1138_651,C,651,0.10311249643564224,0.04652205854654312,0.030624063685536385,0.10311249643564224,0.04652205854654312,0.030624063685536385,0.10311249643564224,0.04652205854654312,0.030624063685536385,0.10311249643564224,0.04652205854654312,0.030624063685536385,0.10311249643564224,0.04652205854654312,0.030624063685536385
R1138_652,C,652,0.08520257472991943,0.027692081406712532,0.024287233129143715,0.08520257472991943,0.027692081406712532,0.024287233129143715,0.08520257472991943,0.027692081406712532,0.024287233129143715,0.08520257472991943,0.027692081406712532,0.024287233129143715,0.08520257472991943,0.027692081406712532,0.024287233129143715
R1138_653,U,653,0.07497752457857132,0.05328412353992462,0.016750099137425423,0.07497752457857132,0.05328412353992462,0.016750099137425423,0.07497752457857132,0.05328412353992462,0.016750099137425423,0.07497752457857132,0.05328412353992462,0.016750099137425423,0.07497752457857132,0.05328412353992462,0.016750099137425423
R1138_654,A,654,0.032280754297971725,0.10089506953954697,0.002347715198993683,0.032280754297971725,0.10089506953954697,0.002347715198993683,0.032280754297971725,0.10089506953954697,0.002347715198993683,0.032280754297971725,0.10089506953954697,0.002347715198993683,0.032280754297971725,0.10089506953954697,0.002347715198993683
R1138_655,C,655,0.06229191645979881,0.1205800324678421,-0.003377944231033325,0.06229191645979881,0.1205800324678421,-0.003377944231033325,0.06229191645979881,0.1205800324678421,-0.003377944231033325,0.06229191645979881,0.1205800324678421,-0.003377944231033325,0.06229191645979881,0.1205800324678421,-0.003377944231033325
R1138_656,U,656,0.07162871211767197,0.11150263994932175,0.012843998149037361,0.07162871211767197,0.11150263994932175,0.012843998149037361,0.07162871211767197,0.11150263994932175,0.012843998149037361,0.07162871211767197,0.11150263994932175,0.012843998149037361,0.07162871211767197,0.11150263994932175,0.012843998149037361
R1138_657,C,657,0.07612469047307968,0.11924973875284195,0.003367604687809944,0.07612469047307968,0.11924973875284195,0.003367604687809944,0.07612469047307968,0.11924973875284195,0.003367604687809944,0.07612469047307968,0.11924973875284195,0.003367604687809944,0.07612469047307968,0.11924973875284195,0.003367604687809944
R1138_658,A,658,0.08447635173797607,0.10894463211297989,0.019131014123558998,0.08447635173797607,0.10894463211297989,0.019131014123558998,0.08447635173797607,0.10894463211297989,0.019131014123558998,0.08447635173797607,0.10894463211297989,0.019131014123558998,0.08447635173797607,0.10894463211297989,0.019131014123558998
R1138_659,U,659,0.068362757563591,0.08315151929855347,0.0030773524194955826,0.068362757563591,0.08315151929855347,0.0030773524194955826,0.068362757563591,0.08315151929855347,0.0030773524194955826,0.068362757563591,0.08315151929855347,0.0030773524194955826,0.068362757563591,0.08315151929855347,0.0030773524194955826
R1138_660,G,660,0.06837724149227142,0.09312835335731506,-0.006372025236487389,0.06837724149227142,0.09312835335731506,-0.006372025236487389,0.06837724149227142,0.09312835335731506,-0.006372025236487389,0.06837724149227142,0.09312835335731506,-0.006372025236487389,0.06837724149227142,0.09312835335731506,-0.006372025236487389
R1138_661,A,661,0.07821259647607803,0.12117432057857513,0.004300292581319809,0.07821259647607803,0.12117432057857513,0.004300292581319809,0.07821259647607803,0.12117432057857513,0.004300292581319809,0.07821259647607803,0.12117432057857513,0.004300292581319809,0.07821259647607803,0.12117432057857513,0.004300292581319809
R1138_662,U,662,0.08517665416002274,0.11870692670345306,-0.0006886832416057587,0.08517665416002274,0.11870692670345306,-0.0006886832416057587,0.08517665416002274,0.11870692670345306,-0.0006886832416057587,0.08517665416002274,0.11870692670345306,-0.0006886832416057587,0.08517665416002274,0.11870692670345306,-0.0006886832416057587
R1138_663,U,663,0.08814642578363419,0.10524483025074005,0.001238211989402771,0.08814642578363419,0.10524483025074005,0.001238211989402771,0.08814642578363419,0.10524483025074005,0.001238211989402771,0.08814642578363419,0.10524483025074005,0.001238211989402771,0.08814642578363419,0.10524483025074005,0.001238211989402771
R1138_664,C,664,0.102014921605587,0.062125444412231445,-0.002438776195049286,0.102014921605587,0.062125444412231445,-0.002438776195049286,0.102014921605587,0.062125444412231445,-0.002438776195049286,0.102014921605587,0.062125444412231445,-0.002438776195049286,0.102014921605587,0.062125444412231445,-0.002438776195049286
R1138_665,G,665,0.09363951534032822,0.051027812063694,-0.008750955574214458,0.09363951534032822,0.051027812063694,-0.008750955574214458,0.09363951534032822,0.051027812063694,-0.008750955574214458,0.09363951534032822,0.051027812063694,-0.008750955574214458,0.09363951534032822,0.051027812063694,-0.008750955574214458
R1138_666,U,666,0.08274123817682266,0.0756155326962471,-0.007017137482762337,0.08274123817682266,0.0756155326962471,-0.007017137482762337,0.08274123817682266,0.0756155326962471,-0.007017137482762337,0.08274123817682266,0.0756155326962471,-0.007017137482762337,0.08274123817682266,0.0756155326962471,-0.007017137482762337
R1138_667,C,667,0.08284938335418701,0.08427061140537262,-0.017632147297263145,0.08284938335418701,0.08427061140537262,-0.017632147297263145,0.08284938335418701,0.08427061140537262,-0.017632147297263145,0.08284938335418701,0.08427061140537262,-0.017632147297263145,0.08284938335418701,0.08427061140537262,-0.017632147297263145
R1138_668,A,668,0.09015326201915741,0.06929239630699158,0.006582295522093773,0.09015326201915741,0.06929239630699158,0.006582295522093773,0.09015326201915741,0.06929239630699158,0.006582295522093773,0.09015326201915741,0.06929239630699158,0.006582295522093773,0.09015326201915741,0.06929239630699158,0.006582295522093773
R1138_669,U,669,0.08304666727781296,0.09936977922916412,-0.005697930231690407,0.08304666727781296,0.09936977922916412,-0.005697930231690407,0.08304666727781296,0.09936977922916412,-0.005697930231690407,0.08304666727781296,0.09936977922916412,-0.005697930231690407,0.08304666727781296,0.09936977922916412,-0.005697930231690407
R1138_670,G,670,0.08068650215864182,0.0789107009768486,-0.009085123427212238,0.08068650215864182,0.0789107009768486,-0.009085123427212238,0.08068650215864182,0.0789107009768486,-0.009085123427212238,0.08068650215864182,0.0789107009768486,-0.009085123427212238,0.08068650215864182,0.0789107009768486,-0.009085123427212238
R1138_671,A,671,0.06418808549642563,0.04028789699077606,0.03518489748239517,0.06418808549642563,0.04028789699077606,0.03518489748239517,0.06418808549642563,0.04028789699077606,0.03518489748239517,0.06418808549642563,0.04028789699077606,0.03518489748239517,0.06418808549642563,0.04028789699077606,0.03518489748239517
R1138_672,G,672,0.05845402553677559,0.067469522356987,-0.010102464817464352,0.05845402553677559,0.067469522356987,-0.010102464817464352,0.05845402553677559,0.067469522356987,-0.010102464817464352,0.05845402553677559,0.067469522356987,-0.010102464817464352,0.05845402553677559,0.067469522356987,-0.010102464817464352
R1138_673,U,673,0.05945302173495293,0.09512834995985031,0.0010020006448030472,0.05945302173495293,0.09512834995985031,0.0010020006448030472,0.05945302173495293,0.09512834995985031,0.0010020006448030472,0.05945302173495293,0.09512834995985031,0.0010020006448030472,0.05945302173495293,0.09512834995985031,0.0010020006448030472
R1138_674,G,674,0.05608553811907768,0.12149567157030106,-0.0013466086238622665,0.05608553811907768,0.12149567157030106,-0.0013466086238622665,0.05608553811907768,0.12149567157030106,-0.0013466086238622665,0.05608553811907768,0.12149567157030106,-0.0013466086238622665,0.05608553811907768,0.12149567157030106,-0.0013466086238622665
R1138_675,G,675,0.059312473982572556,0.1267293244600296,-0.002689169719815254,0.059312473982572556,0.1267293244600296,-0.002689169719815254,0.059312473982572556,0.1267293244600296,-0.002689169719815254,0.059312473982572556,0.1267293244600296,-0.002689169719815254,0.059312473982572556,0.1267293244600296,-0.002689169719815254
R1138_676,U,676,0.06084391102194786,0.10829473286867142,0.006296031177043915,0.06084391102194786,0.10829473286867142,0.006296031177043915,0.06084391102194786,0.10829473286867142,0.006296031177043915,0.06084391102194786,0.10829473286867142,0.006296031177043915,0.06084391102194786,0.10829473286867142,0.006296031177043915
R1138_677,G,677,0.057097796350717545,0.09174973517656326,0.005033059045672417,0.057097796350717545,0.09174973517656326,0.005033059045672417,0.057097796350717545,0.09174973517656326,0.005033059045672417,0.057097796350717545,0.09174973517656326,0.005033059045672417,0.057097796350717545,0.09174973517656326,0.005033059045672417
R1138_678,A,678,0.04885101318359375,0.05510343611240387,0.0489746555685997,0.04885101318359375,0.05510343611240387,0.0489746555685997,0.04885101318359375,0.05510343611240387,0.0489746555685997,0.04885101318359375,0.05510343611240387,0.0489746555685997,0.04885101318359375,0.05510343611240387,0.0489746555685997
R1138_679,C,679,0.048475462943315506,0.08191410452127457,0.012277783825993538,0.048475462943315506,0.08191410452127457,0.012277783825993538,0.048475462943315506,0.08191410452127457,0.012277783825993538,0.048475462943315506,0.08191410452127457,0.012277783825993538,0.048475462943315506,0.08191410452127457,0.012277783825993538
R1138_680,A,680,0.05332605913281441,0.07394155114889145,0.04537583142518997,0.05332605913281441,0.07394155114889145,0.04537583142518997,0.05332605913281441,0.07394155114889145,0.04537583142518997,0.05332605913281441,0.07394155114889145,0.04537583142518997,0.05332605913281441,0.07394155114889145,0.04537583142518997
R1138_681,G,681,0.08192380517721176,0.12340676039457321,-0.006703423336148262,0.08192380517721176,0.12340676039457321,-0.006703423336148262,0.08192380517721176,0.12340676039457321,-0.006703423336148262,0.08192380517721176,0.12340676039457321,-0.006703423336148262,0.08192380517721176,0.12340676039457321,-0.006703423336148262
R1138_682,C,682,0.10007369518280029,0.08552353829145432,0.008923972025513649,0.10007369518280029,0.08552353829145432,0.008923972025513649,0.10007369518280029,0.08552353829145432,0.008923972025513649,0.10007369518280029,0.08552353829145432,0.008923972025513649,0.10007369518280029,0.08552353829145432,0.008923972025513649
R1138_683,G,683,0.09614316374063492,0.06724649667739868,-0.010621887631714344,0.09614316374063492,0.06724649667739868,-0.010621887631714344,0.09614316374063492,0.06724649667739868,-0.010621887631714344,0.09614316374063492,0.06724649667739868,-0.010621887631714344,0.09614316374063492,0.06724649667739868,-0.010621887631714344
R1138_684,U,684,0.08500183373689651,0.06202927976846695,-0.005564862862229347,0.08500183373689651,0.06202927976846695,-0.005564862862229347,0.08500183373689651,0.06202927976846695,-0.005564862862229347,0.08500183373689651,0.06202927976846695,-0.005564862862229347,0.08500183373689651,0.06202927976846695,-0.005564862862229347
R1138_685,G,685,0.09254276752471924,0.05182501673698425,-0.01081040222197771,0.09254276752471924,0.05182501673698425,-0.01081040222197771,0.09254276752471924,0.05182501673698425,-0.01081040222197771,0.09254276752471924,0.05182501673698425,-0.01081040222197771,0.09254276752471924,0.05182501673698425,-0.01081040222197771
R1138_686,A,686,0.12992513179779053,-0.004806123673915863,0.023140115663409233,0.12992513179779053,-0.004806123673915863,0.023140115663409233,0.12992513179779053,-0.004806123673915863,0.023140115663409233,0.12992513179779053,-0.004806123673915863,0.023140115663409233,0.12992513179779053,-0.004806123673915863,0.023140115663409233
R1138_687,U,687,0.1034785807132721,0.0836651623249054,-0.004528321325778961,0.1034785807132721,0.0836651623249054,-0.004528321325778961,0.1034785807132721,0.0836651623249054,-0.004528321325778961,0.1034785807132721,0.0836651623249054,-0.004528321325778961,0.1034785807132721,0.0836651623249054,-0.004528321325778961
R1138_688,G,688,0.12344382703304291,0.06783906370401382,-0.009822981432080269,0.12344382703304291,0.06783906370401382,-0.009822981432080269,0.12344382703304291,0.06783906370401382,-0.009822981432080269,0.12344382703304291,0.06783906370401382,-0.009822981432080269,0.12344382703304291,0.06783906370401382,-0.009822981432080269
R1138_689,U,689,0.10335242003202438,0.049881480634212494,0.0034808386117219925,0.10335242003202438,0.049881480634212494,0.0034808386117219925,0.10335242003202438,0.049881480634212494,0.0034808386117219925,0.10335242003202438,0.049881480634212494,0.0034808386117219925,0.10335242003202438,0.049881480634212494,0.0034808386117219925
R1138_690,U,690,0.09466345608234406,0.03754953294992447,0.005015213042497635,0.09466345608234406,0.03754953294992447,0.005015213042497635,0.09466345608234406,0.03754953294992447,0.005015213042497635,0.09466345608234406,0.03754953294992447,0.005015213042497635,0.09466345608234406,0.03754953294992447,0.005015213042497635
R1138_691,C,691,0.11025356501340866,0.027135778218507767,-0.0048357415944337845,0.11025356501340866,0.027135778218507767,-0.0048357415944337845,0.11025356501340866,0.027135778218507767,-0.0048357415944337845,0.11025356501340866,0.027135778218507767,-0.0048357415944337845,0.11025356501340866,0.027135778218507767,-0.0048357415944337845
R1138_692,G,692,0.09553518146276474,0.06859012693166733,0.001907041296362877,0.09553518146276474,0.06859012693166733,0.001907041296362877,0.09553518146276474,0.06859012693166733,0.001907041296362877,0.09553518146276474,0.06859012693166733,0.001907041296362877,0.09553518146276474,0.06859012693166733,0.001907041296362877
R1138_693,C,693,0.11347711831331253,0.08061380684375763,0.0024966076016426086,0.11347711831331253,0.08061380684375763,0.0024966076016426086,0.11347711831331253,0.08061380684375763,0.0024966076016426086,0.11347711831331253,0.08061380684375763,0.0024966076016426086,0.11347711831331253,0.08061380684375763,0.0024966076016426086
R1138_694,A,694,0.19200238585472107,0.05560534447431564,0.01620919071137905,0.19200238585472107,0.05560534447431564,0.01620919071137905,0.19200238585472107,0.05560534447431564,0.01620919071137905,0.19200238585472107,0.05560534447431564,0.01620919071137905,0.19200238585472107,0.05560534447431564,0.01620919071137905
R1138_695,U,695,0.09165030717849731,0.07537440210580826,0.013969453051686287,0.09165030717849731,0.07537440210580826,0.013969453051686287,0.09165030717849731,0.07537440210580826,0.013969453051686287,0.09165030717849731,0.07537440210580826,0.013969453051686287,0.09165030717849731,0.07537440210580826,0.013969453051686287
R1138_696,U,696,0.08566924929618835,0.06458675861358643,0.011998755857348442,0.08566924929618835,0.06458675861358643,0.011998755857348442,0.08566924929618835,0.06458675861358643,0.011998755857348442,0.08566924929618835,0.06458675861358643,0.011998755857348442,0.08566924929618835,0.06458675861358643,0.011998755857348442
R1138_697,A,697,0.11125640571117401,0.019073419272899628,0.03817006200551987,0.11125640571117401,0.019073419272899628,0.03817006200551987,0.11125640571117401,0.019073419272899628,0.03817006200551987,0.11125640571117401,0.019073419272899628,0.03817006200551987,0.11125640571117401,0.019073419272899628,0.03817006200551987
R1138_698,C,698,0.09516073763370514,0.05757541209459305,0.0016848687082529068,0.09516073763370514,0.05757541209459305,0.0016848687082529068,0.09516073763370514,0.05757541209459305,0.0016848687082529068,0.09516073763370514,0.05757541209459305,0.0016848687082529068,0.09516073763370514,0.05757541209459305,0.0016848687082529068
R1138_699,G,699,0.10014969110488892,0.0886487141251564,0.0031621959060430527,0.10014969110488892,0.0886487141251564,0.0031621959060430527,0.10014969110488892,0.0886487141251564,0.0031621959060430527,0.10014969110488892,0.0886487141251564,0.0031621959060430527,0.10014969110488892,0.0886487141251564,0.0031621959060430527
R1138_700,C,700,0.12961481511592865,0.09335359185934067,-0.004061702638864517,0.12961481511592865,0.09335359185934067,-0.004061702638864517,0.12961481511592865,0.09335359185934067,-0.004061702638864517,0.12961481511592865,0.09335359185934067,-0.004061702638864517,0.12961481511592865,0.09335359185934067,-0.004061702638864517
R1138_701,U,701,0.10578793287277222,0.08083418011665344,0.001227639615535736,0.10578793287277222,0.08083418011665344,0.001227639615535736,0.10578793287277222,0.08083418011665344,0.001227639615535736,0.10578793287277222,0.08083418011665344,0.001227639615535736,0.10578793287277222,0.08083418011665344,0.001227639615535736
R1138_702,G,702,0.11693653464317322,0.048485517501831055,-0.0031172484159469604,0.11693653464317322,0.048485517501831055,-0.0031172484159469604,0.11693653464317322,0.048485517501831055,-0.0031172484159469604,0.11693653464317322,0.048485517501831055,-0.0031172484159469604,0.11693653464317322,0.048485517501831055,-0.0031172484159469604
R1138_703,U,703,0.10497952997684479,0.04518292844295502,0.0034154802560806274,0.10497952997684479,0.04518292844295502,0.0034154802560806274,0.10497952997684479,0.04518292844295502,0.0034154802560806274,0.10497952997684479,0.04518292844295502,0.0034154802560806274,0.10497952997684479,0.04518292844295502,0.0034154802560806274
R1138_704,C,704,0.12766575813293457,0.03193929046392441,-0.0048786792904138565,0.12766575813293457,0.03193929046392441,-0.0048786792904138565,0.12766575813293457,0.03193929046392441,-0.0048786792904138565,0.12766575813293457,0.03193929046392441,-0.0048786792904138565,0.12766575813293457,0.03193929046392441,-0.0048786792904138565
R1138_705,G,705,0.1303623765707016,0.05826807767152786,-0.0033276602625846863,0.1303623765707016,0.05826807767152786,-0.0033276602625846863,0.1303623765707016,0.05826807767152786,-0.0033276602625846863,0.1303623765707016,0.05826807767152786,-0.0033276602625846863,0.1303623765707016,0.05826807767152786,-0.0033276602625846863
R1138_706,G,706,0.14184093475341797,0.06175299733877182,-0.006310833618044853,0.14184093475341797,0.06175299733877182,-0.006310833618044853,0.14184093475341797,0.06175299733877182,-0.006310833618044853,0.14184093475341797,0.06175299733877182,-0.006310833618044853,0.14184093475341797,0.06175299733877182,-0.006310833618044853
R1138_707,G,707,0.14181101322174072,0.04871489480137825,-0.0032759681344032288,0.14181101322174072,0.04871489480137825,-0.0032759681344032288,0.14181101322174072,0.04871489480137825,-0.0032759681344032288,0.14181101322174072,0.04871489480137825,-0.0032759681344032288,0.14181101322174072,0.04871489480137825,-0.0032759681344032288
R1138_708,U,708,0.12029587477445602,0.03393697366118431,0.007316840812563896,0.12029587477445602,0.03393697366118431,0.007316840812563896,0.12029587477445602,0.03393697366118431,0.007316840812563896,0.12029587477445602,0.03393697366118431,0.007316840812563896,0.12029587477445602,0.03393697366118431,0.007316840812563896
R1138_709,A,709,0.14749863743782043,-0.016274308785796165,0.03733082115650177,0.14749863743782043,-0.016274308785796165,0.03733082115650177,0.14749863743782043,-0.016274308785796165,0.03733082115650177,0.14749863743782043,-0.016274308785796165,0.03733082115650177,0.14749863743782043,-0.016274308785796165,0.03733082115650177
R1138_710,G,710,0.11041095107793808,0.03513548895716667,0.000546768307685852,0.11041095107793808,0.03513548895716667,0.000546768307685852,0.11041095107793808,0.03513548895716667,0.000546768307685852,0.11041095107793808,0.03513548895716667,0.000546768307685852,0.11041095107793808,0.03513548895716667,0.000546768307685852
R1138_711,A,711,0.11674461513757706,0.06795734912157059,-0.02287529595196247,0.11674461513757706,0.06795734912157059,-0.02287529595196247,0.11674461513757706,0.06795734912157059,-0.02287529595196247,0.11674461513757706,0.06795734912157059,-0.02287529595196247,0.11674461513757706,0.06795734912157059,-0.02287529595196247
R1138_712,U,712,0.09801208227872849,0.08517960458993912,0.007230818271636963,0.09801208227872849,0.08517960458993912,0.007230818271636963,0.09801208227872849,0.08517960458993912,0.007230818271636963,0.09801208227872849,0.08517960458993912,0.007230818271636963,0.09801208227872849,0.08517960458993912,0.007230818271636963
R1138_713,G,713,0.10322979092597961,0.08366376906633377,0.005192592740058899,0.10322979092597961,0.08366376906633377,0.005192592740058899,0.10322979092597961,0.08366376906633377,0.005192592740058899,0.10322979092597961,0.08366376906633377,0.005192592740058899,0.10322979092597961,0.08366376906633377,0.005192592740058899
R1138_714,G,714,0.09364141523838043,0.06821820884943008,0.007447918877005577,0.09364141523838043,0.06821820884943008,0.007447918877005577,0.09364141523838043,0.06821820884943008,0.007447918877005577,0.09364141523838043,0.06821820884943008,0.007447918877005577,0.09364141523838043,0.06821820884943008,0.007447918877005577
R1138_715,A,715,0.08962097764015198,0.06658037006855011,0.017576279118657112,0.08962097764015198,0.06658037006855011,0.017576279118657112,0.08962097764015198,0.06658037006855011,0.017576279118657112,0.08962097764015198,0.06658037006855011,0.017576279118657112,0.08962097764015198,0.06658037006855011,0.017576279118657112
R1138_716,G,716,0.07412002980709076,0.07063419371843338,-0.0039204321801662445,0.07412002980709076,0.07063419371843338,-0.0039204321801662445,0.07412002980709076,0.07063419371843338,-0.0039204321801662445,0.07412002980709076,0.07063419371843338,-0.0039204321801662445,0.07412002980709076,0.07063419371843338,-0.0039204321801662445
R1138_717,A,717,0.06775940954685211,0.11720169335603714,-0.033827390521764755,0.06775940954685211,0.11720169335603714,-0.033827390521764755,0.06775940954685211,0.11720169335603714,-0.033827390521764755,0.06775940954685211,0.11720169335603714,-0.033827390521764755,0.06775940954685211,0.11720169335603714,-0.033827390521764755
R1138_718,A,718,0.08546272665262222,0.1615828275680542,-0.038182660937309265,0.08546272665262222,0.1615828275680542,-0.038182660937309265,0.08546272665262222,0.1615828275680542,-0.038182660937309265,0.08546272665262222,0.1615828275680542,-0.038182660937309265,0.08546272665262222,0.1615828275680542,-0.038182660937309265
R1138_719,U,719,0.08175591379404068,0.11669936776161194,-0.0056932829320430756,0.08175591379404068,0.11669936776161194,-0.0056932829320430756,0.08175591379404068,0.11669936776161194,-0.0056932829320430756,0.08175591379404068,0.11669936776161194,-0.0056932829320430756,0.08175591379404068,0.11669936776161194,-0.0056932829320430756
R1138_720,U,720,0.0852307379245758,0.1001218780875206,-0.0058472417294979095,0.0852307379245758,0.1001218780875206,-0.0058472417294979095,0.0852307379245758,0.1001218780875206,-0.0058472417294979095,0.0852307379245758,0.1001218780875206,-0.0058472417294979095,0.0852307379245758,0.1001218780875206,-0.0058472417294979095
R1149_1,G,1,0.03463709354400635,0.0576765313744545,0.044351428747177124,0.03463709354400635,0.0576765313744545,0.044351428747177124,0.03463709354400635,0.0576765313744545,0.044351428747177124,0.03463709354400635,0.0576765313744545,0.044351428747177124,0.03463709354400635,0.0576765313744545,0.044351428747177124
R1149_2,G,2,0.03746742010116577,0.0745914950966835,0.04264397174119949,0.03746742010116577,0.0745914950966835,0.04264397174119949,0.03746742010116577,0.0745914950966835,0.04264397174119949,0.03746742010116577,0.0745914950966835,0.04264397174119949,0.03746742010116577,0.0745914950966835,0.04264397174119949
R1149_3,A,3,0.06291741877794266,0.01836506463587284,0.0427931472659111,0.06291741877794266,0.01836506463587284,0.0427931472659111,0.06291741877794266,0.01836506463587284,0.0427931472659111,0.06291741877794266,0.01836506463587284,0.0427931472659111,0.06291741877794266,0.01836506463587284,0.0427931472659111
R1149_4,C,4,0.057439956814050674,0.02688417211174965,0.04591561108827591,0.057439956814050674,0.02688417211174965,0.04591561108827591,0.057439956814050674,0.02688417211174965,0.04591561108827591,0.057439956814050674,0.02688417211174965,0.04591561108827591,0.057439956814050674,0.02688417211174965,0.04591561108827591
R1149_5,A,5,0.0938890352845192,-0.0022827833890914917,0.030068984255194664,0.0938890352845192,-0.0022827833890914917,0.030068984255194664,0.0938890352845192,-0.0022827833890914917,0.030068984255194664,0.0938890352845192,-0.0022827833890914917,0.030068984255194664,0.0938890352845192,-0.0022827833890914917,0.030068984255194664
R1149_6,C,6,0.0650191381573677,-0.010884253308176994,0.052509114146232605,0.0650191381573677,-0.010884253308176994,0.052509114146232605,0.0650191381573677,-0.010884253308176994,0.052509114146232605,0.0650191381573677,-0.010884253308176994,0.052509114146232605,0.0650191381573677,-0.010884253308176994,0.052509114146232605
R1149_7,G,7,0.06702567636966705,0.027785737067461014,0.05067595839500427,0.06702567636966705,0.027785737067461014,0.05067595839500427,0.06702567636966705,0.027785737067461014,0.05067595839500427,0.06702567636966705,0.027785737067461014,0.05067595839500427,0.06702567636966705,0.027785737067461014,0.05067595839500427
R1149_8,A,8,0.09700325131416321,-0.04143523424863815,0.09086540341377258,0.09700325131416321,-0.04143523424863815,0.09086540341377258,0.09700325131416321,-0.04143523424863815,0.09086540341377258,0.09700325131416321,-0.04143523424863815,0.09086540341377258,0.09700325131416321,-0.04143523424863815,0.09086540341377258
R1149_9,G,9,0.07873828709125519,0.032098401337862015,0.05132193863391876,0.07873828709125519,0.032098401337862015,0.05132193863391876,0.07873828709125519,0.032098401337862015,0.05132193863391876,0.07873828709125519,0.032098401337862015,0.05132193863391876,0.07873828709125519,0.032098401337862015,0.05132193863391876
R1149_10,U,10,0.08115604519844055,0.028595030307769775,0.0469372421503067,0.08115604519844055,0.028595030307769775,0.0469372421503067,0.08115604519844055,0.028595030307769775,0.0469372421503067,0.08115604519844055,0.028595030307769775,0.0469372421503067,0.08115604519844055,0.028595030307769775,0.0469372421503067
R1149_11,A,11,0.12541529536247253,-0.0785747841000557,0.12950199842453003,0.12541529536247253,-0.0785747841000557,0.12950199842453003,0.12541529536247253,-0.0785747841000557,0.12950199842453003,0.12541529536247253,-0.0785747841000557,0.12950199842453003,0.12541529536247253,-0.0785747841000557,0.12950199842453003
R1149_12,A,12,0.0974046140909195,-0.08809324353933334,0.10856709629297256,0.0974046140909195,-0.08809324353933334,0.10856709629297256,0.0974046140909195,-0.08809324353933334,0.10856709629297256,0.0974046140909195,-0.08809324353933334,0.10856709629297256,0.0974046140909195,-0.08809324353933334,0.10856709629297256
R1149_13,C,13,0.07975950837135315,-0.015609188005328178,0.06874368339776993,0.07975950837135315,-0.015609188005328178,0.06874368339776993,0.07975950837135315,-0.015609188005328178,0.06874368339776993,0.07975950837135315,-0.015609188005328178,0.06874368339776993,0.07975950837135315,-0.015609188005328178,0.06874368339776993
R1149_14,U,14,0.07457590103149414,0.04701715707778931,0.047004975378513336,0.07457590103149414,0.04701715707778931,0.047004975378513336,0.07457590103149414,0.04701715707778931,0.047004975378513336,0.07457590103149414,0.04701715707778931,0.047004975378513336,0.07457590103149414,0.04701715707778931,0.047004975378513336
R1149_15,C,15,0.06904691457748413,0.029260091483592987,0.06804919242858887,0.06904691457748413,0.029260091483592987,0.06804919242858887,0.06904691457748413,0.029260091483592987,0.06804919242858887,0.06904691457748413,0.029260091483592987,0.06804919242858887,0.06904691457748413,0.029260091483592987,0.06804919242858887
R1149_16,G,16,0.06400707364082336,0.029730983078479767,0.06154107302427292,0.06400707364082336,0.029730983078479767,0.06154107302427292,0.06400707364082336,0.029730983078479767,0.06154107302427292,0.06400707364082336,0.029730983078479767,0.06154107302427292,0.06400707364082336,0.029730983078479767,0.06154107302427292
R1149_17,U,17,0.06487087160348892,0.02586626261472702,0.05146276205778122,0.06487087160348892,0.02586626261472702,0.05146276205778122,0.06487087160348892,0.02586626261472702,0.05146276205778122,0.06487087160348892,0.02586626261472702,0.05146276205778122,0.06487087160348892,0.02586626261472702,0.05146276205778122
R1149_18,C,18,0.06212007254362106,-0.022901488468050957,0.06632301211357117,0.06212007254362106,-0.022901488468050957,0.06632301211357117,0.06212007254362106,-0.022901488468050957,0.06632301211357117,0.06212007254362106,-0.022901488468050957,0.06632301211357117,0.06212007254362106,-0.022901488468050957,0.06632301211357117
R1149_19,U,19,0.06289781630039215,0.035972513258457184,0.048629552125930786,0.06289781630039215,0.035972513258457184,0.048629552125930786,0.06289781630039215,0.035972513258457184,0.048629552125930786,0.06289781630039215,0.035972513258457184,0.048629552125930786,0.06289781630039215,0.035972513258457184,0.048629552125930786
R1149_20,A,20,0.03496298938989639,0.013528812676668167,0.05438113212585449,0.03496298938989639,0.013528812676668167,0.05438113212585449,0.03496298938989639,0.013528812676668167,0.05438113212585449,0.03496298938989639,0.013528812676668167,0.05438113212585449,0.03496298938989639,0.013528812676668167,0.05438113212585449
R1149_21,U,21,0.06131076440215111,0.07893016934394836,0.046767883002758026,0.06131076440215111,0.07893016934394836,0.046767883002758026,0.06131076440215111,0.07893016934394836,0.046767883002758026,0.06131076440215111,0.07893016934394836,0.046767883002758026,0.06131076440215111,0.07893016934394836,0.046767883002758026
R1149_22,C,22,0.06211954355239868,0.05918511748313904,0.05164366960525513,0.06211954355239868,0.05918511748313904,0.05164366960525513,0.06211954355239868,0.05918511748313904,0.05164366960525513,0.06211954355239868,0.05918511748313904,0.05164366960525513,0.06211954355239868,0.05918511748313904,0.05164366960525513
R1149_23,U,23,0.07112118601799011,0.04976549372076988,0.0460730642080307,0.07112118601799011,0.04976549372076988,0.0460730642080307,0.07112118601799011,0.04976549372076988,0.0460730642080307,0.07112118601799011,0.04976549372076988,0.0460730642080307,0.07112118601799011,0.04976549372076988,0.0460730642080307
R1149_24,U,24,0.07669737190008163,0.03212008625268936,0.04110646992921829,0.07669737190008163,0.03212008625268936,0.04110646992921829,0.07669737190008163,0.03212008625268936,0.04110646992921829,0.07669737190008163,0.03212008625268936,0.04110646992921829,0.07669737190008163,0.03212008625268936,0.04110646992921829
R1149_25,C,25,0.08357369154691696,0.005173889920115471,0.04739593714475632,0.08357369154691696,0.005173889920115471,0.04739593714475632,0.08357369154691696,0.005173889920115471,0.04739593714475632,0.08357369154691696,0.005173889920115471,0.04739593714475632,0.08357369154691696,0.005173889920115471,0.04739593714475632
R1149_26,U,26,0.0762709230184555,0.06153326481580734,0.03866072744131088,0.0762709230184555,0.06153326481580734,0.03866072744131088,0.0762709230184555,0.06153326481580734,0.03866072744131088,0.0762709230184555,0.06153326481580734,0.03866072744131088,0.0762709230184555,0.06153326481580734,0.03866072744131088
R1149_27,G,27,0.08423396944999695,0.07392279803752899,0.03684195131063461,0.08423396944999695,0.07392279803752899,0.03684195131063461,0.08423396944999695,0.07392279803752899,0.03684195131063461,0.08423396944999695,0.07392279803752899,0.03684195131063461,0.08423396944999695,0.07392279803752899,0.03684195131063461
R1149_28,C,28,0.1063990518450737,0.04278069734573364,0.041785985231399536,0.1063990518450737,0.04278069734573364,0.041785985231399536,0.1063990518450737,0.04278069734573364,0.041785985231399536,0.1063990518450737,0.04278069734573364,0.041785985231399536,0.1063990518450737,0.04278069734573364,0.041785985231399536
R1149_29,A,29,0.12403520196676254,-0.058823369443416595,0.1058579608798027,0.12403520196676254,-0.058823369443416595,0.1058579608798027,0.12403520196676254,-0.058823369443416595,0.1058579608798027,0.12403520196676254,-0.058823369443416595,0.1058579608798027,0.12403520196676254,-0.058823369443416595,0.1058579608798027
R1149_30,G,30,0.10325533151626587,-0.007401283830404282,0.04512527585029602,0.10325533151626587,-0.007401283830404282,0.04512527585029602,0.10325533151626587,-0.007401283830404282,0.04512527585029602,0.10325533151626587,-0.007401283830404282,0.04512527585029602,0.10325533151626587,-0.007401283830404282,0.04512527585029602
R1149_31,G,31,0.09485017508268356,0.0028512142598628998,0.04174835979938507,0.09485017508268356,0.0028512142598628998,0.04174835979938507,0.09485017508268356,0.0028512142598628998,0.04174835979938507,0.09485017508268356,0.0028512142598628998,0.04174835979938507,0.09485017508268356,0.0028512142598628998,0.04174835979938507
R1149_32,C,32,0.07780968397855759,0.019934944808483124,0.0388505756855011,0.07780968397855759,0.019934944808483124,0.0388505756855011,0.07780968397855759,0.019934944808483124,0.0388505756855011,0.07780968397855759,0.019934944808483124,0.0388505756855011,0.07780968397855759,0.019934944808483124,0.0388505756855011
R1149_33,U,33,0.07023350894451141,0.07362744957208633,0.029450906440615654,0.07023350894451141,0.07362744957208633,0.029450906440615654,0.07023350894451141,0.07362744957208633,0.029450906440615654,0.07023350894451141,0.07362744957208633,0.029450906440615654,0.07023350894451141,0.07362744957208633,0.029450906440615654
R1149_34,G,34,0.06393364816904068,0.07220152020454407,0.03416676074266434,0.06393364816904068,0.07220152020454407,0.03416676074266434,0.06393364816904068,0.07220152020454407,0.03416676074266434,0.06393364816904068,0.07220152020454407,0.03416676074266434,0.06393364816904068,0.07220152020454407,0.03416676074266434
R1149_35,C,35,0.05175478383898735,0.0283936969935894,0.05091618746519089,0.05175478383898735,0.0283936969935894,0.05091618746519089,0.05175478383898735,0.0283936969935894,0.05091618746519089,0.05175478383898735,0.0283936969935894,0.05091618746519089,0.05175478383898735,0.0283936969935894,0.05091618746519089
R1149_36,U,36,0.06059568002820015,0.047442756593227386,0.035246409475803375,0.06059568002820015,0.047442756593227386,0.035246409475803375,0.06059568002820015,0.047442756593227386,0.035246409475803375,0.06059568002820015,0.047442756593227386,0.035246409475803375,0.06059568002820015,0.047442756593227386,0.035246409475803375
R1149_37,U,37,0.054387036710977554,0.05122324824333191,0.033517420291900635,0.054387036710977554,0.05122324824333191,0.033517420291900635,0.054387036710977554,0.05122324824333191,0.033517420291900635,0.054387036710977554,0.05122324824333191,0.033517420291900635,0.054387036710977554,0.05122324824333191,0.033517420291900635
R1149_38,A,38,0.007080255541950464,0.023277446627616882,0.039663165807724,0.007080255541950464,0.023277446627616882,0.039663165807724,0.007080255541950464,0.023277446627616882,0.039663165807724,0.007080255541950464,0.023277446627616882,0.039663165807724,0.007080255541950464,0.023277446627616882,0.039663165807724
R1149_39,C,39,0.02790858969092369,0.09866076707839966,0.023071186617016792,0.02790858969092369,0.09866076707839966,0.023071186617016792,0.02790858969092369,0.09866076707839966,0.023071186617016792,0.02790858969092369,0.09866076707839966,0.023071186617016792,0.02790858969092369,0.09866076707839966,0.023071186617016792
R1149_40,G,40,0.03458652272820473,0.11999337375164032,0.027901140972971916,0.03458652272820473,0.11999337375164032,0.027901140972971916,0.03458652272820473,0.11999337375164032,0.027901140972971916,0.03458652272820473,0.11999337375164032,0.027901140972971916,0.03458652272820473,0.11999337375164032,0.027901140972971916
R1149_41,G,41,0.04138726741075516,0.10407606512308121,0.03151322901248932,0.04138726741075516,0.10407606512308121,0.03151322901248932,0.04138726741075516,0.10407606512308121,0.03151322901248932,0.04138726741075516,0.10407606512308121,0.03151322901248932,0.04138726741075516,0.10407606512308121,0.03151322901248932
R1149_42,U,42,0.052695710211992264,0.08554499596357346,0.03162448853254318,0.052695710211992264,0.08554499596357346,0.03162448853254318,0.052695710211992264,0.08554499596357346,0.03162448853254318,0.052695710211992264,0.08554499596357346,0.03162448853254318,0.052695710211992264,0.08554499596357346,0.03162448853254318
R1149_43,U,43,0.06025635078549385,0.07050488889217377,0.030352765694260597,0.06025635078549385,0.07050488889217377,0.030352765694260597,0.06025635078549385,0.07050488889217377,0.030352765694260597,0.06025635078549385,0.07050488889217377,0.030352765694260597,0.06025635078549385,0.07050488889217377,0.030352765694260597
R1149_44,U,44,0.0592927485704422,0.07777006924152374,0.03029344417154789,0.0592927485704422,0.07777006924152374,0.03029344417154789,0.0592927485704422,0.07777006924152374,0.03029344417154789,0.0592927485704422,0.07777006924152374,0.03029344417154789,0.0592927485704422,0.07777006924152374,0.03029344417154789
R1149_45,C,45,0.05511290580034256,0.08457919955253601,0.03915208578109741,0.05511290580034256,0.08457919955253601,0.03915208578109741,0.05511290580034256,0.08457919955253601,0.03915208578109741,0.05511290580034256,0.08457919955253601,0.03915208578109741,0.05511290580034256,0.08457919955253601,0.03915208578109741
R1149_46,G,46,0.07078313827514648,0.1080506443977356,0.025763830170035362,0.07078313827514648,0.1080506443977356,0.025763830170035362,0.07078313827514648,0.1080506443977356,0.025763830170035362,0.07078313827514648,0.1080506443977356,0.025763830170035362,0.07078313827514648,0.1080506443977356,0.025763830170035362
R1149_47,U,47,0.07684120535850525,0.09390243142843246,0.027347570285201073,0.07684120535850525,0.09390243142843246,0.027347570285201073,0.07684120535850525,0.09390243142843246,0.027347570285201073,0.07684120535850525,0.09390243142843246,0.027347570285201073,0.07684120535850525,0.09390243142843246,0.027347570285201073
R1149_48,C,48,0.10581018030643463,0.024165000766515732,0.02905433066189289,0.10581018030643463,0.024165000766515732,0.02905433066189289,0.10581018030643463,0.024165000766515732,0.02905433066189289,0.10581018030643463,0.024165000766515732,0.02905433066189289,0.10581018030643463,0.024165000766515732,0.02905433066189289
R1149_49,C,49,0.10168837010860443,-0.000157257542014122,0.02434469945728779,0.10168837010860443,-0.000157257542014122,0.02434469945728779,0.10168837010860443,-0.000157257542014122,0.02434469945728779,0.10168837010860443,-0.000157257542014122,0.02434469945728779,0.10168837010860443,-0.000157257542014122,0.02434469945728779
R1149_50,G,50,0.08387292921543121,0.03284110128879547,0.020129548385739326,0.08387292921543121,0.03284110128879547,0.020129548385739326,0.08387292921543121,0.03284110128879547,0.020129548385739326,0.08387292921543121,0.03284110128879547,0.020129548385739326,0.08387292921543121,0.03284110128879547,0.020129548385739326
R1149_51,U,51,0.07687367498874664,0.06612119823694229,0.02266855724155903,0.07687367498874664,0.06612119823694229,0.02266855724155903,0.07687367498874664,0.06612119823694229,0.02266855724155903,0.07687367498874664,0.06612119823694229,0.02266855724155903,0.07687367498874664,0.06612119823694229,0.02266855724155903
R1149_52,G,52,0.08286333829164505,0.07888946682214737,0.013825936242938042,0.08286333829164505,0.07888946682214737,0.013825936242938042,0.08286333829164505,0.07888946682214737,0.013825936242938042,0.08286333829164505,0.07888946682214737,0.013825936242938042,0.08286333829164505,0.07888946682214737,0.013825936242938042
R1149_53,U,53,0.07766320556402206,0.08103442192077637,0.026429666206240654,0.07766320556402206,0.08103442192077637,0.026429666206240654,0.07766320556402206,0.08103442192077637,0.026429666206240654,0.07766320556402206,0.08103442192077637,0.026429666206240654,0.07766320556402206,0.08103442192077637,0.026429666206240654
R1149_54,U,54,0.07630819082260132,0.06099376082420349,0.029029110446572304,0.07630819082260132,0.06099376082420349,0.029029110446572304,0.07630819082260132,0.06099376082420349,0.029029110446572304,0.07630819082260132,0.06099376082420349,0.029029110446572304,0.07630819082260132,0.06099376082420349,0.029029110446572304
R1149_55,G,55,0.07713761925697327,0.025484878569841385,0.023995360359549522,0.07713761925697327,0.025484878569841385,0.023995360359549522,0.07713761925697327,0.025484878569841385,0.023995360359549522,0.07713761925697327,0.025484878569841385,0.023995360359549522,0.07713761925697327,0.025484878569841385,0.023995360359549522
R1149_56,C,56,0.07276961207389832,-0.01343785785138607,0.03237029165029526,0.07276961207389832,-0.01343785785138607,0.03237029165029526,0.07276961207389832,-0.01343785785138607,0.03237029165029526,0.07276961207389832,-0.01343785785138607,0.03237029165029526,0.07276961207389832,-0.01343785785138607,0.03237029165029526
R1149_57,A,57,0.07783890515565872,-0.06753941625356674,0.051766663789749146,0.07783890515565872,-0.06753941625356674,0.051766663789749146,0.07783890515565872,-0.06753941625356674,0.051766663789749146,0.07783890515565872,-0.06753941625356674,0.051766663789749146,0.07783890515565872,-0.06753941625356674,0.051766663789749146
R1149_58,G,58,0.07065241038799286,0.08005641400814056,0.034874752163887024,0.07065241038799286,0.08005641400814056,0.034874752163887024,0.07065241038799286,0.08005641400814056,0.034874752163887024,0.07065241038799286,0.08005641400814056,0.034874752163887024,0.07065241038799286,0.08005641400814056,0.034874752163887024
R1149_59,C,59,0.0952187180519104,0.07627316564321518,0.03519480675458908,0.0952187180519104,0.07627316564321518,0.03519480675458908,0.0952187180519104,0.07627316564321518,0.03519480675458908,0.0952187180519104,0.07627316564321518,0.03519480675458908,0.0952187180519104,0.07627316564321518,0.03519480675458908
R1149_60,C,60,0.10368095338344574,0.06026119738817215,0.03252566605806351,0.10368095338344574,0.06026119738817215,0.03252566605806351,0.10368095338344574,0.06026119738817215,0.03252566605806351,0.10368095338344574,0.06026119738817215,0.03252566605806351,0.10368095338344574,0.06026119738817215,0.03252566605806351
R1149_61,G,61,0.08329446613788605,0.06332992762327194,0.0278864074498415,0.08329446613788605,0.06332992762327194,0.0278864074498415,0.08329446613788605,0.06332992762327194,0.0278864074498415,0.08329446613788605,0.06332992762327194,0.0278864074498415,0.08329446613788605,0.06332992762327194,0.0278864074498415
R1149_62,A,62,0.10603426396846771,-0.012844232842326164,0.057572945952415466,0.10603426396846771,-0.012844232842326164,0.057572945952415466,0.10603426396846771,-0.012844232842326164,0.057572945952415466,0.10603426396846771,-0.012844232842326164,0.057572945952415466,0.10603426396846771,-0.012844232842326164,0.057572945952415466
R1149_63,U,63,0.07898613065481186,0.07152750343084335,0.031770750880241394,0.07898613065481186,0.07152750343084335,0.031770750880241394,0.07898613065481186,0.07152750343084335,0.031770750880241394,0.07898613065481186,0.07152750343084335,0.031770750880241394,0.07898613065481186,0.07152750343084335,0.031770750880241394
R1149_64,C,64,0.0990760326385498,0.08131743967533112,0.026524173095822334,0.0990760326385498,0.08131743967533112,0.026524173095822334,0.0990760326385498,0.08131743967533112,0.026524173095822334,0.0990760326385498,0.08131743967533112,0.026524173095822334,0.0990760326385498,0.08131743967533112,0.026524173095822334
R1149_65,A,65,0.14846649765968323,0.09919081628322601,0.013293663039803505,0.14846649765968323,0.09919081628322601,0.013293663039803505,0.14846649765968323,0.09919081628322601,0.013293663039803505,0.14846649765968323,0.09919081628322601,0.013293663039803505,0.14846649765968323,0.09919081628322601,0.013293663039803505
R1149_66,U,66,0.10731130093336105,0.07831115275621414,0.029598889872431755,0.10731130093336105,0.07831115275621414,0.029598889872431755,0.10731130093336105,0.07831115275621414,0.029598889872431755,0.10731130093336105,0.07831115275621414,0.029598889872431755,0.10731130093336105,0.07831115275621414,0.029598889872431755
R1149_67,C,67,0.1585334986448288,0.02041965164244175,0.02302585355937481,0.1585334986448288,0.02041965164244175,0.02302585355937481,0.1585334986448288,0.02041965164244175,0.02302585355937481,0.1585334986448288,0.02041965164244175,0.02302585355937481,0.1585334986448288,0.02041965164244175,0.02302585355937481
R1149_68,A,68,0.17599765956401825,-0.02227865718305111,0.05347266048192978,0.17599765956401825,-0.02227865718305111,0.05347266048192978,0.17599765956401825,-0.02227865718305111,0.05347266048192978,0.17599765956401825,-0.02227865718305111,0.05347266048192978,0.17599765956401825,-0.02227865718305111,0.05347266048192978
R1149_69,G,69,0.11988511681556702,0.020118899643421173,0.03316905349493027,0.11988511681556702,0.020118899643421173,0.03316905349493027,0.11988511681556702,0.020118899643421173,0.03316905349493027,0.11988511681556702,0.020118899643421173,0.03316905349493027,0.11988511681556702,0.020118899643421173,0.03316905349493027
R1149_70,C,70,0.15283675491809845,0.025811564177274704,0.02546539716422558,0.15283675491809845,0.025811564177274704,0.02546539716422558,0.15283675491809845,0.025811564177274704,0.02546539716422558,0.15283675491809845,0.025811564177274704,0.02546539716422558,0.15283675491809845,0.025811564177274704,0.02546539716422558
R1149_71,A,71,0.23857836425304413,0.013092241249978542,0.03765089064836502,0.23857836425304413,0.013092241249978542,0.03765089064836502,0.23857836425304413,0.013092241249978542,0.03765089064836502,0.23857836425304413,0.013092241249978542,0.03765089064836502,0.23857836425304413,0.013092241249978542,0.03765089064836502
R1149_72,C,72,0.18528997898101807,0.043385591357946396,0.01640397496521473,0.18528997898101807,0.043385591357946396,0.01640397496521473,0.18528997898101807,0.043385591357946396,0.01640397496521473,0.18528997898101807,0.043385591357946396,0.01640397496521473,0.18528997898101807,0.043385591357946396,0.01640397496521473
R1149_73,A,73,0.23049384355545044,-0.02857940085232258,0.07956203073263168,0.23049384355545044,-0.02857940085232258,0.07956203073263168,0.23049384355545044,-0.02857940085232258,0.07956203073263168,0.23049384355545044,-0.02857940085232258,0.07956203073263168,0.23049384355545044,-0.02857940085232258,0.07956203073263168
R1149_74,U,74,0.11564388126134872,0.024700142443180084,0.03201225399971008,0.11564388126134872,0.024700142443180084,0.03201225399971008,0.11564388126134872,0.024700142443180084,0.03201225399971008,0.11564388126134872,0.024700142443180084,0.03201225399971008,0.11564388126134872,0.024700142443180084,0.03201225399971008
R1149_75,C,75,0.1402398645877838,-0.0025728344917297363,0.029165929183363914,0.1402398645877838,-0.0025728344917297363,0.029165929183363914,0.1402398645877838,-0.0025728344917297363,0.029165929183363914,0.1402398645877838,-0.0025728344917297363,0.029165929183363914,0.1402398645877838,-0.0025728344917297363,0.029165929183363914
R1149_76,U,76,0.10773663222789764,0.05785227566957474,0.02629864402115345,0.10773663222789764,0.05785227566957474,0.02629864402115345,0.10773663222789764,0.05785227566957474,0.02629864402115345,0.10773663222789764,0.05785227566957474,0.02629864402115345,0.10773663222789764,0.05785227566957474,0.02629864402115345
R1149_77,A,77,0.18481935560703278,0.06704549491405487,0.012140927836298943,0.18481935560703278,0.06704549491405487,0.012140927836298943,0.18481935560703278,0.06704549491405487,0.012140927836298943,0.18481935560703278,0.06704549491405487,0.012140927836298943,0.18481935560703278,0.06704549491405487,0.012140927836298943
R1149_78,G,78,0.11593768745660782,0.08627388626337051,0.025298798456788063,0.11593768745660782,0.08627388626337051,0.025298798456788063,0.11593768745660782,0.08627388626337051,0.025298798456788063,0.11593768745660782,0.08627388626337051,0.025298798456788063,0.11593768745660782,0.08627388626337051,0.025298798456788063
R1149_79,G,79,0.11493856459856033,0.06940020620822906,0.02417786605656147,0.11493856459856033,0.06940020620822906,0.02417786605656147,0.11493856459856033,0.06940020620822906,0.02417786605656147,0.11493856459856033,0.06940020620822906,0.02417786605656147,0.11493856459856033,0.06940020620822906,0.02417786605656147
R1149_80,U,80,0.10352742671966553,0.05884644389152527,0.026969468221068382,0.10352742671966553,0.05884644389152527,0.026969468221068382,0.10352742671966553,0.05884644389152527,0.026969468221068382,0.10352742671966553,0.05884644389152527,0.026969468221068382,0.10352742671966553,0.05884644389152527,0.026969468221068382
R1149_81,U,81,0.10118276625871658,0.05678197741508484,0.029480235651135445,0.10118276625871658,0.05678197741508484,0.029480235651135445,0.10118276625871658,0.05678197741508484,0.029480235651135445,0.10118276625871658,0.05678197741508484,0.029480235651135445,0.10118276625871658,0.05678197741508484,0.029480235651135445
R1149_82,U,82,0.09907016158103943,0.07265676558017731,0.026430854573845863,0.09907016158103943,0.07265676558017731,0.026430854573845863,0.09907016158103943,0.07265676558017731,0.026430854573845863,0.09907016158103943,0.07265676558017731,0.026430854573845863,0.09907016158103943,0.07265676558017731,0.026430854573845863
R1149_83,C,83,0.12750765681266785,0.0982016921043396,0.008235665038228035,0.12750765681266785,0.0982016921043396,0.008235665038228035,0.12750765681266785,0.0982016921043396,0.008235665038228035,0.12750765681266785,0.0982016921043396,0.008235665038228035,0.12750765681266785,0.0982016921043396,0.008235665038228035
R1149_84,G,84,0.1243903636932373,0.10558347404003143,0.01061038114130497,0.1243903636932373,0.10558347404003143,0.01061038114130497,0.1243903636932373,0.10558347404003143,0.01061038114130497,0.1243903636932373,0.10558347404003143,0.01061038114130497,0.1243903636932373,0.10558347404003143,0.01061038114130497
R1149_85,U,85,0.11868975311517715,0.08541619032621384,0.015106404200196266,0.11868975311517715,0.08541619032621384,0.015106404200196266,0.11868975311517715,0.08541619032621384,0.015106404200196266,0.11868975311517715,0.08541619032621384,0.015106404200196266,0.11868975311517715,0.08541619032621384,0.015106404200196266
R1149_86,C,86,0.173534095287323,0.023367764428257942,0.00765082985162735,0.173534095287323,0.023367764428257942,0.00765082985162735,0.173534095287323,0.023367764428257942,0.00765082985162735,0.173534095287323,0.023367764428257942,0.00765082985162735,0.173534095287323,0.023367764428257942,0.00765082985162735
R1149_87,C,87,0.16730262339115143,-0.005605986341834068,0.005810044705867767,0.16730262339115143,-0.005605986341834068,0.005810044705867767,0.16730262339115143,-0.005605986341834068,0.005810044705867767,0.16730262339115143,-0.005605986341834068,0.005810044705867767,0.16730262339115143,-0.005605986341834068,0.005810044705867767
R1149_88,G,88,0.13320262730121613,0.03841865062713623,0.011173361912369728,0.13320262730121613,0.03841865062713623,0.011173361912369728,0.13320262730121613,0.03841865062713623,0.011173361912369728,0.13320262730121613,0.03841865062713623,0.011173361912369728,0.13320262730121613,0.03841865062713623,0.011173361912369728
R1149_89,G,89,0.13286525011062622,0.07342361658811569,0.0015190597623586655,0.13286525011062622,0.07342361658811569,0.0015190597623586655,0.13286525011062622,0.07342361658811569,0.0015190597623586655,0.13286525011062622,0.07342361658811569,0.0015190597623586655,0.13286525011062622,0.07342361658811569,0.0015190597623586655
R1149_90,G,90,0.13931161165237427,0.08847558498382568,-0.007492667064070702,0.13931161165237427,0.08847558498382568,-0.007492667064070702,0.13931161165237427,0.08847558498382568,-0.007492667064070702,0.13931161165237427,0.08847558498382568,-0.007492667064070702,0.13931161165237427,0.08847558498382568,-0.007492667064070702
R1149_91,U,91,0.12481372803449631,0.07465745508670807,0.006281621754169464,0.12481372803449631,0.07465745508670807,0.006281621754169464,0.12481372803449631,0.07465745508670807,0.006281621754169464,0.12481372803449631,0.07465745508670807,0.006281621754169464,0.12481372803449631,0.07465745508670807,0.006281621754169464
R1149_92,G,92,0.1433287113904953,0.031343404203653336,0.00427742674946785,0.1433287113904953,0.031343404203653336,0.00427742674946785,0.1433287113904953,0.031343404203653336,0.00427742674946785,0.1433287113904953,0.031343404203653336,0.00427742674946785,0.1433287113904953,0.031343404203653336,0.00427742674946785
R1149_93,U,93,0.11602792143821716,0.0387081652879715,0.012099457904696465,0.11602792143821716,0.0387081652879715,0.012099457904696465,0.11602792143821716,0.0387081652879715,0.012099457904696465,0.11602792143821716,0.0387081652879715,0.012099457904696465,0.11602792143821716,0.0387081652879715,0.012099457904696465
R1149_94,G,94,0.11180627346038818,0.044157691299915314,0.0025597717612981796,0.11180627346038818,0.044157691299915314,0.0025597717612981796,0.11180627346038818,0.044157691299915314,0.0025597717612981796,0.11180627346038818,0.044157691299915314,0.0025597717612981796,0.11180627346038818,0.044157691299915314,0.0025597717612981796
R1149_95,A,95,0.12621340155601501,0.0739818811416626,-0.04796800762414932,0.12621340155601501,0.0739818811416626,-0.04796800762414932,0.12621340155601501,0.0739818811416626,-0.04796800762414932,0.12621340155601501,0.0739818811416626,-0.04796800762414932,0.12621340155601501,0.0739818811416626,-0.04796800762414932
R1149_96,C,96,0.1157141625881195,0.12072239071130753,-0.02680504135787487,0.1157141625881195,0.12072239071130753,-0.02680504135787487,0.1157141625881195,0.12072239071130753,-0.02680504135787487,0.1157141625881195,0.12072239071130753,-0.02680504135787487,0.1157141625881195,0.12072239071130753,-0.02680504135787487
R1149_97,C,97,0.11502735316753387,0.1119963750243187,-0.01600963994860649,0.11502735316753387,0.1119963750243187,-0.01600963994860649,0.11502735316753387,0.1119963750243187,-0.01600963994860649,0.11502735316753387,0.1119963750243187,-0.01600963994860649,0.11502735316753387,0.1119963750243187,-0.01600963994860649
R1149_98,G,98,0.09597758203744888,0.09562351554632187,-0.002278156578540802,0.09597758203744888,0.09562351554632187,-0.002278156578540802,0.09597758203744888,0.09562351554632187,-0.002278156578540802,0.09597758203744888,0.09562351554632187,-0.002278156578540802,0.09597758203744888,0.09562351554632187,-0.002278156578540802
R1149_99,A,99,0.10423479974269867,0.06778199970722198,0.02184447832405567,0.10423479974269867,0.06778199970722198,0.02184447832405567,0.10423479974269867,0.06778199970722198,0.02184447832405567,0.10423479974269867,0.06778199970722198,0.02184447832405567,0.10423479974269867,0.06778199970722198,0.02184447832405567
R1149_100,A,100,0.07229641079902649,0.08765499293804169,0.01453082449734211,0.07229641079902649,0.08765499293804169,0.01453082449734211,0.07229641079902649,0.08765499293804169,0.01453082449734211,0.07229641079902649,0.08765499293804169,0.01453082449734211,0.07229641079902649,0.08765499293804169,0.01453082449734211
R1149_101,A,101,0.05525820329785347,0.11170433461666107,0.005446374416351318,0.05525820329785347,0.11170433461666107,0.005446374416351318,0.05525820329785347,0.11170433461666107,0.005446374416351318,0.05525820329785347,0.11170433461666107,0.005446374416351318,0.05525820329785347,0.11170433461666107,0.005446374416351318
R1149_102,G,102,0.07697753608226776,0.1376866102218628,-0.0011708121746778488,0.07697753608226776,0.1376866102218628,-0.0011708121746778488,0.07697753608226776,0.1376866102218628,-0.0011708121746778488,0.07697753608226776,0.1376866102218628,-0.0011708121746778488,0.07697753608226776,0.1376866102218628,-0.0011708121746778488
R1149_103,G,103,0.08674144744873047,0.14394298195838928,-0.003828231245279312,0.08674144744873047,0.14394298195838928,-0.003828231245279312,0.08674144744873047,0.14394298195838928,-0.003828231245279312,0.08674144744873047,0.14394298195838928,-0.003828231245279312,0.08674144744873047,0.14394298195838928,-0.003828231245279312
R1149_104,U,104,0.08986996114253998,0.11386915296316147,0.003995239734649658,0.08986996114253998,0.11386915296316147,0.003995239734649658,0.08986996114253998,0.11386915296316147,0.003995239734649658,0.08986996114253998,0.11386915296316147,0.003995239734649658,0.08986996114253998,0.11386915296316147,0.003995239734649658
R1149_105,A,105,0.1337480992078781,0.04484151303768158,0.02928548865020275,0.1337480992078781,0.04484151303768158,0.02928548865020275,0.1337480992078781,0.04484151303768158,0.02928548865020275,0.1337480992078781,0.04484151303768158,0.02928548865020275,0.1337480992078781,0.04484151303768158,0.02928548865020275
R1149_106,A,106,0.11997262388467789,0.04090777039527893,0.011946307495236397,0.11997262388467789,0.04090777039527893,0.011946307495236397,0.11997262388467789,0.04090777039527893,0.011946307495236397,0.11997262388467789,0.04090777039527893,0.011946307495236397,0.11997262388467789,0.04090777039527893,0.011946307495236397
R1149_107,G,107,0.09750678390264511,0.08551354706287384,-0.007837388664484024,0.09750678390264511,0.08551354706287384,-0.007837388664484024,0.09750678390264511,0.08551354706287384,-0.007837388664484024,0.09750678390264511,0.08551354706287384,-0.007837388664484024,0.09750678390264511,0.08551354706287384,-0.007837388664484024
R1149_108,A,108,0.12765322625637054,0.06931257992982864,-0.018047211691737175,0.12765322625637054,0.06931257992982864,-0.018047211691737175,0.12765322625637054,0.06931257992982864,-0.018047211691737175,0.12765322625637054,0.06931257992982864,-0.018047211691737175,0.12765322625637054,0.06931257992982864,-0.018047211691737175
R1149_109,U,109,0.09734388440847397,0.11068848520517349,-0.009085549972951412,0.09734388440847397,0.11068848520517349,-0.009085549972951412,0.09734388440847397,0.11068848520517349,-0.009085549972951412,0.09734388440847397,0.11068848520517349,-0.009085549972951412,0.09734388440847397,0.11068848520517349,-0.009085549972951412
R1149_110,G,110,0.11703857034444809,0.08034221082925797,-0.016254106536507607,0.11703857034444809,0.08034221082925797,-0.016254106536507607,0.11703857034444809,0.08034221082925797,-0.016254106536507607,0.11703857034444809,0.08034221082925797,-0.016254106536507607,0.11703857034444809,0.08034221082925797,-0.016254106536507607
R1149_111,G,111,0.11562380939722061,0.04364360123872757,-0.012272355146706104,0.11562380939722061,0.04364360123872757,-0.012272355146706104,0.11562380939722061,0.04364360123872757,-0.012272355146706104,0.11562380939722061,0.04364360123872757,-0.012272355146706104,0.11562380939722061,0.04364360123872757,-0.012272355146706104
R1149_112,A,112,0.14983390271663666,-0.026133308187127113,-0.0009580682963132858,0.14983390271663666,-0.026133308187127113,-0.0009580682963132858,0.14983390271663666,-0.026133308187127113,-0.0009580682963132858,0.14983390271663666,-0.026133308187127113,-0.0009580682963132858,0.14983390271663666,-0.026133308187127113,-0.0009580682963132858
R1149_113,G,113,0.09624948352575302,0.044565051794052124,-0.003053305670619011,0.09624948352575302,0.044565051794052124,-0.003053305670619011,0.09624948352575302,0.044565051794052124,-0.003053305670619011,0.09624948352575302,0.044565051794052124,-0.003053305670619011,0.09624948352575302,0.044565051794052124,-0.003053305670619011
R1149_114,A,114,0.1248449981212616,0.006634383462369442,-0.018176238983869553,0.1248449981212616,0.006634383462369442,-0.018176238983869553,0.1248449981212616,0.006634383462369442,-0.018176238983869553,0.1248449981212616,0.006634383462369442,-0.018176238983869553,0.1248449981212616,0.006634383462369442,-0.018176238983869553
R1149_115,G,115,0.09260459989309311,0.09187733381986618,-0.004585741087794304,0.09260459989309311,0.09187733381986618,-0.004585741087794304,0.09260459989309311,0.09187733381986618,-0.004585741087794304,0.09260459989309311,0.09187733381986618,-0.004585741087794304,0.09260459989309311,0.09187733381986618,-0.004585741087794304
R1149_116,C,116,0.12208263576030731,0.07233794778585434,-0.010841693729162216,0.12208263576030731,0.07233794778585434,-0.010841693729162216,0.12208263576030731,0.07233794778585434,-0.010841693729162216,0.12208263576030731,0.07233794778585434,-0.010841693729162216,0.12208263576030731,0.07233794778585434,-0.010841693729162216
R1149_117,C,117,0.11382757872343063,0.04903864488005638,0.0033872630447149277,0.11382757872343063,0.04903864488005638,0.0033872630447149277,0.11382757872343063,0.04903864488005638,0.0033872630447149277,0.11382757872343063,0.04903864488005638,0.0033872630447149277,0.11382757872343063,0.04903864488005638,0.0033872630447149277
R1149_118,U,118,0.0780242308974266,0.06716953217983246,0.012494338676333427,0.0780242308974266,0.06716953217983246,0.012494338676333427,0.0780242308974266,0.06716953217983246,0.012494338676333427,0.0780242308974266,0.06716953217983246,0.012494338676333427,0.0780242308974266,0.06716953217983246,0.012494338676333427
R1149_119,U,119,0.07206694036722183,0.06750498712062836,0.01694263331592083,0.07206694036722183,0.06750498712062836,0.01694263331592083,0.07206694036722183,0.06750498712062836,0.01694263331592083,0.07206694036722183,0.06750498712062836,0.01694263331592083,0.07206694036722183,0.06750498712062836,0.01694263331592083
R1149_120,G,120,0.07399510592222214,0.07798141241073608,0.01763136126101017,0.07399510592222214,0.07798141241073608,0.01763136126101017,0.07399510592222214,0.07798141241073608,0.01763136126101017,0.07399510592222214,0.07798141241073608,0.01763136126101017,0.07399510592222214,0.07798141241073608,0.01763136126101017
R1149_121,U,121,0.07479478418827057,0.10669082403182983,0.015951329842209816,0.07479478418827057,0.10669082403182983,0.015951329842209816,0.07479478418827057,0.10669082403182983,0.015951329842209816,0.07479478418827057,0.10669082403182983,0.015951329842209816,0.07479478418827057,0.10669082403182983,0.015951329842209816
R1149_122,C,122,0.10246497392654419,0.10328167676925659,0.0061774346977472305,0.10246497392654419,0.10328167676925659,0.0061774346977472305,0.10246497392654419,0.10328167676925659,0.0061774346977472305,0.10246497392654419,0.10328167676925659,0.0061774346977472305,0.10246497392654419,0.10328167676925659,0.0061774346977472305
R1149_123,C,123,0.11670325696468353,0.0700734481215477,0.010376913473010063,0.11670325696468353,0.0700734481215477,0.010376913473010063,0.11670325696468353,0.0700734481215477,0.010376913473010063,0.11670325696468353,0.0700734481215477,0.010376913473010063,0.11670325696468353,0.0700734481215477,0.010376913473010063
R1149_124,C,124,0.11632251739501953,0.039320800453424454,0.006291251629590988,0.11632251739501953,0.039320800453424454,0.006291251629590988,0.11632251739501953,0.039320800453424454,0.006291251629590988,0.11632251739501953,0.039320800453424454,0.006291251629590988,0.11632251739501953,0.039320800453424454,0.006291251629590988
R1156_1,G,1,0.03463709354400635,0.0576765313744545,0.044351428747177124,0.03463709354400635,0.0576765313744545,0.044351428747177124,0.03463709354400635,0.0576765313744545,0.044351428747177124,0.03463709354400635,0.0576765313744545,0.044351428747177124,0.03463709354400635,0.0576765313744545,0.044351428747177124
R1156_2,G,2,0.03746742010116577,0.0745914950966835,0.04264397174119949,0.03746742010116577,0.0745914950966835,0.04264397174119949,0.03746742010116577,0.0745914950966835,0.04264397174119949,0.03746742010116577,0.0745914950966835,0.04264397174119949,0.03746742010116577,0.0745914950966835,0.04264397174119949
R1156_3,A,3,0.06291741877794266,0.01836506463587284,0.0427931472659111,0.06291741877794266,0.01836506463587284,0.0427931472659111,0.06291741877794266,0.01836506463587284,0.0427931472659111,0.06291741877794266,0.01836506463587284,0.0427931472659111,0.06291741877794266,0.01836506463587284,0.0427931472659111
R1156_4,G,4,0.05424473434686661,0.04496602714061737,0.04498431086540222,0.05424473434686661,0.04496602714061737,0.04498431086540222,0.05424473434686661,0.04496602714061737,0.04498431086540222,0.05424473434686661,0.04496602714061737,0.04498431086540222,0.05424473434686661,0.04496602714061737,0.04498431086540222
R1156_5,C,5,0.06643515825271606,-0.005614509806036949,0.04361417889595032,0.06643515825271606,-0.005614509806036949,0.04361417889595032,0.06643515825271606,-0.005614509806036949,0.04361417889595032,0.06643515825271606,-0.005614509806036949,0.04361417889595032,0.06643515825271606,-0.005614509806036949,0.04361417889595032
R1156_6,A,6,0.09097326546907425,-0.016407405957579613,0.03626498579978943,0.09097326546907425,-0.016407405957579613,0.03626498579978943,0.09097326546907425,-0.016407405957579613,0.03626498579978943,0.09097326546907425,-0.016407405957579613,0.03626498579978943,0.09097326546907425,-0.016407405957579613,0.03626498579978943
R1156_7,U,7,0.06923837959766388,0.04067244380712509,0.04514976590871811,0.06923837959766388,0.04067244380712509,0.04514976590871811,0.06923837959766388,0.04067244380712509,0.04514976590871811,0.06923837959766388,0.04067244380712509,0.04514976590871811,0.06923837959766388,0.04067244380712509,0.04514976590871811
R1156_8,C,8,0.0769241601228714,0.01288323663175106,0.06465881317853928,0.0769241601228714,0.01288323663175106,0.06465881317853928,0.0769241601228714,0.01288323663175106,0.06465881317853928,0.0769241601228714,0.01288323663175106,0.06465881317853928,0.0769241601228714,0.01288323663175106,0.06465881317853928
R1156_9,G,9,0.07873828709125519,0.032098401337862015,0.05132193863391876,0.07873828709125519,0.032098401337862015,0.05132193863391876,0.07873828709125519,0.032098401337862015,0.05132193863391876,0.07873828709125519,0.032098401337862015,0.05132193863391876,0.07873828709125519,0.032098401337862015,0.05132193863391876
R1156_10,U,10,0.08115604519844055,0.028595030307769775,0.0469372421503067,0.08115604519844055,0.028595030307769775,0.0469372421503067,0.08115604519844055,0.028595030307769775,0.0469372421503067,0.08115604519844055,0.028595030307769775,0.0469372421503067,0.08115604519844055,0.028595030307769775,0.0469372421503067
R1156_11,G,11,0.08748156577348709,-0.017916006967425346,0.062041640281677246,0.08748156577348709,-0.017916006967425346,0.062041640281677246,0.08748156577348709,-0.017916006967425346,0.062041640281677246,0.08748156577348709,-0.017916006967425346,0.062041640281677246,0.08748156577348709,-0.017916006967425346,0.062041640281677246
R1156_12,U,12,0.08193960040807724,0.0007305722683668137,0.052467331290245056,0.08193960040807724,0.0007305722683668137,0.052467331290245056,0.08193960040807724,0.0007305722683668137,0.052467331290245056,0.08193960040807724,0.0007305722683668137,0.052467331290245056,0.08193960040807724,0.0007305722683668137,0.052467331290245056
R1156_13,C,13,0.07975950837135315,-0.015609188005328178,0.06874368339776993,0.07975950837135315,-0.015609188005328178,0.06874368339776993,0.07975950837135315,-0.015609188005328178,0.06874368339776993,0.07975950837135315,-0.015609188005328178,0.06874368339776993,0.07975950837135315,-0.015609188005328178,0.06874368339776993
R1156_14,U,14,0.07457590103149414,0.04701715707778931,0.047004975378513336,0.07457590103149414,0.04701715707778931,0.047004975378513336,0.07457590103149414,0.04701715707778931,0.047004975378513336,0.07457590103149414,0.04701715707778931,0.047004975378513336,0.07457590103149414,0.04701715707778931,0.047004975378513336
R1156_15,C,15,0.06904691457748413,0.029260091483592987,0.06804919242858887,0.06904691457748413,0.029260091483592987,0.06804919242858887,0.06904691457748413,0.029260091483592987,0.06804919242858887,0.06904691457748413,0.029260091483592987,0.06804919242858887,0.06904691457748413,0.029260091483592987,0.06804919242858887
R1156_16,A,16,0.05974472686648369,-0.012069391086697578,0.12413323670625687,0.05974472686648369,-0.012069391086697578,0.12413323670625687,0.05974472686648369,-0.012069391086697578,0.12413323670625687,0.05974472686648369,-0.012069391086697578,0.12413323670625687,0.05974472686648369,-0.012069391086697578,0.12413323670625687
R1156_17,A,17,0.047031693160533905,-0.034125521779060364,0.13378947973251343,0.047031693160533905,-0.034125521779060364,0.13378947973251343,0.047031693160533905,-0.034125521779060364,0.13378947973251343,0.047031693160533905,-0.034125521779060364,0.13378947973251343,0.047031693160533905,-0.034125521779060364,0.13378947973251343
R1156_18,G,18,0.06471902877092361,0.005003233440220356,0.053560227155685425,0.06471902877092361,0.005003233440220356,0.053560227155685425,0.06471902877092361,0.005003233440220356,0.053560227155685425,0.06471902877092361,0.005003233440220356,0.053560227155685425,0.06471902877092361,0.005003233440220356,0.053560227155685425
R1156_19,U,19,0.06289781630039215,0.035972513258457184,0.048629552125930786,0.06289781630039215,0.035972513258457184,0.048629552125930786,0.06289781630039215,0.035972513258457184,0.048629552125930786,0.06289781630039215,0.035972513258457184,0.048629552125930786,0.06289781630039215,0.035972513258457184,0.048629552125930786
R1156_20,G,20,0.058545567095279694,0.053858183324337006,0.04738326370716095,0.058545567095279694,0.053858183324337006,0.04738326370716095,0.058545567095279694,0.053858183324337006,0.04738326370716095,0.058545567095279694,0.053858183324337006,0.04738326370716095,0.058545567095279694,0.053858183324337006,0.04738326370716095
R1156_21,C,21,0.05178738385438919,0.07057187706232071,0.05273186415433884,0.05178738385438919,0.07057187706232071,0.05273186415433884,0.05178738385438919,0.07057187706232071,0.05273186415433884,0.05178738385438919,0.07057187706232071,0.05273186415433884,0.05178738385438919,0.07057187706232071,0.05273186415433884
R1156_22,U,22,0.06446375697851181,0.07068119198083878,0.047676339745521545,0.06446375697851181,0.07068119198083878,0.047676339745521545,0.06446375697851181,0.07068119198083878,0.047676339745521545,0.06446375697851181,0.07068119198083878,0.047676339745521545,0.06446375697851181,0.07068119198083878,0.047676339745521545
R1156_23,U,23,0.07112118601799011,0.04976549372076988,0.0460730642080307,0.07112118601799011,0.04976549372076988,0.0460730642080307,0.07112118601799011,0.04976549372076988,0.0460730642080307,0.07112118601799011,0.04976549372076988,0.0460730642080307,0.07112118601799011,0.04976549372076988,0.0460730642080307
R1156_24,C,24,0.08699163049459457,-0.0007046833634376526,0.04258875548839569,0.08699163049459457,-0.0007046833634376526,0.04258875548839569,0.08699163049459457,-0.0007046833634376526,0.04258875548839569,0.08699163049459457,-0.0007046833634376526,0.04258875548839569,0.08699163049459457,-0.0007046833634376526,0.04258875548839569
R1156_25,A,25,0.09772422909736633,2.390146255493164e-05,0.03813821077346802,0.09772422909736633,2.390146255493164e-05,0.03813821077346802,0.09772422909736633,2.390146255493164e-05,0.03813821077346802,0.09772422909736633,2.390146255493164e-05,0.03813821077346802,0.09772422909736633,2.390146255493164e-05,0.03813821077346802
R1156_26,C,26,0.08782121539115906,0.04120982438325882,0.04050785303115845,0.08782121539115906,0.04120982438325882,0.04050785303115845,0.08782121539115906,0.04120982438325882,0.04050785303115845,0.08782121539115906,0.04120982438325882,0.04050785303115845,0.08782121539115906,0.04120982438325882,0.04050785303115845
R1156_27,G,27,0.08423396944999695,0.07392279803752899,0.03684195131063461,0.08423396944999695,0.07392279803752899,0.03684195131063461,0.08423396944999695,0.07392279803752899,0.03684195131063461,0.08423396944999695,0.07392279803752899,0.03684195131063461,0.08423396944999695,0.07392279803752899,0.03684195131063461
R1156_28,G,28,0.09340658038854599,0.05583705008029938,0.03491216152906418,0.09340658038854599,0.05583705008029938,0.03491216152906418,0.09340658038854599,0.05583705008029938,0.03491216152906418,0.09340658038854599,0.05583705008029938,0.03491216152906418,0.09340658038854599,0.05583705008029938,0.03491216152906418
R1156_29,U,29,0.09315542131662369,0.03626282885670662,0.036725692451000214,0.09315542131662369,0.03626282885670662,0.036725692451000214,0.09315542131662369,0.03626282885670662,0.036725692451000214,0.09315542131662369,0.03626282885670662,0.036725692451000214,0.09315542131662369,0.03626282885670662,0.036725692451000214
R1156_30,C,30,0.10415992140769958,-0.03546275943517685,0.06253928691148758,0.10415992140769958,-0.03546275943517685,0.06253928691148758,0.10415992140769958,-0.03546275943517685,0.06253928691148758,0.10415992140769958,-0.03546275943517685,0.06253928691148758,0.10415992140769958,-0.03546275943517685,0.06253928691148758
R1156_31,A,31,0.10442271828651428,-0.05086416006088257,0.04817267507314682,0.10442271828651428,-0.05086416006088257,0.04817267507314682,0.10442271828651428,-0.05086416006088257,0.04817267507314682,0.10442271828651428,-0.05086416006088257,0.04817267507314682,0.10442271828651428,-0.05086416006088257,0.04817267507314682
R1156_32,C,32,0.07780968397855759,0.019934944808483124,0.0388505756855011,0.07780968397855759,0.019934944808483124,0.0388505756855011,0.07780968397855759,0.019934944808483124,0.0388505756855011,0.07780968397855759,0.019934944808483124,0.0388505756855011,0.07780968397855759,0.019934944808483124,0.0388505756855011
R1156_33,A,33,0.048088494688272476,0.015611784532666206,0.041077181696891785,0.048088494688272476,0.015611784532666206,0.041077181696891785,0.048088494688272476,0.015611784532666206,0.041077181696891785,0.048088494688272476,0.015611784532666206,0.041077181696891785,0.048088494688272476,0.015611784532666206,0.041077181696891785
R1156_34,A,34,0.03993246704339981,0.013610050082206726,0.060417309403419495,0.03993246704339981,0.013610050082206726,0.060417309403419495,0.03993246704339981,0.013610050082206726,0.060417309403419495,0.03993246704339981,0.013610050082206726,0.060417309403419495,0.03993246704339981,0.013610050082206726,0.060417309403419495
R1156_35,U,35,0.06204373762011528,0.06156294792890549,0.03778911381959915,0.06204373762011528,0.06156294792890549,0.03778911381959915,0.06204373762011528,0.06156294792890549,0.03778911381959915,0.06204373762011528,0.06156294792890549,0.03778911381959915,0.06204373762011528,0.06156294792890549,0.03778911381959915
R1156_36,A,36,0.03643811121582985,-0.02829149179160595,0.08100245893001556,0.03643811121582985,-0.02829149179160595,0.08100245893001556,0.03643811121582985,-0.02829149179160595,0.08100245893001556,0.03643811121582985,-0.02829149179160595,0.08100245893001556,0.03643811121582985,-0.02829149179160595,0.08100245893001556
R1156_37,U,37,0.054387036710977554,0.05122324824333191,0.033517420291900635,0.054387036710977554,0.05122324824333191,0.033517420291900635,0.054387036710977554,0.05122324824333191,0.033517420291900635,0.054387036710977554,0.05122324824333191,0.033517420291900635,0.054387036710977554,0.05122324824333191,0.033517420291900635
R1156_38,A,38,0.007080255541950464,0.023277446627616882,0.039663165807724,0.007080255541950464,0.023277446627616882,0.039663165807724,0.007080255541950464,0.023277446627616882,0.039663165807724,0.007080255541950464,0.023277446627616882,0.039663165807724,0.007080255541950464,0.023277446627616882,0.039663165807724
R1156_39,C,39,0.02790858969092369,0.09866076707839966,0.023071186617016792,0.02790858969092369,0.09866076707839966,0.023071186617016792,0.02790858969092369,0.09866076707839966,0.023071186617016792,0.02790858969092369,0.09866076707839966,0.023071186617016792,0.02790858969092369,0.09866076707839966,0.023071186617016792
R1156_40,C,40,0.024769466370344162,0.11833459883928299,0.02567082829773426,0.024769466370344162,0.11833459883928299,0.02567082829773426,0.024769466370344162,0.11833459883928299,0.02567082829773426,0.024769466370344162,0.11833459883928299,0.02567082829773426,0.024769466370344162,0.11833459883928299,0.02567082829773426
R1156_41,G,41,0.04138726741075516,0.10407606512308121,0.03151322901248932,0.04138726741075516,0.10407606512308121,0.03151322901248932,0.04138726741075516,0.10407606512308121,0.03151322901248932,0.04138726741075516,0.10407606512308121,0.03151322901248932,0.04138726741075516,0.10407606512308121,0.03151322901248932
R1156_42,U,42,0.052695710211992264,0.08554499596357346,0.03162448853254318,0.052695710211992264,0.08554499596357346,0.03162448853254318,0.052695710211992264,0.08554499596357346,0.03162448853254318,0.052695710211992264,0.08554499596357346,0.03162448853254318,0.052695710211992264,0.08554499596357346,0.03162448853254318
R1156_43,U,43,0.06025635078549385,0.07050488889217377,0.030352765694260597,0.06025635078549385,0.07050488889217377,0.030352765694260597,0.06025635078549385,0.07050488889217377,0.030352765694260597,0.06025635078549385,0.07050488889217377,0.030352765694260597,0.06025635078549385,0.07050488889217377,0.030352765694260597
R1156_44,U,44,0.0592927485704422,0.07777006924152374,0.03029344417154789,0.0592927485704422,0.07777006924152374,0.03029344417154789,0.0592927485704422,0.07777006924152374,0.03029344417154789,0.0592927485704422,0.07777006924152374,0.03029344417154789,0.0592927485704422,0.07777006924152374,0.03029344417154789
R1156_45,C,45,0.05511290580034256,0.08457919955253601,0.03915208578109741,0.05511290580034256,0.08457919955253601,0.03915208578109741,0.05511290580034256,0.08457919955253601,0.03915208578109741,0.05511290580034256,0.08457919955253601,0.03915208578109741,0.05511290580034256,0.08457919955253601,0.03915208578109741
R1156_46,G,46,0.07078313827514648,0.1080506443977356,0.025763830170035362,0.07078313827514648,0.1080506443977356,0.025763830170035362,0.07078313827514648,0.1080506443977356,0.025763830170035362,0.07078313827514648,0.1080506443977356,0.025763830170035362,0.07078313827514648,0.1080506443977356,0.025763830170035362
R1156_47,U,47,0.07684120535850525,0.09390243142843246,0.027347570285201073,0.07684120535850525,0.09390243142843246,0.027347570285201073,0.07684120535850525,0.09390243142843246,0.027347570285201073,0.07684120535850525,0.09390243142843246,0.027347570285201073,0.07684120535850525,0.09390243142843246,0.027347570285201073
R1156_48,C,48,0.10581018030643463,0.024165000766515732,0.02905433066189289,0.10581018030643463,0.024165000766515732,0.02905433066189289,0.10581018030643463,0.024165000766515732,0.02905433066189289,0.10581018030643463,0.024165000766515732,0.02905433066189289,0.10581018030643463,0.024165000766515732,0.02905433066189289
R1156_49,G,49,0.09155937284231186,0.02958199381828308,0.019412389025092125,0.09155937284231186,0.02958199381828308,0.019412389025092125,0.09155937284231186,0.02958199381828308,0.019412389025092125,0.09155937284231186,0.02958199381828308,0.019412389025092125,0.09155937284231186,0.02958199381828308,0.019412389025092125
R1156_50,G,50,0.08387292921543121,0.03284110128879547,0.020129548385739326,0.08387292921543121,0.03284110128879547,0.020129548385739326,0.08387292921543121,0.03284110128879547,0.020129548385739326,0.08387292921543121,0.03284110128879547,0.020129548385739326,0.08387292921543121,0.03284110128879547,0.020129548385739326
R1156_51,G,51,0.08024580776691437,0.056291043758392334,0.017297687008976936,0.08024580776691437,0.056291043758392334,0.017297687008976936,0.08024580776691437,0.056291043758392334,0.017297687008976936,0.08024580776691437,0.056291043758392334,0.017297687008976936,0.08024580776691437,0.056291043758392334,0.017297687008976936
R1156_52,U,52,0.07775554060935974,0.0847652480006218,0.022288164123892784,0.07775554060935974,0.0847652480006218,0.022288164123892784,0.07775554060935974,0.0847652480006218,0.022288164123892784,0.07775554060935974,0.0847652480006218,0.022288164123892784,0.07775554060935974,0.0847652480006218,0.022288164123892784
R1156_53,G,53,0.08563349395990372,0.07081601023674011,0.020839354023337364,0.08563349395990372,0.07081601023674011,0.020839354023337364,0.08563349395990372,0.07081601023674011,0.020839354023337364,0.08563349395990372,0.07081601023674011,0.020839354023337364,0.08563349395990372,0.07081601023674011,0.020839354023337364
R1156_54,C,54,0.10560698062181473,0.013177230954170227,0.021476982161402702,0.10560698062181473,0.013177230954170227,0.021476982161402702,0.10560698062181473,0.013177230954170227,0.021476982161402702,0.10560698062181473,0.013177230954170227,0.021476982161402702,0.10560698062181473,0.013177230954170227,0.021476982161402702
R1156_55,G,55,0.07713761925697327,0.025484878569841385,0.023995360359549522,0.07713761925697327,0.025484878569841385,0.023995360359549522,0.07713761925697327,0.025484878569841385,0.023995360359549522,0.07713761925697327,0.025484878569841385,0.023995360359549522,0.07713761925697327,0.025484878569841385,0.023995360359549522
R1156_56,U,56,0.06983432918787003,0.042141079902648926,0.030978912487626076,0.06983432918787003,0.042141079902648926,0.030978912487626076,0.06983432918787003,0.042141079902648926,0.030978912487626076,0.06983432918787003,0.042141079902648926,0.030978912487626076,0.06983432918787003,0.042141079902648926,0.030978912487626076
R1156_57,G,57,0.06828971207141876,0.04677435755729675,0.033924125134944916,0.06828971207141876,0.04677435755729675,0.033924125134944916,0.06828971207141876,0.04677435755729675,0.033924125134944916,0.06828971207141876,0.04677435755729675,0.033924125134944916,0.06828971207141876,0.04677435755729675,0.033924125134944916
R1156_58,G,58,0.07065241038799286,0.08005641400814056,0.034874752163887024,0.07065241038799286,0.08005641400814056,0.034874752163887024,0.07065241038799286,0.08005641400814056,0.034874752163887024,0.07065241038799286,0.08005641400814056,0.034874752163887024,0.07065241038799286,0.08005641400814056,0.034874752163887024
R1156_59,C,59,0.0952187180519104,0.07627316564321518,0.03519480675458908,0.0952187180519104,0.07627316564321518,0.03519480675458908,0.0952187180519104,0.07627316564321518,0.03519480675458908,0.0952187180519104,0.07627316564321518,0.03519480675458908,0.0952187180519104,0.07627316564321518,0.03519480675458908
R1156_60,A,60,0.14427617192268372,0.018832974135875702,0.05691344290971756,0.14427617192268372,0.018832974135875702,0.05691344290971756,0.14427617192268372,0.018832974135875702,0.05691344290971756,0.14427617192268372,0.018832974135875702,0.05691344290971756,0.14427617192268372,0.018832974135875702,0.05691344290971756
R1156_61,A,61,0.12089657038450241,0.003205215558409691,0.06579499691724777,0.12089657038450241,0.003205215558409691,0.06579499691724777,0.12089657038450241,0.003205215558409691,0.06579499691724777,0.12089657038450241,0.003205215558409691,0.06579499691724777,0.12089657038450241,0.003205215558409691,0.06579499691724777
R1156_62,U,62,0.07675345987081528,0.06514868140220642,0.03085928224027157,0.07675345987081528,0.06514868140220642,0.03085928224027157,0.07675345987081528,0.06514868140220642,0.03085928224027157,0.07675345987081528,0.06514868140220642,0.03085928224027157,0.07675345987081528,0.06514868140220642,0.03085928224027157
R1156_63,U,63,0.07898613065481186,0.07152750343084335,0.031770750880241394,0.07898613065481186,0.07152750343084335,0.031770750880241394,0.07898613065481186,0.07152750343084335,0.031770750880241394,0.07898613065481186,0.07152750343084335,0.031770750880241394,0.07898613065481186,0.07152750343084335,0.031770750880241394
R1156_64,C,64,0.0990760326385498,0.08131743967533112,0.026524173095822334,0.0990760326385498,0.08131743967533112,0.026524173095822334,0.0990760326385498,0.08131743967533112,0.026524173095822334,0.0990760326385498,0.08131743967533112,0.026524173095822334,0.0990760326385498,0.08131743967533112,0.026524173095822334
R1156_65,G,65,0.10627371817827225,0.09608876705169678,0.024185320362448692,0.10627371817827225,0.09608876705169678,0.024185320362448692,0.10627371817827225,0.09608876705169678,0.024185320362448692,0.10627371817827225,0.09608876705169678,0.024185320362448692,0.10627371817827225,0.09608876705169678,0.024185320362448692
R1156_66,G,66,0.12128062546253204,0.0778677761554718,0.02598349191248417,0.12128062546253204,0.0778677761554718,0.02598349191248417,0.12128062546253204,0.0778677761554718,0.02598349191248417,0.12128062546253204,0.0778677761554718,0.02598349191248417,0.12128062546253204,0.0778677761554718,0.02598349191248417
R1156_67,U,67,0.11447262018918991,0.05181823670864105,0.030166486278176308,0.11447262018918991,0.05181823670864105,0.030166486278176308,0.11447262018918991,0.05181823670864105,0.030166486278176308,0.11447262018918991,0.05181823670864105,0.030166486278176308,0.11447262018918991,0.05181823670864105,0.030166486278176308
R1156_68,G,68,0.1276012361049652,0.015331842005252838,0.03089134953916073,0.1276012361049652,0.015331842005252838,0.03089134953916073,0.1276012361049652,0.015331842005252838,0.03089134953916073,0.1276012361049652,0.015331842005252838,0.03089134953916073,0.1276012361049652,0.015331842005252838,0.03089134953916073
R1156_69,C,69,0.13986295461654663,-0.0038400087505578995,0.03430561721324921,0.13986295461654663,-0.0038400087505578995,0.03430561721324921,0.13986295461654663,-0.0038400087505578995,0.03430561721324921,0.13986295461654663,-0.0038400087505578995,0.03430561721324921,0.13986295461654663,-0.0038400087505578995,0.03430561721324921
R1156_70,A,70,0.1920851320028305,-0.010561695322394371,0.048921868205070496,0.1920851320028305,-0.010561695322394371,0.048921868205070496,0.1920851320028305,-0.010561695322394371,0.048921868205070496,0.1920851320028305,-0.010561695322394371,0.048921868205070496,0.1920851320028305,-0.010561695322394371,0.048921868205070496
R1156_71,C,71,0.174407497048378,0.04954961687326431,0.011728046461939812,0.174407497048378,0.04954961687326431,0.011728046461939812,0.174407497048378,0.04954961687326431,0.011728046461939812,0.174407497048378,0.04954961687326431,0.011728046461939812,0.174407497048378,0.04954961687326431,0.011728046461939812
R1156_72,A,72,0.26636362075805664,-0.00083155557513237,0.05786830186843872,0.26636362075805664,-0.00083155557513237,0.05786830186843872,0.26636362075805664,-0.00083155557513237,0.05786830186843872,0.26636362075805664,-0.00083155557513237,0.05786830186843872,0.26636362075805664,-0.00083155557513237,0.05786830186843872
R1156_73,U,73,0.11992432177066803,0.0400286540389061,0.03114747814834118,0.11992432177066803,0.0400286540389061,0.03114747814834118,0.11992432177066803,0.0400286540389061,0.03114747814834118,0.11992432177066803,0.0400286540389061,0.03114747814834118,0.11992432177066803,0.0400286540389061,0.03114747814834118
R1156_74,C,74,0.15632835030555725,-0.015500998124480247,0.037304364144802094,0.15632835030555725,-0.015500998124480247,0.037304364144802094,0.15632835030555725,-0.015500998124480247,0.037304364144802094,0.15632835030555725,-0.015500998124480247,0.037304364144802094,0.15632835030555725,-0.015500998124480247,0.037304364144802094
R1156_75,A,75,0.16228941082954407,-0.03779198229312897,0.06687389314174652,0.16228941082954407,-0.03779198229312897,0.06687389314174652,0.16228941082954407,-0.03779198229312897,0.06687389314174652,0.16228941082954407,-0.03779198229312897,0.06687389314174652,0.16228941082954407,-0.03779198229312897,0.06687389314174652
R1156_76,U,76,0.10773663222789764,0.05785227566957474,0.02629864402115345,0.10773663222789764,0.05785227566957474,0.02629864402115345,0.10773663222789764,0.05785227566957474,0.02629864402115345,0.10773663222789764,0.05785227566957474,0.02629864402115345,0.10773663222789764,0.05785227566957474,0.02629864402115345
R1156_77,G,77,0.1180885061621666,0.08234264701604843,0.021603038534522057,0.1180885061621666,0.08234264701604843,0.021603038534522057,0.1180885061621666,0.08234264701604843,0.021603038534522057,0.1180885061621666,0.08234264701604843,0.021603038534522057,0.1180885061621666,0.08234264701604843,0.021603038534522057
R1156_78,U,78,0.10560557246208191,0.08393526822328568,0.03111896477639675,0.10560557246208191,0.08393526822328568,0.03111896477639675,0.10560557246208191,0.08393526822328568,0.03111896477639675,0.10560557246208191,0.08393526822328568,0.03111896477639675,0.10560557246208191,0.08393526822328568,0.03111896477639675
R1156_79,C,79,0.13514108955860138,0.06201756000518799,0.02283790148794651,0.13514108955860138,0.06201756000518799,0.02283790148794651,0.13514108955860138,0.06201756000518799,0.02283790148794651,0.13514108955860138,0.06201756000518799,0.02283790148794651,0.13514108955860138,0.06201756000518799,0.02283790148794651
R1156_80,U,80,0.10352742671966553,0.05884644389152527,0.026969468221068382,0.10352742671966553,0.05884644389152527,0.026969468221068382,0.10352742671966553,0.05884644389152527,0.026969468221068382,0.10352742671966553,0.05884644389152527,0.026969468221068382,0.10352742671966553,0.05884644389152527,0.026969468221068382
R1156_81,U,81,0.10118276625871658,0.05678197741508484,0.029480235651135445,0.10118276625871658,0.05678197741508484,0.029480235651135445,0.10118276625871658,0.05678197741508484,0.029480235651135445,0.10118276625871658,0.05678197741508484,0.029480235651135445,0.10118276625871658,0.05678197741508484,0.029480235651135445
R1156_82,U,82,0.09907016158103943,0.07265676558017731,0.026430854573845863,0.09907016158103943,0.07265676558017731,0.026430854573845863,0.09907016158103943,0.07265676558017731,0.026430854573845863,0.09907016158103943,0.07265676558017731,0.026430854573845863,0.09907016158103943,0.07265676558017731,0.026430854573845863
R1156_83,C,83,0.12750765681266785,0.0982016921043396,0.008235665038228035,0.12750765681266785,0.0982016921043396,0.008235665038228035,0.12750765681266785,0.0982016921043396,0.008235665038228035,0.12750765681266785,0.0982016921043396,0.008235665038228035,0.12750765681266785,0.0982016921043396,0.008235665038228035
R1156_84,G,84,0.1243903636932373,0.10558347404003143,0.01061038114130497,0.1243903636932373,0.10558347404003143,0.01061038114130497,0.1243903636932373,0.10558347404003143,0.01061038114130497,0.1243903636932373,0.10558347404003143,0.01061038114130497,0.1243903636932373,0.10558347404003143,0.01061038114130497
R1156_85,U,85,0.11868975311517715,0.08541619032621384,0.015106404200196266,0.11868975311517715,0.08541619032621384,0.015106404200196266,0.11868975311517715,0.08541619032621384,0.015106404200196266,0.11868975311517715,0.08541619032621384,0.015106404200196266,0.11868975311517715,0.08541619032621384,0.015106404200196266
R1156_86,G,86,0.14587700366973877,0.042853325605392456,0.011206211522221565,0.14587700366973877,0.042853325605392456,0.011206211522221565,0.14587700366973877,0.042853325605392456,0.011206211522221565,0.14587700366973877,0.042853325605392456,0.011206211522221565,0.14587700366973877,0.042853325605392456,0.011206211522221565
R1156_87,G,87,0.13920924067497253,0.024784674867987633,0.00996481440961361,0.13920924067497253,0.024784674867987633,0.00996481440961361,0.13920924067497253,0.024784674867987633,0.00996481440961361,0.13920924067497253,0.024784674867987633,0.00996481440961361,0.13920924067497253,0.024784674867987633,0.00996481440961361
R1156_88,C,88,0.1560952514410019,0.01226569339632988,0.00639217346906662,0.1560952514410019,0.01226569339632988,0.00639217346906662,0.1560952514410019,0.01226569339632988,0.00639217346906662,0.1560952514410019,0.01226569339632988,0.00639217346906662,0.1560952514410019,0.01226569339632988,0.00639217346906662
R1156_89,U,89,0.11934706568717957,0.07893923670053482,0.005759211257100105,0.11934706568717957,0.07893923670053482,0.005759211257100105,0.11934706568717957,0.07893923670053482,0.005759211257100105,0.11934706568717957,0.07893923670053482,0.005759211257100105,0.11934706568717957,0.07893923670053482,0.005759211257100105
R1156_90,G,90,0.13931161165237427,0.08847558498382568,-0.007492667064070702,0.13931161165237427,0.08847558498382568,-0.007492667064070702,0.13931161165237427,0.08847558498382568,-0.007492667064070702,0.13931161165237427,0.08847558498382568,-0.007492667064070702,0.13931161165237427,0.08847558498382568,-0.007492667064070702
R1156_91,G,91,0.14259792864322662,0.06712938100099564,-0.004391251131892204,0.14259792864322662,0.06712938100099564,-0.004391251131892204,0.14259792864322662,0.06712938100099564,-0.004391251131892204,0.14259792864322662,0.06712938100099564,-0.004391251131892204,0.14259792864322662,0.06712938100099564,-0.004391251131892204
R1156_92,U,92,0.1253294199705124,0.04951181262731552,0.009335475042462349,0.1253294199705124,0.04951181262731552,0.009335475042462349,0.1253294199705124,0.04951181262731552,0.009335475042462349,0.1253294199705124,0.04951181262731552,0.009335475042462349,0.1253294199705124,0.04951181262731552,0.009335475042462349
R1156_93,G,93,0.13014379143714905,0.01930977590382099,0.009193232282996178,0.13014379143714905,0.01930977590382099,0.009193232282996178,0.13014379143714905,0.01930977590382099,0.009193232282996178,0.13014379143714905,0.01930977590382099,0.009193232282996178,0.13014379143714905,0.01930977590382099,0.009193232282996178
R1156_94,U,94,0.10315033048391342,0.05651622265577316,0.009327312931418419,0.10315033048391342,0.05651622265577316,0.009327312931418419,0.10315033048391342,0.05651622265577316,0.009327312931418419,0.10315033048391342,0.05651622265577316,0.009327312931418419,0.10315033048391342,0.05651622265577316,0.009327312931418419
R1156_95,G,95,0.1031157448887825,0.08469220250844955,-0.007420090958476067,0.1031157448887825,0.08469220250844955,-0.007420090958476067,0.1031157448887825,0.08469220250844955,-0.007420090958476067,0.1031157448887825,0.08469220250844955,-0.007420090958476067,0.1031157448887825,0.08469220250844955,-0.007420090958476067
R1156_96,G,96,0.10208084434270859,0.11679838597774506,-0.01021464541554451,0.10208084434270859,0.11679838597774506,-0.01021464541554451,0.10208084434270859,0.11679838597774506,-0.01021464541554451,0.10208084434270859,0.11679838597774506,-0.01021464541554451,0.10208084434270859,0.11679838597774506,-0.01021464541554451
R1156_97,C,97,0.11502735316753387,0.1119963750243187,-0.01600963994860649,0.11502735316753387,0.1119963750243187,-0.01600963994860649,0.11502735316753387,0.1119963750243187,-0.01600963994860649,0.11502735316753387,0.1119963750243187,-0.01600963994860649,0.11502735316753387,0.1119963750243187,-0.01600963994860649
R1156_98,U,98,0.08736798167228699,0.09787188470363617,0.00627870112657547,0.08736798167228699,0.09787188470363617,0.00627870112657547,0.08736798167228699,0.09787188470363617,0.00627870112657547,0.08736798167228699,0.09787188470363617,0.00627870112657547,0.08736798167228699,0.09787188470363617,0.00627870112657547
R1156_99,C,99,0.09714829176664352,0.07036978006362915,0.0029149912297725677,0.09714829176664352,0.07036978006362915,0.0029149912297725677,0.09714829176664352,0.07036978006362915,0.0029149912297725677,0.09714829176664352,0.07036978006362915,0.0029149912297725677,0.09714829176664352,0.07036978006362915,0.0029149912297725677
R1156_100,C,100,0.07914140820503235,0.07734767347574234,0.0011005252599716187,0.07914140820503235,0.07734767347574234,0.0011005252599716187,0.07914140820503235,0.07734767347574234,0.0011005252599716187,0.07914140820503235,0.07734767347574234,0.0011005252599716187,0.07914140820503235,0.07734767347574234,0.0011005252599716187
R1156_101,U,101,0.0726490169763565,0.10621665418148041,0.010906046256422997,0.0726490169763565,0.10621665418148041,0.010906046256422997,0.0726490169763565,0.10621665418148041,0.010906046256422997,0.0726490169763565,0.10621665418148041,0.010906046256422997,0.0726490169763565,0.10621665418148041,0.010906046256422997
R1156_102,C,102,0.08017735183238983,0.1422070413827896,-0.003682473674416542,0.08017735183238983,0.1422070413827896,-0.003682473674416542,0.08017735183238983,0.1422070413827896,-0.003682473674416542,0.08017735183238983,0.1422070413827896,-0.003682473674416542,0.08017735183238983,0.1422070413827896,-0.003682473674416542
R1156_103,A,103,0.11181720346212387,0.136575385928154,0.004267193377017975,0.11181720346212387,0.136575385928154,0.004267193377017975,0.11181720346212387,0.136575385928154,0.004267193377017975,0.11181720346212387,0.136575385928154,0.004267193377017975,0.11181720346212387,0.136575385928154,0.004267193377017975
R1156_104,A,104,0.1308671087026596,0.09620696306228638,0.019247760996222496,0.1308671087026596,0.09620696306228638,0.019247760996222496,0.1308671087026596,0.09620696306228638,0.019247760996222496,0.1308671087026596,0.09620696306228638,0.019247760996222496,0.1308671087026596,0.09620696306228638,0.019247760996222496
R1156_105,G,105,0.1066712960600853,0.08263041079044342,-0.007916172035038471,0.1066712960600853,0.08263041079044342,-0.007916172035038471,0.1066712960600853,0.08263041079044342,-0.007916172035038471,0.1066712960600853,0.08263041079044342,-0.007916172035038471,0.1066712960600853,0.08263041079044342,-0.007916172035038471
R1156_106,G,106,0.10558698326349258,0.06933120638132095,-0.010102732107043266,0.10558698326349258,0.06933120638132095,-0.010102732107043266,0.10558698326349258,0.06933120638132095,-0.010102732107043266,0.10558698326349258,0.06933120638132095,-0.010102732107043266,0.10558698326349258,0.06933120638132095,-0.010102732107043266
R1156_107,U,107,0.0914490818977356,0.08496641367673874,-0.0010313894599676132,0.0914490818977356,0.08496641367673874,-0.0010313894599676132,0.0914490818977356,0.08496641367673874,-0.0010313894599676132,0.0914490818977356,0.08496641367673874,-0.0010313894599676132,0.0914490818977356,0.08496641367673874,-0.0010313894599676132
R1156_108,G,108,0.10175783187150955,0.11205767840147018,-0.016417980194091797,0.10175783187150955,0.11205767840147018,-0.016417980194091797,0.10175783187150955,0.11205767840147018,-0.016417980194091797,0.10175783187150955,0.11205767840147018,-0.016417980194091797,0.10175783187150955,0.11205767840147018,-0.016417980194091797
R1156_109,C,109,0.12948961555957794,0.10271117091178894,-0.030590355396270752,0.12948961555957794,0.10271117091178894,-0.030590355396270752,0.12948961555957794,0.10271117091178894,-0.030590355396270752,0.12948961555957794,0.10271117091178894,-0.030590355396270752,0.12948961555957794,0.10271117091178894,-0.030590355396270752
R1156_110,G,110,0.11703857034444809,0.08034221082925797,-0.016254106536507607,0.11703857034444809,0.08034221082925797,-0.016254106536507607,0.11703857034444809,0.08034221082925797,-0.016254106536507607,0.11703857034444809,0.08034221082925797,-0.016254106536507607,0.11703857034444809,0.08034221082925797,-0.016254106536507607
R1156_111,A,111,0.17596553266048431,-0.027375461533665657,0.010871859267354012,0.17596553266048431,-0.027375461533665657,0.010871859267354012,0.17596553266048431,-0.027375461533665657,0.010871859267354012,0.17596553266048431,-0.027375461533665657,0.010871859267354012,0.17596553266048431,-0.027375461533665657,0.010871859267354012
R1156_112,G,112,0.1039024293422699,0.03480168431997299,-0.010041296482086182,0.1039024293422699,0.03480168431997299,-0.010041296482086182,0.1039024293422699,0.03480168431997299,-0.010041296482086182,0.1039024293422699,0.03480168431997299,-0.010041296482086182,0.1039024293422699,0.03480168431997299,-0.010041296482086182
R1156_113,G,113,0.09624948352575302,0.044565051794052124,-0.003053305670619011,0.09624948352575302,0.044565051794052124,-0.003053305670619011,0.09624948352575302,0.044565051794052124,-0.003053305670619011,0.09624948352575302,0.044565051794052124,-0.003053305670619011,0.09624948352575302,0.044565051794052124,-0.003053305670619011
R1156_114,G,114,0.09313316643238068,0.07391000539064407,-0.004169754683971405,0.09313316643238068,0.07391000539064407,-0.004169754683971405,0.09313316643238068,0.07391000539064407,-0.004169754683971405,0.09313316643238068,0.07391000539064407,-0.004169754683971405,0.09313316643238068,0.07391000539064407,-0.004169754683971405
R1156_115,G,115,0.09260459989309311,0.09187733381986618,-0.004585741087794304,0.09260459989309311,0.09187733381986618,-0.004585741087794304,0.09260459989309311,0.09187733381986618,-0.004585741087794304,0.09260459989309311,0.09187733381986618,-0.004585741087794304,0.09260459989309311,0.09187733381986618,-0.004585741087794304
R1156_116,C,116,0.12208263576030731,0.07233794778585434,-0.010841693729162216,0.12208263576030731,0.07233794778585434,-0.010841693729162216,0.12208263576030731,0.07233794778585434,-0.010841693729162216,0.12208263576030731,0.07233794778585434,-0.010841693729162216,0.12208263576030731,0.07233794778585434,-0.010841693729162216
R1156_117,A,117,0.13573968410491943,0.013193193823099136,0.010165730491280556,0.13573968410491943,0.013193193823099136,0.010165730491280556,0.13573968410491943,0.013193193823099136,0.010165730491280556,0.13573968410491943,0.013193193823099136,0.010165730491280556,0.13573968410491943,0.013193193823099136,0.010165730491280556
R1156_118,A,118,0.09328023344278336,0.018173977732658386,0.024595478549599648,0.09328023344278336,0.018173977732658386,0.024595478549599648,0.09328023344278336,0.018173977732658386,0.024595478549599648,0.09328023344278336,0.018173977732658386,0.024595478549599648,0.09328023344278336,0.018173977732658386,0.024595478549599648
R1156_119,G,119,0.07578874379396439,0.055100955069065094,0.014977725222706795,0.07578874379396439,0.055100955069065094,0.014977725222706795,0.07578874379396439,0.055100955069065094,0.014977725222706795,0.07578874379396439,0.055100955069065094,0.014977725222706795,0.07578874379396439,0.055100955069065094,0.014977725222706795
R1156_120,U,120,0.07060816138982773,0.085568867623806,0.01856188289821148,0.07060816138982773,0.085568867623806,0.01856188289821148,0.07060816138982773,0.085568867623806,0.01856188289821148,0.07060816138982773,0.085568867623806,0.01856188289821148,0.07060816138982773,0.085568867623806,0.01856188289821148
R1156_121,A,121,0.10277958959341049,0.06412231922149658,0.025862546637654305,0.10277958959341049,0.06412231922149658,0.025862546637654305,0.10277958959341049,0.06412231922149658,0.025862546637654305,0.10277958959341049,0.06412231922149658,0.025862546637654305,0.10277958959341049,0.06412231922149658,0.025862546637654305
R1156_122,U,122,0.08144227415323257,0.11026342213153839,0.010419776663184166,0.08144227415323257,0.11026342213153839,0.010419776663184166,0.08144227415323257,0.11026342213153839,0.010419776663184166,0.08144227415323257,0.11026342213153839,0.010419776663184166,0.08144227415323257,0.11026342213153839,0.010419776663184166
R1156_123,A,123,0.13231757283210754,0.0354161262512207,0.02234218828380108,0.13231757283210754,0.0354161262512207,0.02234218828380108,0.13231757283210754,0.0354161262512207,0.02234218828380108,0.13231757283210754,0.0354161262512207,0.02234218828380108,0.13231757283210754,0.0354161262512207,0.02234218828380108
R1156_124,G,124,0.10122641921043396,0.055096276104450226,0.0047555528581142426,0.10122641921043396,0.055096276104450226,0.0047555528581142426,0.10122641921043396,0.055096276104450226,0.0047555528581142426,0.10122641921043396,0.055096276104450226,0.0047555528581142426,0.10122641921043396,0.055096276104450226,0.0047555528581142426
R1156_125,A,125,0.10767680406570435,0.022257989272475243,0.022297212854027748,0.10767680406570435,0.022257989272475243,0.022297212854027748,0.10767680406570435,0.022257989272475243,0.022297212854027748,0.10767680406570435,0.022257989272475243,0.022297212854027748,0.10767680406570435,0.022257989272475243,0.022297212854027748
R1156_126,G,126,0.0975981280207634,0.06484697759151459,0.0048675984144210815,0.0975981280207634,0.06484697759151459,0.0048675984144210815,0.0975981280207634,0.06484697759151459,0.0048675984144210815,0.0975981280207634,0.06484697759151459,0.0048675984144210815,0.0975981280207634,0.06484697759151459,0.0048675984144210815
R1156_127,C,127,0.12537182867527008,0.07152294367551804,-0.00395566038787365,0.12537182867527008,0.07152294367551804,-0.00395566038787365,0.12537182867527008,0.07152294367551804,-0.00395566038787365,0.12537182867527008,0.07152294367551804,-0.00395566038787365,0.12537182867527008,0.07152294367551804,-0.00395566038787365
R1156_128,A,128,0.17538975179195404,0.020640309900045395,0.0021506473422050476,0.17538975179195404,0.020640309900045395,0.0021506473422050476,0.17538975179195404,0.020640309900045395,0.0021506473422050476,0.17538975179195404,0.020640309900045395,0.0021506473422050476,0.17538975179195404,0.020640309900045395,0.0021506473422050476
R1156_129,G,129,0.12373027205467224,0.04517051950097084,0.006444752216339111,0.12373027205467224,0.04517051950097084,0.006444752216339111,0.12373027205467224,0.04517051950097084,0.006444752216339111,0.12373027205467224,0.04517051950097084,0.006444752216339111,0.12373027205467224,0.04517051950097084,0.006444752216339111
R1156_130,A,130,0.18209335207939148,-0.041961364448070526,0.06628020852804184,0.18209335207939148,-0.041961364448070526,0.06628020852804184,0.18209335207939148,-0.041961364448070526,0.06628020852804184,0.18209335207939148,-0.041961364448070526,0.06628020852804184,0.18209335207939148,-0.041961364448070526,0.06628020852804184
R1156_131,G,131,0.11724470555782318,0.006545404903590679,0.016888709738850594,0.11724470555782318,0.006545404903590679,0.016888709738850594,0.11724470555782318,0.006545404903590679,0.016888709738850594,0.11724470555782318,0.006545404903590679,0.016888709738850594,0.11724470555782318,0.006545404903590679,0.016888709738850594
R1156_132,C,132,0.12518702447414398,0.015967505052685738,0.007725626230239868,0.12518702447414398,0.015967505052685738,0.007725626230239868,0.12518702447414398,0.015967505052685738,0.007725626230239868,0.12518702447414398,0.015967505052685738,0.007725626230239868,0.12518702447414398,0.015967505052685738,0.007725626230239868
R1156_133,U,133,0.1072828397154808,0.06474293768405914,0.01201070286333561,0.1072828397154808,0.06474293768405914,0.01201070286333561,0.1072828397154808,0.06474293768405914,0.01201070286333561,0.1072828397154808,0.06474293768405914,0.01201070286333561,0.1072828397154808,0.06474293768405914,0.01201070286333561
R1156_134,C,134,0.13705037534236908,0.0770520567893982,-0.007401101291179657,0.13705037534236908,0.0770520567893982,-0.007401101291179657,0.13705037534236908,0.0770520567893982,-0.007401101291179657,0.13705037534236908,0.0770520567893982,-0.007401101291179657,0.13705037534236908,0.0770520567893982,-0.007401101291179657
R1156_135,C,135,0.13850565254688263,0.0637199655175209,0.00045964308083057404,0.13850565254688263,0.0637199655175209,0.00045964308083057404,0.13850565254688263,0.0637199655175209,0.00045964308083057404,0.13850565254688263,0.0637199655175209,0.00045964308083057404,0.13850565254688263,0.0637199655175209,0.00045964308083057404
R1189_1,G,1,0.03463709354400635,0.0576765313744545,0.044351428747177124,0.03463709354400635,0.0576765313744545,0.044351428747177124,0.03463709354400635,0.0576765313744545,0.044351428747177124,0.03463709354400635,0.0576765313744545,0.044351428747177124,0.03463709354400635,0.0576765313744545,0.044351428747177124
R1189_2,C,2,0.026972994208335876,0.0624808743596077,0.042832694947719574,0.026972994208335876,0.0624808743596077,0.042832694947719574,0.026972994208335876,0.0624808743596077,0.042832694947719574,0.026972994208335876,0.0624808743596077,0.042832694947719574,0.026972994208335876,0.0624808743596077,0.042832694947719574
R1189_3,G,3,0.04166511818766594,0.07159401476383209,0.04597914218902588,0.04166511818766594,0.07159401476383209,0.04597914218902588,0.04166511818766594,0.07159401476383209,0.04597914218902588,0.04166511818766594,0.07159401476383209,0.04597914218902588,0.04166511818766594,0.07159401476383209,0.04597914218902588
R1189_4,U,4,0.05585756525397301,0.053544871509075165,0.0444839745759964,0.05585756525397301,0.053544871509075165,0.0444839745759964,0.05585756525397301,0.053544871509075165,0.0444839745759964,0.05585756525397301,0.053544871509075165,0.0444839745759964,0.05585756525397301,0.053544871509075165,0.0444839745759964
R1189_5,A,5,0.0938890352845192,-0.0022827833890914917,0.030068984255194664,0.0938890352845192,-0.0022827833890914917,0.030068984255194664,0.0938890352845192,-0.0022827833890914917,0.030068984255194664,0.0938890352845192,-0.0022827833890914917,0.030068984255194664,0.0938890352845192,-0.0022827833890914917,0.030068984255194664
R1189_6,C,6,0.0650191381573677,-0.010884253308176994,0.052509114146232605,0.0650191381573677,-0.010884253308176994,0.052509114146232605,0.0650191381573677,-0.010884253308176994,0.052509114146232605,0.0650191381573677,-0.010884253308176994,0.052509114146232605,0.0650191381573677,-0.010884253308176994,0.052509114146232605
R1189_7,A,7,0.08041495084762573,-0.02754373289644718,0.057870782911777496,0.08041495084762573,-0.02754373289644718,0.057870782911777496,0.08041495084762573,-0.02754373289644718,0.057870782911777496,0.08041495084762573,-0.02754373289644718,0.057870782911777496,0.08041495084762573,-0.02754373289644718,0.057870782911777496
R1189_8,G,8,0.07441238313913345,0.03889673948287964,0.05153176933526993,0.07441238313913345,0.03889673948287964,0.05153176933526993,0.07441238313913345,0.03889673948287964,0.05153176933526993,0.07441238313913345,0.03889673948287964,0.05153176933526993,0.07441238313913345,0.03889673948287964,0.05153176933526993
R1189_9,G,9,0.07873828709125519,0.032098401337862015,0.05132193863391876,0.07873828709125519,0.032098401337862015,0.05132193863391876,0.07873828709125519,0.032098401337862015,0.05132193863391876,0.07873828709125519,0.032098401337862015,0.05132193863391876,0.07873828709125519,0.032098401337862015,0.05132193863391876
R1189_10,G,10,0.08722760528326035,0.009700133465230465,0.05244504660367966,0.08722760528326035,0.009700133465230465,0.05244504660367966,0.08722760528326035,0.009700133465230465,0.05244504660367966,0.08722760528326035,0.009700133465230465,0.05244504660367966,0.08722760528326035,0.009700133465230465,0.05244504660367966
R1189_11,A,11,0.12541529536247253,-0.0785747841000557,0.12950199842453003,0.12541529536247253,-0.0785747841000557,0.12950199842453003,0.12541529536247253,-0.0785747841000557,0.12950199842453003,0.12541529536247253,-0.0785747841000557,0.12950199842453003,0.12541529536247253,-0.0785747841000557,0.12950199842453003
R1189_12,A,12,0.0974046140909195,-0.08809324353933334,0.10856709629297256,0.0974046140909195,-0.08809324353933334,0.10856709629297256,0.0974046140909195,-0.08809324353933334,0.10856709629297256,0.0974046140909195,-0.08809324353933334,0.10856709629297256,0.0974046140909195,-0.08809324353933334,0.10856709629297256
R1189_13,C,13,0.07975950837135315,-0.015609188005328178,0.06874368339776993,0.07975950837135315,-0.015609188005328178,0.06874368339776993,0.07975950837135315,-0.015609188005328178,0.06874368339776993,0.07975950837135315,-0.015609188005328178,0.06874368339776993,0.07975950837135315,-0.015609188005328178,0.06874368339776993
R1189_14,A,14,0.08169703930616379,-0.032478347420692444,0.09097228944301605,0.08169703930616379,-0.032478347420692444,0.09097228944301605,0.08169703930616379,-0.032478347420692444,0.09097228944301605,0.08169703930616379,-0.032478347420692444,0.09097228944301605,0.08169703930616379,-0.032478347420692444,0.09097228944301605
R1189_15,C,15,0.06904691457748413,0.029260091483592987,0.06804919242858887,0.06904691457748413,0.029260091483592987,0.06804919242858887,0.06904691457748413,0.029260091483592987,0.06804919242858887,0.06904691457748413,0.029260091483592987,0.06804919242858887,0.06904691457748413,0.029260091483592987,0.06804919242858887
R1189_16,G,16,0.06400707364082336,0.029730983078479767,0.06154107302427292,0.06400707364082336,0.029730983078479767,0.06154107302427292,0.06400707364082336,0.029730983078479767,0.06154107302427292,0.06400707364082336,0.029730983078479767,0.06154107302427292,0.06400707364082336,0.029730983078479767,0.06154107302427292
R1189_17,C,17,0.060260284692049026,-0.0145112294703722,0.07602395117282867,0.060260284692049026,-0.0145112294703722,0.07602395117282867,0.060260284692049026,-0.0145112294703722,0.07602395117282867,0.060260284692049026,-0.0145112294703722,0.07602395117282867,0.060260284692049026,-0.0145112294703722,0.07602395117282867
R1189_18,A,18,0.03724605217576027,-0.05726901441812515,0.11135097593069077,0.03724605217576027,-0.05726901441812515,0.11135097593069077,0.03724605217576027,-0.05726901441812515,0.11135097593069077,0.03724605217576027,-0.05726901441812515,0.11135097593069077,0.03724605217576027,-0.05726901441812515,0.11135097593069077
R1189_19,A,19,0.040746644139289856,-0.041982077062129974,0.07914680242538452,0.040746644139289856,-0.041982077062129974,0.07914680242538452,0.040746644139289856,-0.041982077062129974,0.07914680242538452,0.040746644139289856,-0.041982077062129974,0.07914680242538452,0.040746644139289856,-0.041982077062129974,0.07914680242538452
R1189_20,C,20,0.051198188215494156,0.04084198549389839,0.05019323527812958,0.051198188215494156,0.04084198549389839,0.05019323527812958,0.051198188215494156,0.04084198549389839,0.05019323527812958,0.051198188215494156,0.04084198549389839,0.05019323527812958,0.051198188215494156,0.04084198549389839,0.05019323527812958
R1189_21,C,21,0.05178738385438919,0.07057187706232071,0.05273186415433884,0.05178738385438919,0.07057187706232071,0.05273186415433884,0.05178738385438919,0.07057187706232071,0.05273186415433884,0.05178738385438919,0.07057187706232071,0.05273186415433884,0.05178738385438919,0.07057187706232071,0.05273186415433884
R1189_22,C,22,0.06211954355239868,0.05918511748313904,0.05164366960525513,0.06211954355239868,0.05918511748313904,0.05164366960525513,0.06211954355239868,0.05918511748313904,0.05164366960525513,0.06211954355239868,0.05918511748313904,0.05164366960525513,0.06211954355239868,0.05918511748313904,0.05164366960525513
R1189_23,C,23,0.07821506261825562,0.023464513942599297,0.05545932799577713,0.07821506261825562,0.023464513942599297,0.05545932799577713,0.07821506261825562,0.023464513942599297,0.05545932799577713,0.07821506261825562,0.023464513942599297,0.05545932799577713,0.07821506261825562,0.023464513942599297,0.05545932799577713
R1189_24,G,24,0.08190372586250305,0.01692504808306694,0.03982152044773102,0.08190372586250305,0.01692504808306694,0.03982152044773102,0.08190372586250305,0.01692504808306694,0.03982152044773102,0.08190372586250305,0.01692504808306694,0.03982152044773102,0.08190372586250305,0.01692504808306694,0.03982152044773102
R1189_25,A,25,0.09772422909736633,2.390146255493164e-05,0.03813821077346802,0.09772422909736633,2.390146255493164e-05,0.03813821077346802,0.09772422909736633,2.390146255493164e-05,0.03813821077346802,0.09772422909736633,2.390146255493164e-05,0.03813821077346802,0.09772422909736633,2.390146255493164e-05,0.03813821077346802
R1189_26,A,26,0.09261725842952728,0.033535417169332504,0.04796861857175827,0.09261725842952728,0.033535417169332504,0.04796861857175827,0.09261725842952728,0.033535417169332504,0.04796861857175827,0.09261725842952728,0.033535417169332504,0.04796861857175827,0.09261725842952728,0.033535417169332504,0.04796861857175827
R1189_27,G,27,0.08423396944999695,0.07392279803752899,0.03684195131063461,0.08423396944999695,0.07392279803752899,0.03684195131063461,0.08423396944999695,0.07392279803752899,0.03684195131063461,0.08423396944999695,0.07392279803752899,0.03684195131063461,0.08423396944999695,0.07392279803752899,0.03684195131063461
R1189_28,G,28,0.09340658038854599,0.05583705008029938,0.03491216152906418,0.09340658038854599,0.05583705008029938,0.03491216152906418,0.09340658038854599,0.05583705008029938,0.03491216152906418,0.09340658038854599,0.05583705008029938,0.03491216152906418,0.09340658038854599,0.05583705008029938,0.03491216152906418
R1189_29,A,29,0.12403520196676254,-0.058823369443416595,0.1058579608798027,0.12403520196676254,-0.058823369443416595,0.1058579608798027,0.12403520196676254,-0.058823369443416595,0.1058579608798027,0.12403520196676254,-0.058823369443416595,0.1058579608798027,0.12403520196676254,-0.058823369443416595,0.1058579608798027
R1189_30,U,30,0.09523908793926239,0.013417673297226429,0.03973192721605301,0.09523908793926239,0.013417673297226429,0.03973192721605301,0.09523908793926239,0.013417673297226429,0.03973192721605301,0.09523908793926239,0.013417673297226429,0.03973192721605301,0.09523908793926239,0.013417673297226429,0.03973192721605301
R1189_31,C,31,0.09573012590408325,-0.030524274334311485,0.05318933725357056,0.09573012590408325,-0.030524274334311485,0.05318933725357056,0.09573012590408325,-0.030524274334311485,0.05318933725357056,0.09573012590408325,-0.030524274334311485,0.05318933725357056,0.09573012590408325,-0.030524274334311485,0.05318933725357056
R1189_32,G,32,0.07944713532924652,0.03732342645525932,0.03498517721891403,0.07944713532924652,0.03732342645525932,0.03498517721891403,0.07944713532924652,0.03732342645525932,0.03498517721891403,0.07944713532924652,0.03732342645525932,0.03498517721891403,0.07944713532924652,0.03732342645525932,0.03498517721891403
R1189_33,G,33,0.06824605911970139,0.06935929507017136,0.029169118031859398,0.06824605911970139,0.06935929507017136,0.029169118031859398,0.06824605911970139,0.06935929507017136,0.029169118031859398,0.06824605911970139,0.06935929507017136,0.029169118031859398,0.06824605911970139,0.06935929507017136,0.029169118031859398
R1189_34,G,34,0.06393364816904068,0.07220152020454407,0.03416676074266434,0.06393364816904068,0.07220152020454407,0.03416676074266434,0.06393364816904068,0.07220152020454407,0.03416676074266434,0.06393364816904068,0.07220152020454407,0.03416676074266434,0.06393364816904068,0.07220152020454407,0.03416676074266434
R1189_35,G,35,0.061582405120134354,0.049952954053878784,0.039004646241664886,0.061582405120134354,0.049952954053878784,0.039004646241664886,0.061582405120134354,0.049952954053878784,0.039004646241664886,0.061582405120134354,0.049952954053878784,0.039004646241664886,0.061582405120134354,0.049952954053878784,0.039004646241664886
R1189_36,A,36,0.03643811121582985,-0.02829149179160595,0.08100245893001556,0.03643811121582985,-0.02829149179160595,0.08100245893001556,0.03643811121582985,-0.02829149179160595,0.08100245893001556,0.03643811121582985,-0.02829149179160595,0.08100245893001556,0.03643811121582985,-0.02829149179160595,0.08100245893001556
R1189_37,A,37,0.027733445167541504,-0.008960345759987831,0.05443476140499115,0.027733445167541504,-0.008960345759987831,0.05443476140499115,0.027733445167541504,-0.008960345759987831,0.05443476140499115,0.027733445167541504,-0.008960345759987831,0.05443476140499115,0.027733445167541504,-0.008960345759987831,0.05443476140499115
R1189_38,G,38,0.04293426126241684,0.06497487425804138,0.029665609821677208,0.04293426126241684,0.06497487425804138,0.029665609821677208,0.04293426126241684,0.06497487425804138,0.029665609821677208,0.04293426126241684,0.06497487425804138,0.029665609821677208,0.04293426126241684,0.06497487425804138,0.029665609821677208
R1189_39,G,39,0.0387866236269474,0.09862367808818817,0.02664349041879177,0.0387866236269474,0.09862367808818817,0.02664349041879177,0.0387866236269474,0.09862367808818817,0.02664349041879177,0.0387866236269474,0.09862367808818817,0.02664349041879177,0.0387866236269474,0.09862367808818817,0.02664349041879177
R1189_40,G,40,0.03458652272820473,0.11999337375164032,0.027901140972971916,0.03458652272820473,0.11999337375164032,0.027901140972971916,0.03458652272820473,0.11999337375164032,0.027901140972971916,0.03458652272820473,0.11999337375164032,0.027901140972971916,0.03458652272820473,0.11999337375164032,0.027901140972971916
R1189_41,A,41,0.026722010225057602,0.09240549057722092,0.0654563307762146,0.026722010225057602,0.09240549057722092,0.0654563307762146,0.026722010225057602,0.09240549057722092,0.0654563307762146,0.026722010225057602,0.09240549057722092,0.0654563307762146,0.026722010225057602,0.09240549057722092,0.0654563307762146
R1189_42,C,42,0.05541840195655823,0.07095746695995331,0.034507542848587036,0.05541840195655823,0.07095746695995331,0.034507542848587036,0.05541840195655823,0.07095746695995331,0.034507542848587036,0.05541840195655823,0.07095746695995331,0.034507542848587036,0.05541840195655823,0.07095746695995331,0.034507542848587036
R1189_43,G,43,0.0598505400121212,0.06483181565999985,0.027135731652379036,0.0598505400121212,0.06483181565999985,0.027135731652379036,0.0598505400121212,0.06483181565999985,0.027135731652379036,0.0598505400121212,0.06483181565999985,0.027135731652379036,0.0598505400121212,0.06483181565999985,0.027135731652379036
R1189_44,U,44,0.0592927485704422,0.07777006924152374,0.03029344417154789,0.0592927485704422,0.07777006924152374,0.03029344417154789,0.0592927485704422,0.07777006924152374,0.03029344417154789,0.0592927485704422,0.07777006924152374,0.03029344417154789,0.0592927485704422,0.07777006924152374,0.03029344417154789
R1189_45,C,45,0.05511290580034256,0.08457919955253601,0.03915208578109741,0.05511290580034256,0.08457919955253601,0.03915208578109741,0.05511290580034256,0.08457919955253601,0.03915208578109741,0.05511290580034256,0.08457919955253601,0.03915208578109741,0.05511290580034256,0.08457919955253601,0.03915208578109741
R1189_46,G,46,0.07078313827514648,0.1080506443977356,0.025763830170035362,0.07078313827514648,0.1080506443977356,0.025763830170035362,0.07078313827514648,0.1080506443977356,0.025763830170035362,0.07078313827514648,0.1080506443977356,0.025763830170035362,0.07078313827514648,0.1080506443977356,0.025763830170035362
R1189_47,C,47,0.09000065177679062,0.07873094081878662,0.03134092688560486,0.09000065177679062,0.07873094081878662,0.03134092688560486,0.09000065177679062,0.07873094081878662,0.03134092688560486,0.09000065177679062,0.07873094081878662,0.03134092688560486,0.09000065177679062,0.07873094081878662,0.03134092688560486
R1189_48,C,48,0.10581018030643463,0.024165000766515732,0.02905433066189289,0.10581018030643463,0.024165000766515732,0.02905433066189289,0.10581018030643463,0.024165000766515732,0.02905433066189289,0.10581018030643463,0.024165000766515732,0.02905433066189289,0.10581018030643463,0.024165000766515732,0.02905433066189289
R1189_49,A,49,0.10757479071617126,-0.015030069276690483,0.01031612791121006,0.10757479071617126,-0.015030069276690483,0.01031612791121006,0.10757479071617126,-0.015030069276690483,0.01031612791121006,0.10757479071617126,-0.015030069276690483,0.01031612791121006,0.10757479071617126,-0.015030069276690483,0.01031612791121006
R1189_50,G,50,0.08387292921543121,0.03284110128879547,0.020129548385739326,0.08387292921543121,0.03284110128879547,0.020129548385739326,0.08387292921543121,0.03284110128879547,0.020129548385739326,0.08387292921543121,0.03284110128879547,0.020129548385739326,0.08387292921543121,0.03284110128879547,0.020129548385739326
R1189_51,G,51,0.08024580776691437,0.056291043758392334,0.017297687008976936,0.08024580776691437,0.056291043758392334,0.017297687008976936,0.08024580776691437,0.056291043758392334,0.017297687008976936,0.08024580776691437,0.056291043758392334,0.017297687008976936,0.08024580776691437,0.056291043758392334,0.017297687008976936
R1189_52,G,52,0.08286333829164505,0.07888946682214737,0.013825936242938042,0.08286333829164505,0.07888946682214737,0.013825936242938042,0.08286333829164505,0.07888946682214737,0.013825936242938042,0.08286333829164505,0.07888946682214737,0.013825936242938042,0.08286333829164505,0.07888946682214737,0.013825936242938042
R1189_53,A,53,0.16258604824543,-0.041685380041599274,-0.006504504010081291,0.16258604824543,-0.041685380041599274,-0.006504504010081291,0.16258604824543,-0.041685380041599274,-0.006504504010081291,0.16258604824543,-0.041685380041599274,-0.006504504010081291,0.16258604824543,-0.041685380041599274,-0.006504504010081291
R1189_54,G,54,0.08381858468055725,0.04293107986450195,0.02648072876036167,0.08381858468055725,0.04293107986450195,0.02648072876036167,0.08381858468055725,0.04293107986450195,0.02648072876036167,0.08381858468055725,0.04293107986450195,0.02648072876036167,0.08381858468055725,0.04293107986450195,0.02648072876036167
R1189_55,G,55,0.07713761925697327,0.025484878569841385,0.023995360359549522,0.07713761925697327,0.025484878569841385,0.023995360359549522,0.07713761925697327,0.025484878569841385,0.023995360359549522,0.07713761925697327,0.025484878569841385,0.023995360359549522,0.07713761925697327,0.025484878569841385,0.023995360359549522
R1189_56,C,56,0.07276961207389832,-0.01343785785138607,0.03237029165029526,0.07276961207389832,-0.01343785785138607,0.03237029165029526,0.07276961207389832,-0.01343785785138607,0.03237029165029526,0.07276961207389832,-0.01343785785138607,0.03237029165029526,0.07276961207389832,-0.01343785785138607,0.03237029165029526
R1189_57,G,57,0.06828971207141876,0.04677435755729675,0.033924125134944916,0.06828971207141876,0.04677435755729675,0.033924125134944916,0.06828971207141876,0.04677435755729675,0.033924125134944916,0.06828971207141876,0.04677435755729675,0.033924125134944916,0.06828971207141876,0.04677435755729675,0.033924125134944916
R1189_58,A,58,0.10818805545568466,-0.010069482028484344,0.04772584140300751,0.10818805545568466,-0.010069482028484344,0.04772584140300751,0.10818805545568466,-0.010069482028484344,0.04772584140300751,0.10818805545568466,-0.010069482028484344,0.04772584140300751,0.10818805545568466,-0.010069482028484344,0.04772584140300751
R1189_59,U,59,0.06874652951955795,0.09859437495470047,0.033421434462070465,0.06874652951955795,0.09859437495470047,0.033421434462070465,0.06874652951955795,0.09859437495470047,0.033421434462070465,0.06874652951955795,0.09859437495470047,0.033421434462070465,0.06874652951955795,0.09859437495470047,0.033421434462070465
R1189_60,U,60,0.07128821313381195,0.08837119489908218,0.033375777304172516,0.07128821313381195,0.08837119489908218,0.033375777304172516,0.07128821313381195,0.08837119489908218,0.033375777304172516,0.07128821313381195,0.08837119489908218,0.033375777304172516,0.07128821313381195,0.08837119489908218,0.033375777304172516
R1189_61,C,61,0.09946288913488388,0.038985755294561386,0.0317612960934639,0.09946288913488388,0.038985755294561386,0.0317612960934639,0.09946288913488388,0.038985755294561386,0.0317612960934639,0.09946288913488388,0.038985755294561386,0.0317612960934639,0.09946288913488388,0.038985755294561386,0.0317612960934639
R1189_62,C,62,0.08856645971536636,0.030813196673989296,0.034912109375,0.08856645971536636,0.030813196673989296,0.034912109375,0.08856645971536636,0.030813196673989296,0.034912109375,0.08856645971536636,0.030813196673989296,0.034912109375,0.08856645971536636,0.030813196673989296,0.034912109375
R1189_63,A,63,0.0842832401394844,-0.0005613863468170166,0.06608166545629501,0.0842832401394844,-0.0005613863468170166,0.06608166545629501,0.0842832401394844,-0.0005613863468170166,0.06608166545629501,0.0842832401394844,-0.0005613863468170166,0.06608166545629501,0.0842832401394844,-0.0005613863468170166,0.06608166545629501
R1189_64,U,64,0.08444564789533615,0.08661805838346481,0.03040091134607792,0.08444564789533615,0.08661805838346481,0.03040091134607792,0.08444564789533615,0.08661805838346481,0.03040091134607792,0.08444564789533615,0.08661805838346481,0.03040091134607792,0.08444564789533615,0.08661805838346481,0.03040091134607792
R1189_65,C,65,0.12489155679941177,0.09750691801309586,0.01766572706401348,0.12489155679941177,0.09750691801309586,0.01766572706401348,0.12489155679941177,0.09750691801309586,0.01766572706401348,0.12489155679941177,0.09750691801309586,0.01766572706401348,0.12489155679941177,0.09750691801309586,0.01766572706401348
R1189_66,A,66,0.1872090995311737,0.08067833632230759,0.018744545057415962,0.1872090995311737,0.08067833632230759,0.018744545057415962,0.1872090995311737,0.08067833632230759,0.018744545057415962,0.1872090995311737,0.08067833632230759,0.018744545057415962,0.1872090995311737,0.08067833632230759,0.018744545057415962
R1189_67,G,67,0.13151036202907562,0.039999812841415405,0.0280699972063303,0.13151036202907562,0.039999812841415405,0.0280699972063303,0.13151036202907562,0.039999812841415405,0.0280699972063303,0.13151036202907562,0.039999812841415405,0.0280699972063303,0.13151036202907562,0.039999812841415405,0.0280699972063303
R1189_68,G,68,0.1276012361049652,0.015331842005252838,0.03089134953916073,0.1276012361049652,0.015331842005252838,0.03089134953916073,0.1276012361049652,0.015331842005252838,0.03089134953916073,0.1276012361049652,0.015331842005252838,0.03089134953916073,0.1276012361049652,0.015331842005252838,0.03089134953916073
R1189_69,A,69,0.17226848006248474,-0.016055570915341377,0.055609576404094696,0.17226848006248474,-0.016055570915341377,0.055609576404094696,0.17226848006248474,-0.016055570915341377,0.055609576404094696,0.17226848006248474,-0.016055570915341377,0.055609576404094696,0.17226848006248474,-0.016055570915341377,0.055609576404094696
R1189_70,U,70,0.11291749775409698,0.05294962227344513,0.027308935299515724,0.11291749775409698,0.05294962227344513,0.027308935299515724,0.11291749775409698,0.05294962227344513,0.027308935299515724,0.11291749775409698,0.05294962227344513,0.027308935299515724,0.11291749775409698,0.05294962227344513,0.027308935299515724
R1189_71,G,71,0.13883571326732635,0.0635424554347992,0.020130226388573647,0.13883571326732635,0.0635424554347992,0.020130226388573647,0.13883571326732635,0.0635424554347992,0.020130226388573647,0.13883571326732635,0.0635424554347992,0.020130226388573647,0.13883571326732635,0.0635424554347992,0.020130226388573647
R1189_72,A,72,0.26636362075805664,-0.00083155557513237,0.05786830186843872,0.26636362075805664,-0.00083155557513237,0.05786830186843872,0.26636362075805664,-0.00083155557513237,0.05786830186843872,0.26636362075805664,-0.00083155557513237,0.05786830186843872,0.26636362075805664,-0.00083155557513237,0.05786830186843872
R1189_73,U,73,0.11992432177066803,0.0400286540389061,0.03114747814834118,0.11992432177066803,0.0400286540389061,0.03114747814834118,0.11992432177066803,0.0400286540389061,0.03114747814834118,0.11992432177066803,0.0400286540389061,0.03114747814834118,0.11992432177066803,0.0400286540389061,0.03114747814834118
R1189_74,G,74,0.130218505859375,0.010943004861474037,0.030147017911076546,0.130218505859375,0.010943004861474037,0.030147017911076546,0.130218505859375,0.010943004861474037,0.030147017911076546,0.130218505859375,0.010943004861474037,0.030147017911076546,0.130218505859375,0.010943004861474037,0.030147017911076546
R1189_75,A,75,0.16228941082954407,-0.03779198229312897,0.06687389314174652,0.16228941082954407,-0.03779198229312897,0.06687389314174652,0.16228941082954407,-0.03779198229312897,0.06687389314174652,0.16228941082954407,-0.03779198229312897,0.06687389314174652,0.16228941082954407,-0.03779198229312897,0.06687389314174652
R1189_76,C,76,0.13079939782619476,0.04404018074274063,0.017391784116625786,0.13079939782619476,0.04404018074274063,0.017391784116625786,0.13079939782619476,0.04404018074274063,0.017391784116625786,0.13079939782619476,0.04404018074274063,0.017391784116625786,0.13079939782619476,0.04404018074274063,0.017391784116625786
R1189_77,G,77,0.1180885061621666,0.08234264701604843,0.021603038534522057,0.1180885061621666,0.08234264701604843,0.021603038534522057,0.1180885061621666,0.08234264701604843,0.021603038534522057,0.1180885061621666,0.08234264701604843,0.021603038534522057,0.1180885061621666,0.08234264701604843,0.021603038534522057
R1189_78,A,78,0.202384814620018,0.07644743472337723,0.017199980095028877,0.202384814620018,0.07644743472337723,0.017199980095028877,0.202384814620018,0.07644743472337723,0.017199980095028877,0.202384814620018,0.07644743472337723,0.017199980095028877,0.202384814620018,0.07644743472337723,0.017199980095028877
R1189_79,G,79,0.11493856459856033,0.06940020620822906,0.02417786605656147,0.11493856459856033,0.06940020620822906,0.02417786605656147,0.11493856459856033,0.06940020620822906,0.02417786605656147,0.11493856459856033,0.06940020620822906,0.02417786605656147,0.11493856459856033,0.06940020620822906,0.02417786605656147
R1189_80,G,80,0.1140010878443718,0.04956737533211708,0.025335537269711494,0.1140010878443718,0.04956737533211708,0.025335537269711494,0.1140010878443718,0.04956737533211708,0.025335537269711494,0.1140010878443718,0.04956737533211708,0.025335537269711494,0.1140010878443718,0.04956737533211708,0.025335537269711494
R1189_81,G,81,0.10894139111042023,0.0478011816740036,0.02836342342197895,0.10894139111042023,0.0478011816740036,0.02836342342197895,0.10894139111042023,0.0478011816740036,0.02836342342197895,0.10894139111042023,0.0478011816740036,0.02836342342197895,0.10894139111042023,0.0478011816740036,0.02836342342197895
R1189_82,A,82,0.13239753246307373,0.04920182377099991,0.018925970420241356,0.13239753246307373,0.04920182377099991,0.018925970420241356,0.13239753246307373,0.04920182377099991,0.018925970420241356,0.13239753246307373,0.04920182377099991,0.018925970420241356,0.13239753246307373,0.04920182377099991,0.018925970420241356
R1189_83,C,83,0.12750765681266785,0.0982016921043396,0.008235665038228035,0.12750765681266785,0.0982016921043396,0.008235665038228035,0.12750765681266785,0.0982016921043396,0.008235665038228035,0.12750765681266785,0.0982016921043396,0.008235665038228035,0.12750765681266785,0.0982016921043396,0.008235665038228035
R1189_84,U,84,0.1110994890332222,0.10159291326999664,0.01691628433763981,0.1110994890332222,0.10159291326999664,0.01691628433763981,0.1110994890332222,0.10159291326999664,0.01691628433763981,0.1110994890332222,0.10159291326999664,0.01691628433763981,0.1110994890332222,0.10159291326999664,0.01691628433763981
R1189_85,G,85,0.1362583488225937,0.08084706962108612,0.007848775014281273,0.1362583488225937,0.08084706962108612,0.007848775014281273,0.1362583488225937,0.08084706962108612,0.007848775014281273,0.1362583488225937,0.08084706962108612,0.007848775014281273,0.1362583488225937,0.08084706962108612,0.007848775014281273
R1189_86,A,86,0.20939558744430542,-0.006070194765925407,0.029527856037020683,0.20939558744430542,-0.006070194765925407,0.029527856037020683,0.20939558744430542,-0.006070194765925407,0.029527856037020683,0.20939558744430542,-0.006070194765925407,0.029527856037020683,0.20939558744430542,-0.006070194765925407,0.029527856037020683
R1189_87,A,87,0.19808411598205566,-0.026905948296189308,0.022671693935990334,0.19808411598205566,-0.026905948296189308,0.022671693935990334,0.19808411598205566,-0.026905948296189308,0.022671693935990334,0.19808411598205566,-0.026905948296189308,0.022671693935990334,0.19808411598205566,-0.026905948296189308,0.022671693935990334
R1189_88,G,88,0.13320262730121613,0.03841865062713623,0.011173361912369728,0.13320262730121613,0.03841865062713623,0.011173361912369728,0.13320262730121613,0.03841865062713623,0.011173361912369728,0.13320262730121613,0.03841865062713623,0.011173361912369728,0.13320262730121613,0.03841865062713623,0.011173361912369728
R1189_89,A,89,0.216264545917511,0.04569084197282791,-0.03539136052131653,0.216264545917511,0.04569084197282791,-0.03539136052131653,0.216264545917511,0.04569084197282791,-0.03539136052131653,0.216264545917511,0.04569084197282791,-0.03539136052131653,0.216264545917511,0.04569084197282791,-0.03539136052131653
R1189_90,G,90,0.13931161165237427,0.08847558498382568,-0.007492667064070702,0.13931161165237427,0.08847558498382568,-0.007492667064070702,0.13931161165237427,0.08847558498382568,-0.007492667064070702,0.13931161165237427,0.08847558498382568,-0.007492667064070702,0.13931161165237427,0.08847558498382568,-0.007492667064070702
R1189_91,U,91,0.12481372803449631,0.07465745508670807,0.006281621754169464,0.12481372803449631,0.07465745508670807,0.006281621754169464,0.12481372803449631,0.07465745508670807,0.006281621754169464,0.12481372803449631,0.07465745508670807,0.006281621754169464,0.12481372803449631,0.07465745508670807,0.006281621754169464
R1189_92,G,92,0.1433287113904953,0.031343404203653336,0.00427742674946785,0.1433287113904953,0.031343404203653336,0.00427742674946785,0.1433287113904953,0.031343404203653336,0.00427742674946785,0.1433287113904953,0.031343404203653336,0.00427742674946785,0.1433287113904953,0.031343404203653336,0.00427742674946785
R1189_93,G,93,0.13014379143714905,0.01930977590382099,0.009193232282996178,0.13014379143714905,0.01930977590382099,0.009193232282996178,0.13014379143714905,0.01930977590382099,0.009193232282996178,0.13014379143714905,0.01930977590382099,0.009193232282996178,0.13014379143714905,0.01930977590382099,0.009193232282996178
R1189_94,G,94,0.11180627346038818,0.044157691299915314,0.0025597717612981796,0.11180627346038818,0.044157691299915314,0.0025597717612981796,0.11180627346038818,0.044157691299915314,0.0025597717612981796,0.11180627346038818,0.044157691299915314,0.0025597717612981796,0.11180627346038818,0.044157691299915314,0.0025597717612981796
R1189_95,C,95,0.11172638088464737,0.0829966589808464,-0.027175558730959892,0.11172638088464737,0.0829966589808464,-0.027175558730959892,0.11172638088464737,0.0829966589808464,-0.027175558730959892,0.11172638088464737,0.0829966589808464,-0.027175558730959892,0.11172638088464737,0.0829966589808464,-0.027175558730959892
R1189_96,G,96,0.10208084434270859,0.11679838597774506,-0.01021464541554451,0.10208084434270859,0.11679838597774506,-0.01021464541554451,0.10208084434270859,0.11679838597774506,-0.01021464541554451,0.10208084434270859,0.11679838597774506,-0.01021464541554451,0.10208084434270859,0.11679838597774506,-0.01021464541554451
R1189_97,G,97,0.09627002477645874,0.11591874808073044,-0.0068392083048820496,0.09627002477645874,0.11591874808073044,-0.0068392083048820496,0.09627002477645874,0.11591874808073044,-0.0068392083048820496,0.09627002477645874,0.11591874808073044,-0.0068392083048820496,0.09627002477645874,0.11591874808073044,-0.0068392083048820496
R1189_98,G,98,0.09597758203744888,0.09562351554632187,-0.002278156578540802,0.09597758203744888,0.09562351554632187,-0.002278156578540802,0.09597758203744888,0.09562351554632187,-0.002278156578540802,0.09597758203744888,0.09562351554632187,-0.002278156578540802,0.09597758203744888,0.09562351554632187,-0.002278156578540802
R1189_99,G,99,0.09089957922697067,0.07973474264144897,0.0012646224349737167,0.09089957922697067,0.07973474264144897,0.0012646224349737167,0.09089957922697067,0.07973474264144897,0.0012646224349737167,0.09089957922697067,0.07973474264144897,0.0012646224349737167,0.09089957922697067,0.07973474264144897,0.0012646224349737167
R1189_100,U,100,0.07724405080080032,0.08598000556230545,0.012094194069504738,0.07724405080080032,0.08598000556230545,0.012094194069504738,0.07724405080080032,0.08598000556230545,0.012094194069504738,0.07724405080080032,0.08598000556230545,0.012094194069504738,0.07724405080080032,0.08598000556230545,0.012094194069504738
R1189_101,A,101,0.05525820329785347,0.11170433461666107,0.005446374416351318,0.05525820329785347,0.11170433461666107,0.005446374416351318,0.05525820329785347,0.11170433461666107,0.005446374416351318,0.05525820329785347,0.11170433461666107,0.005446374416351318,0.05525820329785347,0.11170433461666107,0.005446374416351318
R1189_102,A,102,0.08057278394699097,0.13077403604984283,0.006353989243507385,0.08057278394699097,0.13077403604984283,0.006353989243507385,0.08057278394699097,0.13077403604984283,0.006353989243507385,0.08057278394699097,0.13077403604984283,0.006353989243507385,0.08057278394699097,0.13077403604984283,0.006353989243507385
R1189_103,U,103,0.08404258638620377,0.1326095163822174,0.003270912915468216,0.08404258638620377,0.1326095163822174,0.003270912915468216,0.08404258638620377,0.1326095163822174,0.003270912915468216,0.08404258638620377,0.1326095163822174,0.003270912915468216,0.08404258638620377,0.1326095163822174,0.003270912915468216
R1189_104,A,104,0.1308671087026596,0.09620696306228638,0.019247760996222496,0.1308671087026596,0.09620696306228638,0.019247760996222496,0.1308671087026596,0.09620696306228638,0.019247760996222496,0.1308671087026596,0.09620696306228638,0.019247760996222496,0.1308671087026596,0.09620696306228638,0.019247760996222496
R1189_105,C,105,0.122430719435215,0.06438112258911133,-0.001764228567481041,0.122430719435215,0.06438112258911133,-0.001764228567481041,0.122430719435215,0.06438112258911133,-0.001764228567481041,0.122430719435215,0.06438112258911133,-0.001764228567481041,0.122430719435215,0.06438112258911133,-0.001764228567481041
R1189_106,C,106,0.1135653406381607,0.052832819521427155,-0.005752239376306534,0.1135653406381607,0.052832819521427155,-0.005752239376306534,0.1135653406381607,0.052832819521427155,-0.005752239376306534,0.1135653406381607,0.052832819521427155,-0.005752239376306534,0.1135653406381607,0.052832819521427155,-0.005752239376306534
R1189_107,C,107,0.11120825260877609,0.0704648569226265,-0.008976252749562263,0.11120825260877609,0.0704648569226265,-0.008976252749562263,0.11120825260877609,0.0704648569226265,-0.008976252749562263,0.11120825260877609,0.0704648569226265,-0.008976252749562263,0.11120825260877609,0.0704648569226265,-0.008976252749562263
R1189_108,C,108,0.12003597617149353,0.1022033765912056,-0.016657527536153793,0.12003597617149353,0.1022033765912056,-0.016657527536153793,0.12003597617149353,0.1022033765912056,-0.016657527536153793,0.12003597617149353,0.1022033765912056,-0.016657527536153793,0.12003597617149353,0.1022033765912056,-0.016657527536153793
R1189_109,G,109,0.10815753787755966,0.1138441413640976,-0.02241634391248226,0.10815753787755966,0.1138441413640976,-0.02241634391248226,0.10815753787755966,0.1138441413640976,-0.02241634391248226,0.10815753787755966,0.1138441413640976,-0.02241634391248226,0.10815753787755966,0.1138441413640976,-0.02241634391248226
R1189_110,C,110,0.14028576016426086,0.053656645119190216,-0.026412243023514748,0.14028576016426086,0.053656645119190216,-0.026412243023514748,0.14028576016426086,0.053656645119190216,-0.026412243023514748,0.14028576016426086,0.053656645119190216,-0.026412243023514748,0.14028576016426086,0.053656645119190216,-0.026412243023514748
R1189_111,C,111,0.1307828575372696,0.014934721402823925,-0.014209424145519733,0.1307828575372696,0.014934721402823925,-0.014209424145519733,0.1307828575372696,0.014934721402823925,-0.014209424145519733,0.1307828575372696,0.014934721402823925,-0.014209424145519733,0.1307828575372696,0.014934721402823925,-0.014209424145519733
R1189_112,C,112,0.11423943191766739,0.010820962488651276,-0.006104223430156708,0.11423943191766739,0.010820962488651276,-0.006104223430156708,0.11423943191766739,0.010820962488651276,-0.006104223430156708,0.11423943191766739,0.010820962488651276,-0.006104223430156708,0.11423943191766739,0.010820962488651276,-0.006104223430156708
R1189_113,C,113,0.10385791957378387,0.022503463551402092,-0.00786125473678112,0.10385791957378387,0.022503463551402092,-0.00786125473678112,0.10385791957378387,0.022503463551402092,-0.00786125473678112,0.10385791957378387,0.022503463551402092,-0.00786125473678112,0.10385791957378387,0.022503463551402092,-0.00786125473678112
R1189_114,U,114,0.0849873274564743,0.08248990774154663,0.0025574378669261932,0.0849873274564743,0.08248990774154663,0.0025574378669261932,0.0849873274564743,0.08248990774154663,0.0025574378669261932,0.0849873274564743,0.08248990774154663,0.0025574378669261932,0.0849873274564743,0.08248990774154663,0.0025574378669261932
R1189_115,U,115,0.08587847650051117,0.09738845378160477,0.002949235960841179,0.08587847650051117,0.09738845378160477,0.002949235960841179,0.08587847650051117,0.09738845378160477,0.002949235960841179,0.08587847650051117,0.09738845378160477,0.002949235960841179,0.08587847650051117,0.09738845378160477,0.002949235960841179
R1189_116,U,116,0.08569201827049255,0.09364370256662369,0.0064755938947200775,0.08569201827049255,0.09364370256662369,0.0064755938947200775,0.08569201827049255,0.09364370256662369,0.0064755938947200775,0.08569201827049255,0.09364370256662369,0.0064755938947200775,0.08569201827049255,0.09364370256662369,0.0064755938947200775
R1189_117,U,117,0.08338699489831924,0.0787905603647232,0.010365737602114677,0.08338699489831924,0.0787905603647232,0.010365737602114677,0.08338699489831924,0.0787905603647232,0.010365737602114677,0.08338699489831924,0.0787905603647232,0.010365737602114677,0.08338699489831924,0.0787905603647232,0.010365737602114677
R1189_118,U,118,0.0780242308974266,0.06716953217983246,0.012494338676333427,0.0780242308974266,0.06716953217983246,0.012494338676333427,0.0780242308974266,0.06716953217983246,0.012494338676333427,0.0780242308974266,0.06716953217983246,0.012494338676333427,0.0780242308974266,0.06716953217983246,0.012494338676333427
R1190_1,G,1,0.03463709354400635,0.0576765313744545,0.044351428747177124,0.03463709354400635,0.0576765313744545,0.044351428747177124,0.03463709354400635,0.0576765313744545,0.044351428747177124,0.03463709354400635,0.0576765313744545,0.044351428747177124,0.03463709354400635,0.0576765313744545,0.044351428747177124
R1190_2,C,2,0.026972994208335876,0.0624808743596077,0.042832694947719574,0.026972994208335876,0.0624808743596077,0.042832694947719574,0.026972994208335876,0.0624808743596077,0.042832694947719574,0.026972994208335876,0.0624808743596077,0.042832694947719574,0.026972994208335876,0.0624808743596077,0.042832694947719574
R1190_3,G,3,0.04166511818766594,0.07159401476383209,0.04597914218902588,0.04166511818766594,0.07159401476383209,0.04597914218902588,0.04166511818766594,0.07159401476383209,0.04597914218902588,0.04166511818766594,0.07159401476383209,0.04597914218902588,0.04166511818766594,0.07159401476383209,0.04597914218902588
R1190_4,U,4,0.05585756525397301,0.053544871509075165,0.0444839745759964,0.05585756525397301,0.053544871509075165,0.0444839745759964,0.05585756525397301,0.053544871509075165,0.0444839745759964,0.05585756525397301,0.053544871509075165,0.0444839745759964,0.05585756525397301,0.053544871509075165,0.0444839745759964
R1190_5,A,5,0.0938890352845192,-0.0022827833890914917,0.030068984255194664,0.0938890352845192,-0.0022827833890914917,0.030068984255194664,0.0938890352845192,-0.0022827833890914917,0.030068984255194664,0.0938890352845192,-0.0022827833890914917,0.030068984255194664,0.0938890352845192,-0.0022827833890914917,0.030068984255194664
R1190_6,C,6,0.0650191381573677,-0.010884253308176994,0.052509114146232605,0.0650191381573677,-0.010884253308176994,0.052509114146232605,0.0650191381573677,-0.010884253308176994,0.052509114146232605,0.0650191381573677,-0.010884253308176994,0.052509114146232605,0.0650191381573677,-0.010884253308176994,0.052509114146232605
R1190_7,A,7,0.08041495084762573,-0.02754373289644718,0.057870782911777496,0.08041495084762573,-0.02754373289644718,0.057870782911777496,0.08041495084762573,-0.02754373289644718,0.057870782911777496,0.08041495084762573,-0.02754373289644718,0.057870782911777496,0.08041495084762573,-0.02754373289644718,0.057870782911777496
R1190_8,G,8,0.07441238313913345,0.03889673948287964,0.05153176933526993,0.07441238313913345,0.03889673948287964,0.05153176933526993,0.07441238313913345,0.03889673948287964,0.05153176933526993,0.07441238313913345,0.03889673948287964,0.05153176933526993,0.07441238313913345,0.03889673948287964,0.05153176933526993
R1190_9,G,9,0.07873828709125519,0.032098401337862015,0.05132193863391876,0.07873828709125519,0.032098401337862015,0.05132193863391876,0.07873828709125519,0.032098401337862015,0.05132193863391876,0.07873828709125519,0.032098401337862015,0.05132193863391876,0.07873828709125519,0.032098401337862015,0.05132193863391876
R1190_10,G,10,0.08722760528326035,0.009700133465230465,0.05244504660367966,0.08722760528326035,0.009700133465230465,0.05244504660367966,0.08722760528326035,0.009700133465230465,0.05244504660367966,0.08722760528326035,0.009700133465230465,0.05244504660367966,0.08722760528326035,0.009700133465230465,0.05244504660367966
R1190_11,A,11,0.12541529536247253,-0.0785747841000557,0.12950199842453003,0.12541529536247253,-0.0785747841000557,0.12950199842453003,0.12541529536247253,-0.0785747841000557,0.12950199842453003,0.12541529536247253,-0.0785747841000557,0.12950199842453003,0.12541529536247253,-0.0785747841000557,0.12950199842453003
R1190_12,A,12,0.0974046140909195,-0.08809324353933334,0.10856709629297256,0.0974046140909195,-0.08809324353933334,0.10856709629297256,0.0974046140909195,-0.08809324353933334,0.10856709629297256,0.0974046140909195,-0.08809324353933334,0.10856709629297256,0.0974046140909195,-0.08809324353933334,0.10856709629297256
R1190_13,C,13,0.07975950837135315,-0.015609188005328178,0.06874368339776993,0.07975950837135315,-0.015609188005328178,0.06874368339776993,0.07975950837135315,-0.015609188005328178,0.06874368339776993,0.07975950837135315,-0.015609188005328178,0.06874368339776993,0.07975950837135315,-0.015609188005328178,0.06874368339776993
R1190_14,A,14,0.08169703930616379,-0.032478347420692444,0.09097228944301605,0.08169703930616379,-0.032478347420692444,0.09097228944301605,0.08169703930616379,-0.032478347420692444,0.09097228944301605,0.08169703930616379,-0.032478347420692444,0.09097228944301605,0.08169703930616379,-0.032478347420692444,0.09097228944301605
R1190_15,C,15,0.06904691457748413,0.029260091483592987,0.06804919242858887,0.06904691457748413,0.029260091483592987,0.06804919242858887,0.06904691457748413,0.029260091483592987,0.06804919242858887,0.06904691457748413,0.029260091483592987,0.06804919242858887,0.06904691457748413,0.029260091483592987,0.06804919242858887
R1190_16,G,16,0.06400707364082336,0.029730983078479767,0.06154107302427292,0.06400707364082336,0.029730983078479767,0.06154107302427292,0.06400707364082336,0.029730983078479767,0.06154107302427292,0.06400707364082336,0.029730983078479767,0.06154107302427292,0.06400707364082336,0.029730983078479767,0.06154107302427292
R1190_17,C,17,0.060260284692049026,-0.0145112294703722,0.07602395117282867,0.060260284692049026,-0.0145112294703722,0.07602395117282867,0.060260284692049026,-0.0145112294703722,0.07602395117282867,0.060260284692049026,-0.0145112294703722,0.07602395117282867,0.060260284692049026,-0.0145112294703722,0.07602395117282867
R1190_18,A,18,0.03724605217576027,-0.05726901441812515,0.11135097593069077,0.03724605217576027,-0.05726901441812515,0.11135097593069077,0.03724605217576027,-0.05726901441812515,0.11135097593069077,0.03724605217576027,-0.05726901441812515,0.11135097593069077,0.03724605217576027,-0.05726901441812515,0.11135097593069077
R1190_19,A,19,0.040746644139289856,-0.041982077062129974,0.07914680242538452,0.040746644139289856,-0.041982077062129974,0.07914680242538452,0.040746644139289856,-0.041982077062129974,0.07914680242538452,0.040746644139289856,-0.041982077062129974,0.07914680242538452,0.040746644139289856,-0.041982077062129974,0.07914680242538452
R1190_20,C,20,0.051198188215494156,0.04084198549389839,0.05019323527812958,0.051198188215494156,0.04084198549389839,0.05019323527812958,0.051198188215494156,0.04084198549389839,0.05019323527812958,0.051198188215494156,0.04084198549389839,0.05019323527812958,0.051198188215494156,0.04084198549389839,0.05019323527812958
R1190_21,C,21,0.05178738385438919,0.07057187706232071,0.05273186415433884,0.05178738385438919,0.07057187706232071,0.05273186415433884,0.05178738385438919,0.07057187706232071,0.05273186415433884,0.05178738385438919,0.07057187706232071,0.05273186415433884,0.05178738385438919,0.07057187706232071,0.05273186415433884
R1190_22,C,22,0.06211954355239868,0.05918511748313904,0.05164366960525513,0.06211954355239868,0.05918511748313904,0.05164366960525513,0.06211954355239868,0.05918511748313904,0.05164366960525513,0.06211954355239868,0.05918511748313904,0.05164366960525513,0.06211954355239868,0.05918511748313904,0.05164366960525513
R1190_23,C,23,0.07821506261825562,0.023464513942599297,0.05545932799577713,0.07821506261825562,0.023464513942599297,0.05545932799577713,0.07821506261825562,0.023464513942599297,0.05545932799577713,0.07821506261825562,0.023464513942599297,0.05545932799577713,0.07821506261825562,0.023464513942599297,0.05545932799577713
R1190_24,G,24,0.08190372586250305,0.01692504808306694,0.03982152044773102,0.08190372586250305,0.01692504808306694,0.03982152044773102,0.08190372586250305,0.01692504808306694,0.03982152044773102,0.08190372586250305,0.01692504808306694,0.03982152044773102,0.08190372586250305,0.01692504808306694,0.03982152044773102
R1190_25,A,25,0.09772422909736633,2.390146255493164e-05,0.03813821077346802,0.09772422909736633,2.390146255493164e-05,0.03813821077346802,0.09772422909736633,2.390146255493164e-05,0.03813821077346802,0.09772422909736633,2.390146255493164e-05,0.03813821077346802,0.09772422909736633,2.390146255493164e-05,0.03813821077346802
R1190_26,A,26,0.09261725842952728,0.033535417169332504,0.04796861857175827,0.09261725842952728,0.033535417169332504,0.04796861857175827,0.09261725842952728,0.033535417169332504,0.04796861857175827,0.09261725842952728,0.033535417169332504,0.04796861857175827,0.09261725842952728,0.033535417169332504,0.04796861857175827
R1190_27,G,27,0.08423396944999695,0.07392279803752899,0.03684195131063461,0.08423396944999695,0.07392279803752899,0.03684195131063461,0.08423396944999695,0.07392279803752899,0.03684195131063461,0.08423396944999695,0.07392279803752899,0.03684195131063461,0.08423396944999695,0.07392279803752899,0.03684195131063461
R1190_28,G,28,0.09340658038854599,0.05583705008029938,0.03491216152906418,0.09340658038854599,0.05583705008029938,0.03491216152906418,0.09340658038854599,0.05583705008029938,0.03491216152906418,0.09340658038854599,0.05583705008029938,0.03491216152906418,0.09340658038854599,0.05583705008029938,0.03491216152906418
R1190_29,A,29,0.12403520196676254,-0.058823369443416595,0.1058579608798027,0.12403520196676254,-0.058823369443416595,0.1058579608798027,0.12403520196676254,-0.058823369443416595,0.1058579608798027,0.12403520196676254,-0.058823369443416595,0.1058579608798027,0.12403520196676254,-0.058823369443416595,0.1058579608798027
R1190_30,U,30,0.09523908793926239,0.013417673297226429,0.03973192721605301,0.09523908793926239,0.013417673297226429,0.03973192721605301,0.09523908793926239,0.013417673297226429,0.03973192721605301,0.09523908793926239,0.013417673297226429,0.03973192721605301,0.09523908793926239,0.013417673297226429,0.03973192721605301
R1190_31,C,31,0.09573012590408325,-0.030524274334311485,0.05318933725357056,0.09573012590408325,-0.030524274334311485,0.05318933725357056,0.09573012590408325,-0.030524274334311485,0.05318933725357056,0.09573012590408325,-0.030524274334311485,0.05318933725357056,0.09573012590408325,-0.030524274334311485,0.05318933725357056
R1190_32,G,32,0.07944713532924652,0.03732342645525932,0.03498517721891403,0.07944713532924652,0.03732342645525932,0.03498517721891403,0.07944713532924652,0.03732342645525932,0.03498517721891403,0.07944713532924652,0.03732342645525932,0.03498517721891403,0.07944713532924652,0.03732342645525932,0.03498517721891403
R1190_33,G,33,0.06824605911970139,0.06935929507017136,0.029169118031859398,0.06824605911970139,0.06935929507017136,0.029169118031859398,0.06824605911970139,0.06935929507017136,0.029169118031859398,0.06824605911970139,0.06935929507017136,0.029169118031859398,0.06824605911970139,0.06935929507017136,0.029169118031859398
R1190_34,G,34,0.06393364816904068,0.07220152020454407,0.03416676074266434,0.06393364816904068,0.07220152020454407,0.03416676074266434,0.06393364816904068,0.07220152020454407,0.03416676074266434,0.06393364816904068,0.07220152020454407,0.03416676074266434,0.06393364816904068,0.07220152020454407,0.03416676074266434
R1190_35,G,35,0.061582405120134354,0.049952954053878784,0.039004646241664886,0.061582405120134354,0.049952954053878784,0.039004646241664886,0.061582405120134354,0.049952954053878784,0.039004646241664886,0.061582405120134354,0.049952954053878784,0.039004646241664886,0.061582405120134354,0.049952954053878784,0.039004646241664886
R1190_36,A,36,0.03643811121582985,-0.02829149179160595,0.08100245893001556,0.03643811121582985,-0.02829149179160595,0.08100245893001556,0.03643811121582985,-0.02829149179160595,0.08100245893001556,0.03643811121582985,-0.02829149179160595,0.08100245893001556,0.03643811121582985,-0.02829149179160595,0.08100245893001556
R1190_37,A,37,0.027733445167541504,-0.008960345759987831,0.05443476140499115,0.027733445167541504,-0.008960345759987831,0.05443476140499115,0.027733445167541504,-0.008960345759987831,0.05443476140499115,0.027733445167541504,-0.008960345759987831,0.05443476140499115,0.027733445167541504,-0.008960345759987831,0.05443476140499115
R1190_38,G,38,0.04293426126241684,0.06497487425804138,0.029665609821677208,0.04293426126241684,0.06497487425804138,0.029665609821677208,0.04293426126241684,0.06497487425804138,0.029665609821677208,0.04293426126241684,0.06497487425804138,0.029665609821677208,0.04293426126241684,0.06497487425804138,0.029665609821677208
R1190_39,G,39,0.0387866236269474,0.09862367808818817,0.02664349041879177,0.0387866236269474,0.09862367808818817,0.02664349041879177,0.0387866236269474,0.09862367808818817,0.02664349041879177,0.0387866236269474,0.09862367808818817,0.02664349041879177,0.0387866236269474,0.09862367808818817,0.02664349041879177
R1190_40,G,40,0.03458652272820473,0.11999337375164032,0.027901140972971916,0.03458652272820473,0.11999337375164032,0.027901140972971916,0.03458652272820473,0.11999337375164032,0.027901140972971916,0.03458652272820473,0.11999337375164032,0.027901140972971916,0.03458652272820473,0.11999337375164032,0.027901140972971916
R1190_41,A,41,0.026722010225057602,0.09240549057722092,0.0654563307762146,0.026722010225057602,0.09240549057722092,0.0654563307762146,0.026722010225057602,0.09240549057722092,0.0654563307762146,0.026722010225057602,0.09240549057722092,0.0654563307762146,0.026722010225057602,0.09240549057722092,0.0654563307762146
R1190_42,C,42,0.05541840195655823,0.07095746695995331,0.034507542848587036,0.05541840195655823,0.07095746695995331,0.034507542848587036,0.05541840195655823,0.07095746695995331,0.034507542848587036,0.05541840195655823,0.07095746695995331,0.034507542848587036,0.05541840195655823,0.07095746695995331,0.034507542848587036
R1190_43,G,43,0.0598505400121212,0.06483181565999985,0.027135731652379036,0.0598505400121212,0.06483181565999985,0.027135731652379036,0.0598505400121212,0.06483181565999985,0.027135731652379036,0.0598505400121212,0.06483181565999985,0.027135731652379036,0.0598505400121212,0.06483181565999985,0.027135731652379036
R1190_44,U,44,0.0592927485704422,0.07777006924152374,0.03029344417154789,0.0592927485704422,0.07777006924152374,0.03029344417154789,0.0592927485704422,0.07777006924152374,0.03029344417154789,0.0592927485704422,0.07777006924152374,0.03029344417154789,0.0592927485704422,0.07777006924152374,0.03029344417154789
R1190_45,C,45,0.05511290580034256,0.08457919955253601,0.03915208578109741,0.05511290580034256,0.08457919955253601,0.03915208578109741,0.05511290580034256,0.08457919955253601,0.03915208578109741,0.05511290580034256,0.08457919955253601,0.03915208578109741,0.05511290580034256,0.08457919955253601,0.03915208578109741
R1190_46,G,46,0.07078313827514648,0.1080506443977356,0.025763830170035362,0.07078313827514648,0.1080506443977356,0.025763830170035362,0.07078313827514648,0.1080506443977356,0.025763830170035362,0.07078313827514648,0.1080506443977356,0.025763830170035362,0.07078313827514648,0.1080506443977356,0.025763830170035362
R1190_47,C,47,0.09000065177679062,0.07873094081878662,0.03134092688560486,0.09000065177679062,0.07873094081878662,0.03134092688560486,0.09000065177679062,0.07873094081878662,0.03134092688560486,0.09000065177679062,0.07873094081878662,0.03134092688560486,0.09000065177679062,0.07873094081878662,0.03134092688560486
R1190_48,C,48,0.10581018030643463,0.024165000766515732,0.02905433066189289,0.10581018030643463,0.024165000766515732,0.02905433066189289,0.10581018030643463,0.024165000766515732,0.02905433066189289,0.10581018030643463,0.024165000766515732,0.02905433066189289,0.10581018030643463,0.024165000766515732,0.02905433066189289
R1190_49,A,49,0.10757479071617126,-0.015030069276690483,0.01031612791121006,0.10757479071617126,-0.015030069276690483,0.01031612791121006,0.10757479071617126,-0.015030069276690483,0.01031612791121006,0.10757479071617126,-0.015030069276690483,0.01031612791121006,0.10757479071617126,-0.015030069276690483,0.01031612791121006
R1190_50,G,50,0.08387292921543121,0.03284110128879547,0.020129548385739326,0.08387292921543121,0.03284110128879547,0.020129548385739326,0.08387292921543121,0.03284110128879547,0.020129548385739326,0.08387292921543121,0.03284110128879547,0.020129548385739326,0.08387292921543121,0.03284110128879547,0.020129548385739326
R1190_51,G,51,0.08024580776691437,0.056291043758392334,0.017297687008976936,0.08024580776691437,0.056291043758392334,0.017297687008976936,0.08024580776691437,0.056291043758392334,0.017297687008976936,0.08024580776691437,0.056291043758392334,0.017297687008976936,0.08024580776691437,0.056291043758392334,0.017297687008976936
R1190_52,G,52,0.08286333829164505,0.07888946682214737,0.013825936242938042,0.08286333829164505,0.07888946682214737,0.013825936242938042,0.08286333829164505,0.07888946682214737,0.013825936242938042,0.08286333829164505,0.07888946682214737,0.013825936242938042,0.08286333829164505,0.07888946682214737,0.013825936242938042
R1190_53,A,53,0.16258604824543,-0.041685380041599274,-0.006504504010081291,0.16258604824543,-0.041685380041599274,-0.006504504010081291,0.16258604824543,-0.041685380041599274,-0.006504504010081291,0.16258604824543,-0.041685380041599274,-0.006504504010081291,0.16258604824543,-0.041685380041599274,-0.006504504010081291
R1190_54,G,54,0.08381858468055725,0.04293107986450195,0.02648072876036167,0.08381858468055725,0.04293107986450195,0.02648072876036167,0.08381858468055725,0.04293107986450195,0.02648072876036167,0.08381858468055725,0.04293107986450195,0.02648072876036167,0.08381858468055725,0.04293107986450195,0.02648072876036167
R1190_55,G,55,0.07713761925697327,0.025484878569841385,0.023995360359549522,0.07713761925697327,0.025484878569841385,0.023995360359549522,0.07713761925697327,0.025484878569841385,0.023995360359549522,0.07713761925697327,0.025484878569841385,0.023995360359549522,0.07713761925697327,0.025484878569841385,0.023995360359549522
R1190_56,C,56,0.07276961207389832,-0.01343785785138607,0.03237029165029526,0.07276961207389832,-0.01343785785138607,0.03237029165029526,0.07276961207389832,-0.01343785785138607,0.03237029165029526,0.07276961207389832,-0.01343785785138607,0.03237029165029526,0.07276961207389832,-0.01343785785138607,0.03237029165029526
R1190_57,G,57,0.06828971207141876,0.04677435755729675,0.033924125134944916,0.06828971207141876,0.04677435755729675,0.033924125134944916,0.06828971207141876,0.04677435755729675,0.033924125134944916,0.06828971207141876,0.04677435755729675,0.033924125134944916,0.06828971207141876,0.04677435755729675,0.033924125134944916
R1190_58,A,58,0.10818805545568466,-0.010069482028484344,0.04772584140300751,0.10818805545568466,-0.010069482028484344,0.04772584140300751,0.10818805545568466,-0.010069482028484344,0.04772584140300751,0.10818805545568466,-0.010069482028484344,0.04772584140300751,0.10818805545568466,-0.010069482028484344,0.04772584140300751
R1190_59,U,59,0.06874652951955795,0.09859437495470047,0.033421434462070465,0.06874652951955795,0.09859437495470047,0.033421434462070465,0.06874652951955795,0.09859437495470047,0.033421434462070465,0.06874652951955795,0.09859437495470047,0.033421434462070465,0.06874652951955795,0.09859437495470047,0.033421434462070465
R1190_60,U,60,0.07128821313381195,0.08837119489908218,0.033375777304172516,0.07128821313381195,0.08837119489908218,0.033375777304172516,0.07128821313381195,0.08837119489908218,0.033375777304172516,0.07128821313381195,0.08837119489908218,0.033375777304172516,0.07128821313381195,0.08837119489908218,0.033375777304172516
R1190_61,C,61,0.09946288913488388,0.038985755294561386,0.0317612960934639,0.09946288913488388,0.038985755294561386,0.0317612960934639,0.09946288913488388,0.038985755294561386,0.0317612960934639,0.09946288913488388,0.038985755294561386,0.0317612960934639,0.09946288913488388,0.038985755294561386,0.0317612960934639
R1190_62,C,62,0.08856645971536636,0.030813196673989296,0.034912109375,0.08856645971536636,0.030813196673989296,0.034912109375,0.08856645971536636,0.030813196673989296,0.034912109375,0.08856645971536636,0.030813196673989296,0.034912109375,0.08856645971536636,0.030813196673989296,0.034912109375
R1190_63,A,63,0.0842832401394844,-0.0005613863468170166,0.06608166545629501,0.0842832401394844,-0.0005613863468170166,0.06608166545629501,0.0842832401394844,-0.0005613863468170166,0.06608166545629501,0.0842832401394844,-0.0005613863468170166,0.06608166545629501,0.0842832401394844,-0.0005613863468170166,0.06608166545629501
R1190_64,U,64,0.08444564789533615,0.08661805838346481,0.03040091134607792,0.08444564789533615,0.08661805838346481,0.03040091134607792,0.08444564789533615,0.08661805838346481,0.03040091134607792,0.08444564789533615,0.08661805838346481,0.03040091134607792,0.08444564789533615,0.08661805838346481,0.03040091134607792
R1190_65,C,65,0.12489155679941177,0.09750691801309586,0.01766572706401348,0.12489155679941177,0.09750691801309586,0.01766572706401348,0.12489155679941177,0.09750691801309586,0.01766572706401348,0.12489155679941177,0.09750691801309586,0.01766572706401348,0.12489155679941177,0.09750691801309586,0.01766572706401348
R1190_66,A,66,0.1872090995311737,0.08067833632230759,0.018744545057415962,0.1872090995311737,0.08067833632230759,0.018744545057415962,0.1872090995311737,0.08067833632230759,0.018744545057415962,0.1872090995311737,0.08067833632230759,0.018744545057415962,0.1872090995311737,0.08067833632230759,0.018744545057415962
R1190_67,G,67,0.13151036202907562,0.039999812841415405,0.0280699972063303,0.13151036202907562,0.039999812841415405,0.0280699972063303,0.13151036202907562,0.039999812841415405,0.0280699972063303,0.13151036202907562,0.039999812841415405,0.0280699972063303,0.13151036202907562,0.039999812841415405,0.0280699972063303
R1190_68,G,68,0.1276012361049652,0.015331842005252838,0.03089134953916073,0.1276012361049652,0.015331842005252838,0.03089134953916073,0.1276012361049652,0.015331842005252838,0.03089134953916073,0.1276012361049652,0.015331842005252838,0.03089134953916073,0.1276012361049652,0.015331842005252838,0.03089134953916073
R1190_69,A,69,0.17226848006248474,-0.016055570915341377,0.055609576404094696,0.17226848006248474,-0.016055570915341377,0.055609576404094696,0.17226848006248474,-0.016055570915341377,0.055609576404094696,0.17226848006248474,-0.016055570915341377,0.055609576404094696,0.17226848006248474,-0.016055570915341377,0.055609576404094696
R1190_70,U,70,0.11291749775409698,0.05294962227344513,0.027308935299515724,0.11291749775409698,0.05294962227344513,0.027308935299515724,0.11291749775409698,0.05294962227344513,0.027308935299515724,0.11291749775409698,0.05294962227344513,0.027308935299515724,0.11291749775409698,0.05294962227344513,0.027308935299515724
R1190_71,G,71,0.13883571326732635,0.0635424554347992,0.020130226388573647,0.13883571326732635,0.0635424554347992,0.020130226388573647,0.13883571326732635,0.0635424554347992,0.020130226388573647,0.13883571326732635,0.0635424554347992,0.020130226388573647,0.13883571326732635,0.0635424554347992,0.020130226388573647
R1190_72,A,72,0.26636362075805664,-0.00083155557513237,0.05786830186843872,0.26636362075805664,-0.00083155557513237,0.05786830186843872,0.26636362075805664,-0.00083155557513237,0.05786830186843872,0.26636362075805664,-0.00083155557513237,0.05786830186843872,0.26636362075805664,-0.00083155557513237,0.05786830186843872
R1190_73,U,73,0.11992432177066803,0.0400286540389061,0.03114747814834118,0.11992432177066803,0.0400286540389061,0.03114747814834118,0.11992432177066803,0.0400286540389061,0.03114747814834118,0.11992432177066803,0.0400286540389061,0.03114747814834118,0.11992432177066803,0.0400286540389061,0.03114747814834118
R1190_74,G,74,0.130218505859375,0.010943004861474037,0.030147017911076546,0.130218505859375,0.010943004861474037,0.030147017911076546,0.130218505859375,0.010943004861474037,0.030147017911076546,0.130218505859375,0.010943004861474037,0.030147017911076546,0.130218505859375,0.010943004861474037,0.030147017911076546
R1190_75,A,75,0.16228941082954407,-0.03779198229312897,0.06687389314174652,0.16228941082954407,-0.03779198229312897,0.06687389314174652,0.16228941082954407,-0.03779198229312897,0.06687389314174652,0.16228941082954407,-0.03779198229312897,0.06687389314174652,0.16228941082954407,-0.03779198229312897,0.06687389314174652
R1190_76,C,76,0.13079939782619476,0.04404018074274063,0.017391784116625786,0.13079939782619476,0.04404018074274063,0.017391784116625786,0.13079939782619476,0.04404018074274063,0.017391784116625786,0.13079939782619476,0.04404018074274063,0.017391784116625786,0.13079939782619476,0.04404018074274063,0.017391784116625786
R1190_77,G,77,0.1180885061621666,0.08234264701604843,0.021603038534522057,0.1180885061621666,0.08234264701604843,0.021603038534522057,0.1180885061621666,0.08234264701604843,0.021603038534522057,0.1180885061621666,0.08234264701604843,0.021603038534522057,0.1180885061621666,0.08234264701604843,0.021603038534522057
R1190_78,A,78,0.202384814620018,0.07644743472337723,0.017199980095028877,0.202384814620018,0.07644743472337723,0.017199980095028877,0.202384814620018,0.07644743472337723,0.017199980095028877,0.202384814620018,0.07644743472337723,0.017199980095028877,0.202384814620018,0.07644743472337723,0.017199980095028877
R1190_79,G,79,0.11493856459856033,0.06940020620822906,0.02417786605656147,0.11493856459856033,0.06940020620822906,0.02417786605656147,0.11493856459856033,0.06940020620822906,0.02417786605656147,0.11493856459856033,0.06940020620822906,0.02417786605656147,0.11493856459856033,0.06940020620822906,0.02417786605656147
R1190_80,G,80,0.1140010878443718,0.04956737533211708,0.025335537269711494,0.1140010878443718,0.04956737533211708,0.025335537269711494,0.1140010878443718,0.04956737533211708,0.025335537269711494,0.1140010878443718,0.04956737533211708,0.025335537269711494,0.1140010878443718,0.04956737533211708,0.025335537269711494
R1190_81,G,81,0.10894139111042023,0.0478011816740036,0.02836342342197895,0.10894139111042023,0.0478011816740036,0.02836342342197895,0.10894139111042023,0.0478011816740036,0.02836342342197895,0.10894139111042023,0.0478011816740036,0.02836342342197895,0.10894139111042023,0.0478011816740036,0.02836342342197895
R1190_82,A,82,0.13239753246307373,0.04920182377099991,0.018925970420241356,0.13239753246307373,0.04920182377099991,0.018925970420241356,0.13239753246307373,0.04920182377099991,0.018925970420241356,0.13239753246307373,0.04920182377099991,0.018925970420241356,0.13239753246307373,0.04920182377099991,0.018925970420241356
R1190_83,C,83,0.12750765681266785,0.0982016921043396,0.008235665038228035,0.12750765681266785,0.0982016921043396,0.008235665038228035,0.12750765681266785,0.0982016921043396,0.008235665038228035,0.12750765681266785,0.0982016921043396,0.008235665038228035,0.12750765681266785,0.0982016921043396,0.008235665038228035
R1190_84,U,84,0.1110994890332222,0.10159291326999664,0.01691628433763981,0.1110994890332222,0.10159291326999664,0.01691628433763981,0.1110994890332222,0.10159291326999664,0.01691628433763981,0.1110994890332222,0.10159291326999664,0.01691628433763981,0.1110994890332222,0.10159291326999664,0.01691628433763981
R1190_85,G,85,0.1362583488225937,0.08084706962108612,0.007848775014281273,0.1362583488225937,0.08084706962108612,0.007848775014281273,0.1362583488225937,0.08084706962108612,0.007848775014281273,0.1362583488225937,0.08084706962108612,0.007848775014281273,0.1362583488225937,0.08084706962108612,0.007848775014281273
R1190_86,A,86,0.20939558744430542,-0.006070194765925407,0.029527856037020683,0.20939558744430542,-0.006070194765925407,0.029527856037020683,0.20939558744430542,-0.006070194765925407,0.029527856037020683,0.20939558744430542,-0.006070194765925407,0.029527856037020683,0.20939558744430542,-0.006070194765925407,0.029527856037020683
R1190_87,A,87,0.19808411598205566,-0.026905948296189308,0.022671693935990334,0.19808411598205566,-0.026905948296189308,0.022671693935990334,0.19808411598205566,-0.026905948296189308,0.022671693935990334,0.19808411598205566,-0.026905948296189308,0.022671693935990334,0.19808411598205566,-0.026905948296189308,0.022671693935990334
R1190_88,G,88,0.13320262730121613,0.03841865062713623,0.011173361912369728,0.13320262730121613,0.03841865062713623,0.011173361912369728,0.13320262730121613,0.03841865062713623,0.011173361912369728,0.13320262730121613,0.03841865062713623,0.011173361912369728,0.13320262730121613,0.03841865062713623,0.011173361912369728
R1190_89,A,89,0.216264545917511,0.04569084197282791,-0.03539136052131653,0.216264545917511,0.04569084197282791,-0.03539136052131653,0.216264545917511,0.04569084197282791,-0.03539136052131653,0.216264545917511,0.04569084197282791,-0.03539136052131653,0.216264545917511,0.04569084197282791,-0.03539136052131653
R1190_90,G,90,0.13931161165237427,0.08847558498382568,-0.007492667064070702,0.13931161165237427,0.08847558498382568,-0.007492667064070702,0.13931161165237427,0.08847558498382568,-0.007492667064070702,0.13931161165237427,0.08847558498382568,-0.007492667064070702,0.13931161165237427,0.08847558498382568,-0.007492667064070702
R1190_91,U,91,0.12481372803449631,0.07465745508670807,0.006281621754169464,0.12481372803449631,0.07465745508670807,0.006281621754169464,0.12481372803449631,0.07465745508670807,0.006281621754169464,0.12481372803449631,0.07465745508670807,0.006281621754169464,0.12481372803449631,0.07465745508670807,0.006281621754169464
R1190_92,G,92,0.1433287113904953,0.031343404203653336,0.00427742674946785,0.1433287113904953,0.031343404203653336,0.00427742674946785,0.1433287113904953,0.031343404203653336,0.00427742674946785,0.1433287113904953,0.031343404203653336,0.00427742674946785,0.1433287113904953,0.031343404203653336,0.00427742674946785
R1190_93,G,93,0.13014379143714905,0.01930977590382099,0.009193232282996178,0.13014379143714905,0.01930977590382099,0.009193232282996178,0.13014379143714905,0.01930977590382099,0.009193232282996178,0.13014379143714905,0.01930977590382099,0.009193232282996178,0.13014379143714905,0.01930977590382099,0.009193232282996178
R1190_94,G,94,0.11180627346038818,0.044157691299915314,0.0025597717612981796,0.11180627346038818,0.044157691299915314,0.0025597717612981796,0.11180627346038818,0.044157691299915314,0.0025597717612981796,0.11180627346038818,0.044157691299915314,0.0025597717612981796,0.11180627346038818,0.044157691299915314,0.0025597717612981796
R1190_95,C,95,0.11172638088464737,0.0829966589808464,-0.027175558730959892,0.11172638088464737,0.0829966589808464,-0.027175558730959892,0.11172638088464737,0.0829966589808464,-0.027175558730959892,0.11172638088464737,0.0829966589808464,-0.027175558730959892,0.11172638088464737,0.0829966589808464,-0.027175558730959892
R1190_96,G,96,0.10208084434270859,0.11679838597774506,-0.01021464541554451,0.10208084434270859,0.11679838597774506,-0.01021464541554451,0.10208084434270859,0.11679838597774506,-0.01021464541554451,0.10208084434270859,0.11679838597774506,-0.01021464541554451,0.10208084434270859,0.11679838597774506,-0.01021464541554451
R1190_97,G,97,0.09627002477645874,0.11591874808073044,-0.0068392083048820496,0.09627002477645874,0.11591874808073044,-0.0068392083048820496,0.09627002477645874,0.11591874808073044,-0.0068392083048820496,0.09627002477645874,0.11591874808073044,-0.0068392083048820496,0.09627002477645874,0.11591874808073044,-0.0068392083048820496
R1190_98,G,98,0.09597758203744888,0.09562351554632187,-0.002278156578540802,0.09597758203744888,0.09562351554632187,-0.002278156578540802,0.09597758203744888,0.09562351554632187,-0.002278156578540802,0.09597758203744888,0.09562351554632187,-0.002278156578540802,0.09597758203744888,0.09562351554632187,-0.002278156578540802
R1190_99,G,99,0.09089957922697067,0.07973474264144897,0.0012646224349737167,0.09089957922697067,0.07973474264144897,0.0012646224349737167,0.09089957922697067,0.07973474264144897,0.0012646224349737167,0.09089957922697067,0.07973474264144897,0.0012646224349737167,0.09089957922697067,0.07973474264144897,0.0012646224349737167
R1190_100,U,100,0.07724405080080032,0.08598000556230545,0.012094194069504738,0.07724405080080032,0.08598000556230545,0.012094194069504738,0.07724405080080032,0.08598000556230545,0.012094194069504738,0.07724405080080032,0.08598000556230545,0.012094194069504738,0.07724405080080032,0.08598000556230545,0.012094194069504738
R1190_101,A,101,0.05525820329785347,0.11170433461666107,0.005446374416351318,0.05525820329785347,0.11170433461666107,0.005446374416351318,0.05525820329785347,0.11170433461666107,0.005446374416351318,0.05525820329785347,0.11170433461666107,0.005446374416351318,0.05525820329785347,0.11170433461666107,0.005446374416351318
R1190_102,A,102,0.08057278394699097,0.13077403604984283,0.006353989243507385,0.08057278394699097,0.13077403604984283,0.006353989243507385,0.08057278394699097,0.13077403604984283,0.006353989243507385,0.08057278394699097,0.13077403604984283,0.006353989243507385,0.08057278394699097,0.13077403604984283,0.006353989243507385
R1190_103,U,103,0.08404258638620377,0.1326095163822174,0.003270912915468216,0.08404258638620377,0.1326095163822174,0.003270912915468216,0.08404258638620377,0.1326095163822174,0.003270912915468216,0.08404258638620377,0.1326095163822174,0.003270912915468216,0.08404258638620377,0.1326095163822174,0.003270912915468216
R1190_104,A,104,0.1308671087026596,0.09620696306228638,0.019247760996222496,0.1308671087026596,0.09620696306228638,0.019247760996222496,0.1308671087026596,0.09620696306228638,0.019247760996222496,0.1308671087026596,0.09620696306228638,0.019247760996222496,0.1308671087026596,0.09620696306228638,0.019247760996222496
R1190_105,C,105,0.122430719435215,0.06438112258911133,-0.001764228567481041,0.122430719435215,0.06438112258911133,-0.001764228567481041,0.122430719435215,0.06438112258911133,-0.001764228567481041,0.122430719435215,0.06438112258911133,-0.001764228567481041,0.122430719435215,0.06438112258911133,-0.001764228567481041
R1190_106,C,106,0.1135653406381607,0.052832819521427155,-0.005752239376306534,0.1135653406381607,0.052832819521427155,-0.005752239376306534,0.1135653406381607,0.052832819521427155,-0.005752239376306534,0.1135653406381607,0.052832819521427155,-0.005752239376306534,0.1135653406381607,0.052832819521427155,-0.005752239376306534
R1190_107,C,107,0.11120825260877609,0.0704648569226265,-0.008976252749562263,0.11120825260877609,0.0704648569226265,-0.008976252749562263,0.11120825260877609,0.0704648569226265,-0.008976252749562263,0.11120825260877609,0.0704648569226265,-0.008976252749562263,0.11120825260877609,0.0704648569226265,-0.008976252749562263
R1190_108,C,108,0.12003597617149353,0.1022033765912056,-0.016657527536153793,0.12003597617149353,0.1022033765912056,-0.016657527536153793,0.12003597617149353,0.1022033765912056,-0.016657527536153793,0.12003597617149353,0.1022033765912056,-0.016657527536153793,0.12003597617149353,0.1022033765912056,-0.016657527536153793
R1190_109,G,109,0.10815753787755966,0.1138441413640976,-0.02241634391248226,0.10815753787755966,0.1138441413640976,-0.02241634391248226,0.10815753787755966,0.1138441413640976,-0.02241634391248226,0.10815753787755966,0.1138441413640976,-0.02241634391248226,0.10815753787755966,0.1138441413640976,-0.02241634391248226
R1190_110,C,110,0.14028576016426086,0.053656645119190216,-0.026412243023514748,0.14028576016426086,0.053656645119190216,-0.026412243023514748,0.14028576016426086,0.053656645119190216,-0.026412243023514748,0.14028576016426086,0.053656645119190216,-0.026412243023514748,0.14028576016426086,0.053656645119190216,-0.026412243023514748
R1190_111,C,111,0.1307828575372696,0.014934721402823925,-0.014209424145519733,0.1307828575372696,0.014934721402823925,-0.014209424145519733,0.1307828575372696,0.014934721402823925,-0.014209424145519733,0.1307828575372696,0.014934721402823925,-0.014209424145519733,0.1307828575372696,0.014934721402823925,-0.014209424145519733
R1190_112,C,112,0.11423943191766739,0.010820962488651276,-0.006104223430156708,0.11423943191766739,0.010820962488651276,-0.006104223430156708,0.11423943191766739,0.010820962488651276,-0.006104223430156708,0.11423943191766739,0.010820962488651276,-0.006104223430156708,0.11423943191766739,0.010820962488651276,-0.006104223430156708
R1190_113,C,113,0.10385791957378387,0.022503463551402092,-0.00786125473678112,0.10385791957378387,0.022503463551402092,-0.00786125473678112,0.10385791957378387,0.022503463551402092,-0.00786125473678112,0.10385791957378387,0.022503463551402092,-0.00786125473678112,0.10385791957378387,0.022503463551402092,-0.00786125473678112
R1190_114,U,114,0.0849873274564743,0.08248990774154663,0.0025574378669261932,0.0849873274564743,0.08248990774154663,0.0025574378669261932,0.0849873274564743,0.08248990774154663,0.0025574378669261932,0.0849873274564743,0.08248990774154663,0.0025574378669261932,0.0849873274564743,0.08248990774154663,0.0025574378669261932
R1190_115,U,115,0.08587847650051117,0.09738845378160477,0.002949235960841179,0.08587847650051117,0.09738845378160477,0.002949235960841179,0.08587847650051117,0.09738845378160477,0.002949235960841179,0.08587847650051117,0.09738845378160477,0.002949235960841179,0.08587847650051117,0.09738845378160477,0.002949235960841179
R1190_116,U,116,0.08569201827049255,0.09364370256662369,0.0064755938947200775,0.08569201827049255,0.09364370256662369,0.0064755938947200775,0.08569201827049255,0.09364370256662369,0.0064755938947200775,0.08569201827049255,0.09364370256662369,0.0064755938947200775,0.08569201827049255,0.09364370256662369,0.0064755938947200775
R1190_117,U,117,0.08338699489831924,0.0787905603647232,0.010365737602114677,0.08338699489831924,0.0787905603647232,0.010365737602114677,0.08338699489831924,0.0787905603647232,0.010365737602114677,0.08338699489831924,0.0787905603647232,0.010365737602114677,0.08338699489831924,0.0787905603647232,0.010365737602114677
R1190_118,U,118,0.0780242308974266,0.06716953217983246,0.012494338676333427,0.0780242308974266,0.06716953217983246,0.012494338676333427,0.0780242308974266,0.06716953217983246,0.012494338676333427,0.0780242308974266,0.06716953217983246,0.012494338676333427,0.0780242308974266,0.06716953217983246,0.012494338676333427
